,GID,GAME_DATE,ATTENDANCE,GAME_TIME,SEASON
0,0020000001,"TUESDAY, OCTOBER 31, 2000",19763.0,2:22,2000-2001
1,0020000002,"TUESDAY, OCTOBER 31, 2000",14505.0,2:21,2000-2001
2,0020000003,"TUESDAY, OCTOBER 31, 2000",13349.0,2:18,2000-2001
3,0020000004,"TUESDAY, OCTOBER 31, 2000",18465.0,2:16,2000-2001
4,0020000005,"TUESDAY, OCTOBER 31, 2000",19800.0,2:14,2000-2001
5,0020000006,"TUESDAY, OCTOBER 31, 2000",21814.0,2:06,2000-2001
6,0020000007,"TUESDAY, OCTOBER 31, 2000",16600.0,2:18,2000-2001
7,0020000008,"TUESDAY, OCTOBER 31, 2000",11327.0,2:18,2000-2001
8,0020000009,"TUESDAY, OCTOBER 31, 2000",17450.0,2:13,2000-2001
9,0020000010,"TUESDAY, OCTOBER 31, 2000",17824.0,2:21,2000-2001
10,0020000011,"TUESDAY, OCTOBER 31, 2000",15460.0,2:22,2000-2001
11,0020000012,"TUESDAY, OCTOBER 31, 2000",20270.0,2:34,2000-2001
12,0020000013,"TUESDAY, OCTOBER 31, 2000",15779.0,2:20,2000-2001
13,0020000014,"WEDNESDAY, NOVEMBER 1, 2000",17725.0,2:21,2000-2001
14,0020000015,"WEDNESDAY, NOVEMBER 1, 2000",19817.0,2:15,2000-2001
15,0020000016,"WEDNESDAY, NOVEMBER 1, 2000",16500.0,2:26,2000-2001
16,0020000017,"WEDNESDAY, NOVEMBER 1, 2000",16043.0,2:13,2000-2001
17,0020000018,"WEDNESDAY, NOVEMBER 1, 2000",17695.0,2:48,2000-2001
18,0020000019,"WEDNESDAY, NOVEMBER 1, 2000",18997.0,2:25,2000-2001
19,0020000020,"WEDNESDAY, NOVEMBER 1, 2000",17072.0,2:16,2000-2001
20,0020000021,"THURSDAY, NOVEMBER 2, 2000",19763.0,2:05,2000-2001
21,0020000022,"THURSDAY, NOVEMBER 2, 2000",11750.0,2:14,2000-2001
22,0020000023,"THURSDAY, NOVEMBER 2, 2000",10687.0,2:16,2000-2001
23,0020000024,"THURSDAY, NOVEMBER 2, 2000",14193.0,2:37,2000-2001
24,0020000025,"THURSDAY, NOVEMBER 2, 2000",15790.0,2:20,2000-2001
25,0020000026,"THURSDAY, NOVEMBER 2, 2000",,2:15,2000-2001
26,0020000027,"THURSDAY, NOVEMBER 2, 2000",15546.0,2:22,2000-2001
27,0020000028,"FRIDAY, NOVEMBER 3, 2000",17464.0,2:13,2000-2001
28,0020000029,"FRIDAY, NOVEMBER 3, 2000",20674.0,2:15,2000-2001
29,0020000030,"FRIDAY, NOVEMBER 3, 2000",14233.0,2:32,2000-2001
30,0020000031,"FRIDAY, NOVEMBER 3, 2000",14016.0,2:16,2000-2001
31,0020000032,"FRIDAY, NOVEMBER 3, 2000",22076.0,2:12,2000-2001
32,0020000033,"FRIDAY, NOVEMBER 3, 2000",21908.0,2:08,2000-2001
33,0020000034,"SATURDAY, NOVEMBER 4, 2000",11522.0,2:14,2000-2001
34,0020000035,"SATURDAY, NOVEMBER 4, 2000",16029.0,2:17,2000-2001
35,0020000036,"SATURDAY, NOVEMBER 4, 2000",13833.0,2:22,2000-2001
36,0020000037,"SATURDAY, NOVEMBER 4, 2000",18726.0,2:23,2000-2001
37,0020000038,"SATURDAY, NOVEMBER 4, 2000",18392.0,2:27,2000-2001
38,0020000039,"SATURDAY, NOVEMBER 4, 2000",18345.0,2:13,2000-2001
39,0020000040,"SATURDAY, NOVEMBER 4, 2000",18717.0,2:12,2000-2001
40,0020000041,"SATURDAY, NOVEMBER 4, 2000",19006.0,2:04,2000-2001
41,0020000042,"SATURDAY, NOVEMBER 4, 2000",16500.0,2:21,2000-2001
42,0020000043,"SATURDAY, NOVEMBER 4, 2000",13312.0,2:20,2000-2001
43,0020000044,"SATURDAY, NOVEMBER 4, 2000",10797.0,2:08,2000-2001
44,0020000045,"SATURDAY, NOVEMBER 4, 2000",16121.0,2:15,2000-2001
45,0020000046,"SATURDAY, NOVEMBER 4, 2000",17072.0,2:22,2000-2001
46,0020000047,"SATURDAY, NOVEMBER 4, 2000",18183.0,2:20,2000-2001
47,0020000048,"SUNDAY, NOVEMBER 5, 2000",16735.0,2:18,2000-2001
48,0020000049,"SUNDAY, NOVEMBER 5, 2000",18997.0,2:27,2000-2001
49,0020000050,"MONDAY, NOVEMBER 6, 2000",12460.0,2:13,2000-2001
50,0020000051,"MONDAY, NOVEMBER 6, 2000",11190.0,2:14,2000-2001
51,0020000052,"MONDAY, NOVEMBER 6, 2000",19911.0,2:16,2000-2001
52,0020000053,"MONDAY, NOVEMBER 6, 2000",17317.0,2:05,2000-2001
53,0020000054,"MONDAY, NOVEMBER 6, 2000",11639.0,2:15,2000-2001
54,0020000055,"TUESDAY, NOVEMBER 7, 2000",17379.0,2:14,2000-2001
55,0020000056,"TUESDAY, NOVEMBER 7, 2000",21312.0,2:29,2000-2001
56,0020000057,"TUESDAY, NOVEMBER 7, 2000",,2:09,2000-2001
57,0020000058,"TUESDAY, NOVEMBER 7, 2000",14473.0,2:17,2000-2001
58,0020000059,"TUESDAY, NOVEMBER 7, 2000",16683.0,2:02,2000-2001
59,0020000060,"TUESDAY, NOVEMBER 7, 2000",19980.0,2:13,2000-2001
60,0020000061,"WEDNESDAY, NOVEMBER 8, 2000",19763.0,2:09,2000-2001
61,0020000062,"WEDNESDAY, NOVEMBER 8, 2000",15986.0,2:19,2000-2001
62,0020000063,"WEDNESDAY, NOVEMBER 8, 2000",11532.0,2:07,2000-2001
63,0020000064,"WEDNESDAY, NOVEMBER 8, 2000",12617.0,2:23,2000-2001
64,0020000065,"WEDNESDAY, NOVEMBER 8, 2000",15083.0,2:09,2000-2001
65,0020000066,"WEDNESDAY, NOVEMBER 8, 2000",17684.0,2:07,2000-2001
66,0020000067,"WEDNESDAY, NOVEMBER 8, 2000",11500.0,2:08,2000-2001
67,0020000068,"WEDNESDAY, NOVEMBER 8, 2000",26065.0,2:17,2000-2001
68,0020000069,"WEDNESDAY, NOVEMBER 8, 2000",10549.0,2:23,2000-2001
69,0020000070,"WEDNESDAY, NOVEMBER 8, 2000",10292.0,2:45,2000-2001
70,0020000071,"WEDNESDAY, NOVEMBER 8, 2000",17317.0,2:05,2000-2001
71,0020000072,"THURSDAY, NOVEMBER 9, 2000",10000.0,2:02,2000-2001
72,0020000073,"THURSDAY, NOVEMBER 9, 2000",17054.0,2:12,2000-2001
73,0020000074,"THURSDAY, NOVEMBER 9, 2000",21844.0,2:17,2000-2001
74,0020000075,"THURSDAY, NOVEMBER 9, 2000",16119.0,2:36,2000-2001
75,0020000076,"THURSDAY, NOVEMBER 9, 2000",10906.0,2:14,2000-2001
76,0020000077,"THURSDAY, NOVEMBER 9, 2000",16792.0,2:02,2000-2001
77,0020000078,"THURSDAY, NOVEMBER 9, 2000",19996.0,2:05,2000-2001
78,0020000079,"FRIDAY, NOVEMBER 10, 2000",18624.0,2:40,2000-2001
79,0020000080,"FRIDAY, NOVEMBER 10, 2000",19955.0,2:11,2000-2001
80,0020000081,"FRIDAY, NOVEMBER 10, 2000",19800.0,1:58,2000-2001
81,0020000082,"FRIDAY, NOVEMBER 10, 2000",17296.0,2:08,2000-2001
82,0020000083,"FRIDAY, NOVEMBER 10, 2000",19093.0,2:12,2000-2001
83,0020000084,"FRIDAY, NOVEMBER 10, 2000",10396.0,2:17,2000-2001
84,0020000085,"FRIDAY, NOVEMBER 10, 2000",17467.0,2:43,2000-2001
85,0020000086,"SATURDAY, NOVEMBER 11, 2000",19763.0,2:04,2000-2001
86,0020000087,"SATURDAY, NOVEMBER 11, 2000",14443.0,2:12,2000-2001
87,0020000088,"SATURDAY, NOVEMBER 11, 2000",19258.0,2:29,2000-2001
88,0020000089,"SATURDAY, NOVEMBER 11, 2000",17336.0,2:17,2000-2001
89,0020000090,"SATURDAY, NOVEMBER 11, 2000",18345.0,2:11,2000-2001
90,0020000091,"SATURDAY, NOVEMBER 11, 2000",22387.0,1:57,2000-2001
91,0020000092,"SATURDAY, NOVEMBER 11, 2000",18717.0,2:13,2000-2001
92,0020000093,"SATURDAY, NOVEMBER 11, 2000",18556.0,2:06,2000-2001
93,0020000094,"SATURDAY, NOVEMBER 11, 2000",18120.0,2:16,2000-2001
94,0020000095,"SATURDAY, NOVEMBER 11, 2000",19992.0,2:05,2000-2001
95,0020000096,"SUNDAY, NOVEMBER 12, 2000",14289.0,2:03,2000-2001
96,0020000097,"SUNDAY, NOVEMBER 12, 2000",10842.0,2:03,2000-2001
97,0020000098,"SUNDAY, NOVEMBER 12, 2000",18997.0,2:31,2000-2001
98,0020000099,"SUNDAY, NOVEMBER 12, 2000",13626.0,2:39,2000-2001
99,0020000100,"SUNDAY, NOVEMBER 12, 2000",17317.0,1:58,2000-2001
100,0020000101,"MONDAY, NOVEMBER 13, 2000",10704.0,2:05,2000-2001
101,0020000102,"MONDAY, NOVEMBER 13, 2000",9340.0,2:07,2000-2001
102,0020000103,"TUESDAY, NOVEMBER 14, 2000",14983.0,2:31,2000-2001
103,0020000104,"TUESDAY, NOVEMBER 14, 2000",12610.0,2:26,2000-2001
104,0020000105,"TUESDAY, NOVEMBER 14, 2000",13691.0,2:11,2000-2001
105,0020000106,"TUESDAY, NOVEMBER 14, 2000",11724.0,2:07,2000-2001
106,0020000107,"TUESDAY, NOVEMBER 14, 2000",18053.0,2:04,2000-2001
107,0020000108,"TUESDAY, NOVEMBER 14, 2000",18997.0,2:03,2000-2001
108,0020000109,"TUESDAY, NOVEMBER 14, 2000",17317.0,2:15,2000-2001
109,0020000110,"TUESDAY, NOVEMBER 14, 2000",17072.0,2:19,2000-2001
110,0020000111,"WEDNESDAY, NOVEMBER 15, 2000",13915.0,2:23,2000-2001
111,0020000112,"WEDNESDAY, NOVEMBER 15, 2000",13504.0,2:25,2000-2001
112,0020000113,"WEDNESDAY, NOVEMBER 15, 2000",16328.0,0:00,2000-2001
113,0020000114,"WEDNESDAY, NOVEMBER 15, 2000",14350.0,2:21,2000-2001
114,0020000115,"WEDNESDAY, NOVEMBER 15, 2000",13217.0,2:09,2000-2001
115,0020000116,"WEDNESDAY, NOVEMBER 15, 2000",16034.0,2:08,2000-2001
116,0020000117,"WEDNESDAY, NOVEMBER 15, 2000",16652.0,2:09,2000-2001
117,0020000118,"WEDNESDAY, NOVEMBER 15, 2000",12516.0,2:09,2000-2001
118,0020000119,"THURSDAY, NOVEMBER 16, 2000",19832.0,2:10,2000-2001
119,0020000120,"THURSDAY, NOVEMBER 16, 2000",19800.0,2:10,2000-2001
120,0020000121,"THURSDAY, NOVEMBER 16, 2000",11028.0,1:56,2000-2001
121,0020000122,"THURSDAY, NOVEMBER 16, 2000",10150.0,2:15,2000-2001
122,0020000123,"THURSDAY, NOVEMBER 16, 2000",18851.0,2:27,2000-2001
123,0020000124,"THURSDAY, NOVEMBER 16, 2000",17317.0,2:38,2000-2001
124,0020000125,"THURSDAY, NOVEMBER 16, 2000",12210.0,2:07,2000-2001
125,0020000126,"FRIDAY, NOVEMBER 17, 2000",13815.0,2:11,2000-2001
126,0020000127,"FRIDAY, NOVEMBER 17, 2000",20720.0,2:06,2000-2001
127,0020000128,"FRIDAY, NOVEMBER 17, 2000",14771.0,2:09,2000-2001
128,0020000129,"FRIDAY, NOVEMBER 17, 2000",17101.0,2:13,2000-2001
129,0020000130,"FRIDAY, NOVEMBER 17, 2000",13874.0,2:00,2000-2001
130,0020000131,"FRIDAY, NOVEMBER 17, 2000",17288.0,2:30,2000-2001
131,0020000132,"FRIDAY, NOVEMBER 17, 2000",18738.0,2:20,2000-2001
132,0020000133,"FRIDAY, NOVEMBER 17, 2000",,2:08,2000-2001
133,0020000134,"SATURDAY, NOVEMBER 18, 2000",12465.0,2:12,2000-2001
134,0020000135,"SATURDAY, NOVEMBER 18, 2000",19290.0,2:06,2000-2001
135,0020000136,"SATURDAY, NOVEMBER 18, 2000",16500.0,2:11,2000-2001
136,0020000137,"SATURDAY, NOVEMBER 18, 2000",13036.0,2:21,2000-2001
137,0020000138,"SATURDAY, NOVEMBER 18, 2000",19800.0,2:23,2000-2001
138,0020000139,"SATURDAY, NOVEMBER 18, 2000",12694.0,2:22,2000-2001
139,0020000140,"SATURDAY, NOVEMBER 18, 2000",,2:03,2000-2001
140,0020000141,"SATURDAY, NOVEMBER 18, 2000",17839.0,2:06,2000-2001
141,0020000142,"SATURDAY, NOVEMBER 18, 2000",12271.0,2:22,2000-2001
142,0020000143,"SATURDAY, NOVEMBER 18, 2000",13301.0,2:02,2000-2001
143,0020000144,"SUNDAY, NOVEMBER 19, 2000",19763.0,2:03,2000-2001
144,0020000145,"SUNDAY, NOVEMBER 19, 2000",14524.0,2:36,2000-2001
145,0020000146,"SUNDAY, NOVEMBER 19, 2000",13088.0,2:24,2000-2001
146,0020000147,"SUNDAY, NOVEMBER 19, 2000",18997.0,2:07,2000-2001
147,0020000148,"MONDAY, NOVEMBER 20, 2000",15209.0,2:18,2000-2001
148,0020000149,"MONDAY, NOVEMBER 20, 2000",17767.0,2:01,2000-2001
149,0020000150,"MONDAY, NOVEMBER 20, 2000",18869.0,2:10,2000-2001
150,0020000151,"MONDAY, NOVEMBER 20, 2000",9803.0,2:09,2000-2001
151,0020000152,"MONDAY, NOVEMBER 20, 2000",11809.0,2:12,2000-2001
152,0020000153,"TUESDAY, NOVEMBER 21, 2000",14113.0,2:13,2000-2001
153,0020000154,"TUESDAY, NOVEMBER 21, 2000",14673.0,2:32,2000-2001
154,0020000155,"TUESDAY, NOVEMBER 21, 2000",12683.0,2:01,2000-2001
155,0020000156,"TUESDAY, NOVEMBER 21, 2000",16611.0,1:57,2000-2001
156,0020000157,"TUESDAY, NOVEMBER 21, 2000",15100.0,2:15,2000-2001
157,0020000158,"TUESDAY, NOVEMBER 21, 2000",11263.0,2:07,2000-2001
158,0020000159,"WEDNESDAY, NOVEMBER 22, 2000",13003.0,2:07,2000-2001
159,0020000160,"WEDNESDAY, NOVEMBER 22, 2000",14755.0,2:01,2000-2001
160,0020000161,"WEDNESDAY, NOVEMBER 22, 2000",15306.0,2:13,2000-2001
161,0020000162,"WEDNESDAY, NOVEMBER 22, 2000",12007.0,2:13,2000-2001
162,0020000163,"WEDNESDAY, NOVEMBER 22, 2000",15008.0,2:07,2000-2001
163,0020000164,"WEDNESDAY, NOVEMBER 22, 2000",16783.0,2:07,2000-2001
164,0020000165,"WEDNESDAY, NOVEMBER 22, 2000",22828.0,2:04,2000-2001
165,0020000166,"WEDNESDAY, NOVEMBER 22, 2000",18664.0,2:09,2000-2001
166,0020000167,"WEDNESDAY, NOVEMBER 22, 2000",17239.0,2:01,2000-2001
167,0020000168,"WEDNESDAY, NOVEMBER 22, 2000",18208.0,2:06,2000-2001
168,0020000169,"WEDNESDAY, NOVEMBER 22, 2000",17317.0,2:09,2000-2001
169,0020000170,"THURSDAY, NOVEMBER 23, 2000",18345.0,2:19,2000-2001
170,0020000171,"FRIDAY, NOVEMBER 24, 2000",16696.0,2:38,2000-2001
171,0020000172,"FRIDAY, NOVEMBER 24, 2000",17601.0,2:11,2000-2001
172,0020000173,"FRIDAY, NOVEMBER 24, 2000",20562.0,2:14,2000-2001
173,0020000174,"FRIDAY, NOVEMBER 24, 2000",14709.0,2:17,2000-2001
174,0020000175,"FRIDAY, NOVEMBER 24, 2000",18345.0,2:09,2000-2001
175,0020000176,"FRIDAY, NOVEMBER 24, 2000",15102.0,2:00,2000-2001
176,0020000177,"FRIDAY, NOVEMBER 24, 2000",13300.0,2:03,2000-2001
177,0020000178,"FRIDAY, NOVEMBER 24, 2000",18915.0,2:10,2000-2001
178,0020000179,"FRIDAY, NOVEMBER 24, 2000",18684.0,2:06,2000-2001
179,0020000180,"FRIDAY, NOVEMBER 24, 2000",18997.0,2:13,2000-2001
180,0020000181,"FRIDAY, NOVEMBER 24, 2000",13282.0,2:03,2000-2001
181,0020000182,"SATURDAY, NOVEMBER 25, 2000",19763.0,2:14,2000-2001
182,0020000183,"SATURDAY, NOVEMBER 25, 2000",13157.0,2:22,2000-2001
183,0020000184,"SATURDAY, NOVEMBER 25, 2000",13043.0,2:17,2000-2001
184,0020000185,"SATURDAY, NOVEMBER 25, 2000",15721.0,1:24,2000-2001
185,0020000186,"SATURDAY, NOVEMBER 25, 2000",13791.0,2:11,2000-2001
186,0020000187,"SATURDAY, NOVEMBER 25, 2000",16234.0,2:05,2000-2001
187,0020000188,"SATURDAY, NOVEMBER 25, 2000",33046.0,2:09,2000-2001
188,0020000189,"SATURDAY, NOVEMBER 25, 2000",13510.0,2:28,2000-2001
189,0020000190,"SATURDAY, NOVEMBER 25, 2000",14268.0,2:17,2000-2001
190,0020000191,"SATURDAY, NOVEMBER 25, 2000",17317.0,2:05,2000-2001
191,0020000192,"SATURDAY, NOVEMBER 25, 2000",20478.0,2:12,2000-2001
192,0020000193,"SUNDAY, NOVEMBER 26, 2000",11551.0,2:27,2000-2001
193,0020000194,"SUNDAY, NOVEMBER 26, 2000",19800.0,2:13,2000-2001
194,0020000195,"SUNDAY, NOVEMBER 26, 2000",12943.0,2:05,2000-2001
195,0020000196,"MONDAY, NOVEMBER 27, 2000",19763.0,2:06,2000-2001
196,0020000197,"MONDAY, NOVEMBER 27, 2000",12841.0,2:21,2000-2001
197,0020000198,"MONDAY, NOVEMBER 27, 2000",20039.0,2:11,2000-2001
198,0020000199,"TUESDAY, NOVEMBER 28, 2000",12204.0,2:06,2000-2001
199,0020000200,"TUESDAY, NOVEMBER 28, 2000",11583.0,2:12,2000-2001
200,0020000201,"TUESDAY, NOVEMBER 28, 2000",14863.0,2:15,2000-2001
201,0020000202,"TUESDAY, NOVEMBER 28, 2000",14879.0,2:02,2000-2001
202,0020000203,"TUESDAY, NOVEMBER 28, 2000",22204.0,1:59,2000-2001
203,0020000204,"TUESDAY, NOVEMBER 28, 2000",16016.0,2:17,2000-2001
204,0020000205,"TUESDAY, NOVEMBER 28, 2000",11813.0,1:60,2000-2001
205,0020000206,"TUESDAY, NOVEMBER 28, 2000",18997.0,2:20,2000-2001
206,0020000207,"TUESDAY, NOVEMBER 28, 2000",19980.0,2:09,2000-2001
207,0020000208,"WEDNESDAY, NOVEMBER 29, 2000",19763.0,2:31,2000-2001
208,0020000209,"WEDNESDAY, NOVEMBER 29, 2000",16263.0,2:19,2000-2001
209,0020000210,"WEDNESDAY, NOVEMBER 29, 2000",13645.0,2:22,2000-2001
210,0020000211,"WEDNESDAY, NOVEMBER 29, 2000",12255.0,2:00,2000-2001
211,0020000212,"WEDNESDAY, NOVEMBER 29, 2000",11497.0,2:08,2000-2001
212,0020000213,"WEDNESDAY, NOVEMBER 29, 2000",15227.0,2:05,2000-2001
213,0020000214,"WEDNESDAY, NOVEMBER 29, 2000",17341.0,2:10,2000-2001
214,0020000215,"WEDNESDAY, NOVEMBER 29, 2000",10130.0,2:12,2000-2001
215,0020000216,"WEDNESDAY, NOVEMBER 29, 2000",12314.0,3:03,2000-2001
216,0020000217,"THURSDAY, NOVEMBER 30, 2000",,2:13,2000-2001
217,0020000218,"THURSDAY, NOVEMBER 30, 2000",13247.0,2:04,2000-2001
218,0020000219,"THURSDAY, NOVEMBER 30, 2000",13684.0,2:36,2000-2001
219,0020000220,"THURSDAY, NOVEMBER 30, 2000",13149.0,2:18,2000-2001
220,0020000221,"THURSDAY, NOVEMBER 30, 2000",19980.0,2:05,2000-2001
221,0020000222,"THURSDAY, NOVEMBER 30, 2000",17072.0,2:13,2000-2001
222,0020000223,"FRIDAY, DECEMBER 1, 2000",14630.0,2:14,2000-2001
223,0020000224,"FRIDAY, DECEMBER 1, 2000",18377.0,2:12,2000-2001
224,0020000225,"FRIDAY, DECEMBER 1, 2000",13827.0,2:19,2000-2001
225,0020000226,"FRIDAY, DECEMBER 1, 2000",15632.0,2:21,2000-2001
226,0020000227,"FRIDAY, DECEMBER 1, 2000",18470.0,2:38,2000-2001
227,0020000228,"FRIDAY, DECEMBER 1, 2000",15323.0,2:14,2000-2001
228,0020000229,"FRIDAY, DECEMBER 1, 2000",22099.0,2:22,2000-2001
229,0020000230,"FRIDAY, DECEMBER 1, 2000",18997.0,2:16,2000-2001
230,0020000231,"FRIDAY, DECEMBER 1, 2000",17317.0,2:01,2000-2001
231,0020000232,"FRIDAY, DECEMBER 1, 2000",11758.0,2:16,2000-2001
232,0020000233,"SATURDAY, DECEMBER 2, 2000",19763.0,2:10,2000-2001
233,0020000234,"SATURDAY, DECEMBER 2, 2000",14897.0,1:60,2000-2001
234,0020000235,"SATURDAY, DECEMBER 2, 2000",20674.0,2:12,2000-2001
235,0020000236,"SATURDAY, DECEMBER 2, 2000",13360.0,2:15,2000-2001
236,0020000237,"SATURDAY, DECEMBER 2, 2000",9827.0,2:22,2000-2001
237,0020000238,"SATURDAY, DECEMBER 2, 2000",20562.0,2:11,2000-2001
238,0020000239,"SATURDAY, DECEMBER 2, 2000",12648.0,2:12,2000-2001
239,0020000240,"SATURDAY, DECEMBER 2, 2000",14234.0,2:00,2000-2001
240,0020000241,"SATURDAY, DECEMBER 2, 2000",12187.0,2:04,2000-2001
241,0020000242,"SUNDAY, DECEMBER 3, 2000",13583.0,2:18,2000-2001
242,0020000243,"SUNDAY, DECEMBER 3, 2000",12137.0,2:15,2000-2001
243,0020000244,"SUNDAY, DECEMBER 3, 2000",15446.0,2:16,2000-2001
244,0020000245,"SUNDAY, DECEMBER 3, 2000",17621.0,2:14,2000-2001
245,0020000246,"SUNDAY, DECEMBER 3, 2000",18997.0,2:23,2000-2001
246,0020000247,"SUNDAY, DECEMBER 3, 2000",11669.0,2:08,2000-2001
247,0020000248,"SUNDAY, DECEMBER 3, 2000",11655.0,2:03,2000-2001
248,0020000249,"MONDAY, DECEMBER 4, 2000",19763.0,2:08,2000-2001
249,0020000250,"MONDAY, DECEMBER 4, 2000",15129.0,2:27,2000-2001
250,0020000251,"TUESDAY, DECEMBER 5, 2000",13324.0,2:29,2000-2001
251,0020000252,"TUESDAY, DECEMBER 5, 2000",10691.0,2:08,2000-2001
252,0020000253,"TUESDAY, DECEMBER 5, 2000",14544.0,2:00,2000-2001
253,0020000254,"TUESDAY, DECEMBER 5, 2000",16731.0,2:08,2000-2001
254,0020000255,"TUESDAY, DECEMBER 5, 2000",16170.0,2:08,2000-2001
255,0020000256,"TUESDAY, DECEMBER 5, 2000",11426.0,2:19,2000-2001
256,0020000257,"TUESDAY, DECEMBER 5, 2000",19288.0,2:04,2000-2001
257,0020000258,"TUESDAY, DECEMBER 5, 2000",18997.0,2:21,2000-2001
258,0020000259,"TUESDAY, DECEMBER 5, 2000",17317.0,2:19,2000-2001
259,0020000260,"TUESDAY, DECEMBER 5, 2000",12578.0,2:04,2000-2001
260,0020000261,"WEDNESDAY, DECEMBER 6, 2000",11420.0,2:04,2000-2001
261,0020000262,"WEDNESDAY, DECEMBER 6, 2000",11602.0,2:07,2000-2001
262,0020000263,"WEDNESDAY, DECEMBER 6, 2000",14463.0,1:60,2000-2001
263,0020000264,"WEDNESDAY, DECEMBER 6, 2000",11877.0,2:09,2000-2001
264,0020000265,"WEDNESDAY, DECEMBER 6, 2000",21395.0,2:31,2000-2001
265,0020000266,"WEDNESDAY, DECEMBER 6, 2000",14551.0,2:04,2000-2001
266,0020000267,"WEDNESDAY, DECEMBER 6, 2000",19273.0,2:42,2000-2001
267,0020000268,"WEDNESDAY, DECEMBER 6, 2000",19980.0,2:07,2000-2001
268,0020000269,"WEDNESDAY, DECEMBER 6, 2000",14795.0,2:11,2000-2001
269,0020000270,"THURSDAY, DECEMBER 7, 2000",13123.0,2:15,2000-2001
270,0020000271,"THURSDAY, DECEMBER 7, 2000",14236.0,2:02,2000-2001
271,0020000272,"THURSDAY, DECEMBER 7, 2000",16018.0,1:58,2000-2001
272,0020000273,"THURSDAY, DECEMBER 7, 2000",18370.0,2:24,2000-2001
273,0020000274,"THURSDAY, DECEMBER 7, 2000",17958.0,2:10,2000-2001
274,0020000275,"FRIDAY, DECEMBER 8, 2000",14834.0,2:07,2000-2001
275,0020000276,"FRIDAY, DECEMBER 8, 2000",12543.0,2:11,2000-2001
276,0020000277,"FRIDAY, DECEMBER 8, 2000",15031.0,2:13,2000-2001
277,0020000278,"FRIDAY, DECEMBER 8, 2000",12086.0,2:03,2000-2001
278,0020000279,"FRIDAY, DECEMBER 8, 2000",16600.0,2:03,2000-2001
279,0020000280,"FRIDAY, DECEMBER 8, 2000",18997.0,2:12,2000-2001
280,0020000281,"FRIDAY, DECEMBER 8, 2000",18316.0,2:14,2000-2001
281,0020000282,"FRIDAY, DECEMBER 8, 2000",17317.0,2:13,2000-2001
282,0020000283,"FRIDAY, DECEMBER 8, 2000",20113.0,2:07,2000-2001
283,0020000284,"SATURDAY, DECEMBER 9, 2000",19763.0,2:10,2000-2001
284,0020000285,"SATURDAY, DECEMBER 9, 2000",15766.0,2:08,2000-2001
285,0020000286,"SATURDAY, DECEMBER 9, 2000",18345.0,2:31,2000-2001
286,0020000287,"SATURDAY, DECEMBER 9, 2000",15768.0,2:14,2000-2001
287,0020000288,"SATURDAY, DECEMBER 9, 2000",16143.0,2:07,2000-2001
288,0020000289,"SATURDAY, DECEMBER 9, 2000",19447.0,2:04,2000-2001
289,0020000290,"SATURDAY, DECEMBER 9, 2000",18777.0,2:15,2000-2001
290,0020000291,"SATURDAY, DECEMBER 9, 2000",19980.0,2:20,2000-2001
291,0020000292,"SATURDAY, DECEMBER 9, 2000",15730.0,2:19,2000-2001
292,0020000293,"SATURDAY, DECEMBER 9, 2000",15671.0,2:19,2000-2001
293,0020000294,"SUNDAY, DECEMBER 10, 2000",11812.0,2:36,2000-2001
294,0020000295,"SUNDAY, DECEMBER 10, 2000",10654.0,2:04,2000-2001
295,0020000296,"SUNDAY, DECEMBER 10, 2000",19800.0,2:18,2000-2001
296,0020000297,"SUNDAY, DECEMBER 10, 2000",18997.0,2:01,2000-2001
297,0020000298,"SUNDAY, DECEMBER 10, 2000",17317.0,2:12,2000-2001
298,0020000299,"MONDAY, DECEMBER 11, 2000",18707.0,2:28,2000-2001
299,0020000300,"MONDAY, DECEMBER 11, 2000",20962.0,2:07,2000-2001
300,0020000301,"MONDAY, DECEMBER 11, 2000",19911.0,2:20,2000-2001
301,0020000302,"MONDAY, DECEMBER 11, 2000",9135.0,2:03,2000-2001
302,0020000303,"MONDAY, DECEMBER 11, 2000",12145.0,2:03,2000-2001
303,0020000304,"TUESDAY, DECEMBER 12, 2000",11649.0,2:08,2000-2001
304,0020000305,"TUESDAY, DECEMBER 12, 2000",18113.0,2:25,2000-2001
305,0020000306,"TUESDAY, DECEMBER 12, 2000",18221.0,2:13,2000-2001
306,0020000307,"TUESDAY, DECEMBER 12, 2000",12577.0,2:15,2000-2001
307,0020000308,"TUESDAY, DECEMBER 12, 2000",12894.0,2:07,2000-2001
308,0020000309,"TUESDAY, DECEMBER 12, 2000",18997.0,2:18,2000-2001
309,0020000310,"TUESDAY, DECEMBER 12, 2000",13461.0,2:12,2000-2001
310,0020000311,"TUESDAY, DECEMBER 12, 2000",17072.0,2:24,2000-2001
311,0020000312,"WEDNESDAY, DECEMBER 13, 2000",13529.0,2:16,2000-2001
312,0020000313,"WEDNESDAY, DECEMBER 13, 2000",14923.0,2:19,2000-2001
313,0020000314,"WEDNESDAY, DECEMBER 13, 2000",12806.0,1:59,2000-2001
314,0020000315,"WEDNESDAY, DECEMBER 13, 2000",11252.0,2:09,2000-2001
315,0020000316,"WEDNESDAY, DECEMBER 13, 2000",16740.0,2:16,2000-2001
316,0020000317,"WEDNESDAY, DECEMBER 13, 2000",18450.0,2:17,2000-2001
317,0020000318,"WEDNESDAY, DECEMBER 13, 2000",17333.0,2:22,2000-2001
318,0020000319,"WEDNESDAY, DECEMBER 13, 2000",16468.0,2:36,2000-2001
319,0020000320,"WEDNESDAY, DECEMBER 13, 2000",20491.0,2:27,2000-2001
320,0020000321,"WEDNESDAY, DECEMBER 13, 2000",15102.0,2:12,2000-2001
321,0020000322,"THURSDAY, DECEMBER 14, 2000",19800.0,2:16,2000-2001
322,0020000323,"THURSDAY, DECEMBER 14, 2000",15248.0,2:14,2000-2001
323,0020000324,"THURSDAY, DECEMBER 14, 2000",10417.0,2:15,2000-2001
324,0020000325,"FRIDAY, DECEMBER 15, 2000",15486.0,2:00,2000-2001
325,0020000326,"FRIDAY, DECEMBER 15, 2000",19763.0,2:01,2000-2001
326,0020000327,"FRIDAY, DECEMBER 15, 2000",18563.0,2:04,2000-2001
327,0020000328,"FRIDAY, DECEMBER 15, 2000",13908.0,2:08,2000-2001
328,0020000329,"FRIDAY, DECEMBER 15, 2000",13744.0,2:13,2000-2001
329,0020000330,"FRIDAY, DECEMBER 15, 2000",16966.0,2:25,2000-2001
330,0020000331,"FRIDAY, DECEMBER 15, 2000",20455.0,2:15,2000-2001
331,0020000332,"FRIDAY, DECEMBER 15, 2000",16432.0,2:08,2000-2001
332,0020000333,"FRIDAY, DECEMBER 15, 2000",16689.0,2:11,2000-2001
333,0020000334,"FRIDAY, DECEMBER 15, 2000",18211.0,2:02,2000-2001
334,0020000335,"FRIDAY, DECEMBER 15, 2000",20209.0,2:18,2000-2001
335,0020000336,"FRIDAY, DECEMBER 15, 2000",17072.0,2:06,2000-2001
336,0020000337,"SATURDAY, DECEMBER 16, 2000",13040.0,2:06,2000-2001
337,0020000338,"SATURDAY, DECEMBER 16, 2000",11225.0,2:08,2000-2001
338,0020000339,"SATURDAY, DECEMBER 16, 2000",18571.0,2:09,2000-2001
339,0020000340,"SATURDAY, DECEMBER 16, 2000",22110.0,2:11,2000-2001
340,0020000341,"SATURDAY, DECEMBER 16, 2000",17249.0,2:42,2000-2001
341,0020000342,"SATURDAY, DECEMBER 16, 2000",11907.0,2:03,2000-2001
342,0020000343,"SATURDAY, DECEMBER 16, 2000",30555.0,2:18,2000-2001
343,0020000344,"SATURDAY, DECEMBER 16, 2000",16411.0,2:15,2000-2001
344,0020000345,"SUNDAY, DECEMBER 17, 2000",19763.0,2:38,2000-2001
345,0020000346,"SUNDAY, DECEMBER 17, 2000",13011.0,2:03,2000-2001
346,0020000347,"SUNDAY, DECEMBER 17, 2000",19800.0,2:41,2000-2001
347,0020000348,"SUNDAY, DECEMBER 17, 2000",11389.0,2:18,2000-2001
348,0020000349,"SUNDAY, DECEMBER 17, 2000",12862.0,2:13,2000-2001
349,0020000350,"SUNDAY, DECEMBER 17, 2000",13729.0,2:16,2000-2001
350,0020000351,"MONDAY, DECEMBER 18, 2000",11327.0,2:09,2000-2001
351,0020000352,"TUESDAY, DECEMBER 19, 2000",19600.0,2:16,2000-2001
352,0020000353,"TUESDAY, DECEMBER 19, 2000",13621.0,2:08,2000-2001
353,0020000354,"TUESDAY, DECEMBER 19, 2000",18896.0,2:02,2000-2001
354,0020000355,"TUESDAY, DECEMBER 19, 2000",21454.0,2:27,2000-2001
355,0020000356,"TUESDAY, DECEMBER 19, 2000",12937.0,2:08,2000-2001
356,0020000357,"TUESDAY, DECEMBER 19, 2000",16951.0,2:12,2000-2001
357,0020000358,"TUESDAY, DECEMBER 19, 2000",13367.0,2:06,2000-2001
358,0020000359,"TUESDAY, DECEMBER 19, 2000",17317.0,2:03,2000-2001
359,0020000360,"WEDNESDAY, DECEMBER 20, 2000",12319.0,2:20,2000-2001
360,0020000361,"WEDNESDAY, DECEMBER 20, 2000",19428.0,2:34,2000-2001
361,0020000362,"WEDNESDAY, DECEMBER 20, 2000",13176.0,2:12,2000-2001
362,0020000363,"WEDNESDAY, DECEMBER 20, 2000",18345.0,2:39,2000-2001
363,0020000364,"WEDNESDAY, DECEMBER 20, 2000",17750.0,2:18,2000-2001
364,0020000365,"WEDNESDAY, DECEMBER 20, 2000",17336.0,2:01,2000-2001
365,0020000366,"WEDNESDAY, DECEMBER 20, 2000",16100.0,2:02,2000-2001
366,0020000367,"WEDNESDAY, DECEMBER 20, 2000",15636.0,2:32,2000-2001
367,0020000368,"WEDNESDAY, DECEMBER 20, 2000",17072.0,2:06,2000-2001
368,0020000369,"WEDNESDAY, DECEMBER 20, 2000",11510.0,2:15,2000-2001
369,0020000370,"THURSDAY, DECEMBER 21, 2000",19763.0,2:33,2000-2001
370,0020000371,"THURSDAY, DECEMBER 21, 2000",,2:13,2000-2001
371,0020000372,"THURSDAY, DECEMBER 21, 2000",13439.0,2:17,2000-2001
372,0020000373,"THURSDAY, DECEMBER 21, 2000",16285.0,2:21,2000-2001
373,0020000374,"FRIDAY, DECEMBER 22, 2000",20670.0,2:15,2000-2001
374,0020000375,"FRIDAY, DECEMBER 22, 2000",15854.0,2:23,2000-2001
375,0020000376,"FRIDAY, DECEMBER 22, 2000",18962.0,2:01,2000-2001
376,0020000377,"FRIDAY, DECEMBER 22, 2000",18345.0,2:11,2000-2001
377,0020000378,"FRIDAY, DECEMBER 22, 2000",16327.0,2:04,2000-2001
378,0020000379,"FRIDAY, DECEMBER 22, 2000",18201.0,2:26,2000-2001
379,0020000380,"FRIDAY, DECEMBER 22, 2000",16481.0,2:07,2000-2001
380,0020000381,"FRIDAY, DECEMBER 22, 2000",16622.0,2:02,2000-2001
381,0020000382,"FRIDAY, DECEMBER 22, 2000",12705.0,2:15,2000-2001
382,0020000383,"FRIDAY, DECEMBER 22, 2000",14656.0,2:14,2000-2001
383,0020000384,"SATURDAY, DECEMBER 23, 2000",13542.0,2:10,2000-2001
384,0020000385,"SATURDAY, DECEMBER 23, 2000",14160.0,2:15,2000-2001
385,0020000386,"SATURDAY, DECEMBER 23, 2000",15079.0,2:26,2000-2001
386,0020000387,"SATURDAY, DECEMBER 23, 2000",15249.0,2:06,2000-2001
387,0020000388,"SATURDAY, DECEMBER 23, 2000",13896.0,2:14,2000-2001
388,0020000389,"SATURDAY, DECEMBER 23, 2000",14786.0,2:20,2000-2001
389,0020000390,"SATURDAY, DECEMBER 23, 2000",16789.0,2:18,2000-2001
390,0020000391,"SATURDAY, DECEMBER 23, 2000",12534.0,2:05,2000-2001
391,0020000392,"SATURDAY, DECEMBER 23, 2000",18626.0,2:08,2000-2001
392,0020000393,"SATURDAY, DECEMBER 23, 2000",12001.0,2:08,2000-2001
393,0020000394,"SATURDAY, DECEMBER 23, 2000",17317.0,2:09,2000-2001
394,0020000395,"SATURDAY, DECEMBER 23, 2000",20136.0,2:05,2000-2001
395,0020000396,"MONDAY, DECEMBER 25, 2000",18345.0,2:29,2000-2001
396,0020000397,"MONDAY, DECEMBER 25, 2000",18997.0,2:45,2000-2001
397,0020000398,"TUESDAY, DECEMBER 26, 2000",11709.0,2:16,2000-2001
398,0020000399,"TUESDAY, DECEMBER 26, 2000",14442.0,2:30,2000-2001
399,0020000400,"TUESDAY, DECEMBER 26, 2000",14568.0,2:21,2000-2001
400,0020000401,"TUESDAY, DECEMBER 26, 2000",16089.0,2:08,2000-2001
401,0020000402,"TUESDAY, DECEMBER 26, 2000",16828.0,2:17,2000-2001
402,0020000403,"TUESDAY, DECEMBER 26, 2000",,2:08,2000-2001
403,0020000404,"TUESDAY, DECEMBER 26, 2000",21343.0,2:11,2000-2001
404,0020000405,"TUESDAY, DECEMBER 26, 2000",14226.0,2:07,2000-2001
405,0020000406,"TUESDAY, DECEMBER 26, 2000",19911.0,2:10,2000-2001
406,0020000407,"TUESDAY, DECEMBER 26, 2000",16110.0,2:25,2000-2001
407,0020000408,"WEDNESDAY, DECEMBER 27, 2000",20674.0,2:22,2000-2001
408,0020000409,"WEDNESDAY, DECEMBER 27, 2000",16500.0,2:22,2000-2001
409,0020000410,"WEDNESDAY, DECEMBER 27, 2000",13975.0,2:00,2000-2001
410,0020000411,"WEDNESDAY, DECEMBER 27, 2000",18726.0,2:05,2000-2001
411,0020000412,"THURSDAY, DECEMBER 28, 2000",13207.0,2:22,2000-2001
412,0020000413,"THURSDAY, DECEMBER 28, 2000",16018.0,2:19,2000-2001
413,0020000414,"THURSDAY, DECEMBER 28, 2000",18225.0,2:08,2000-2001
414,0020000415,"THURSDAY, DECEMBER 28, 2000",21793.0,2:14,2000-2001
415,0020000416,"THURSDAY, DECEMBER 28, 2000",16801.0,2:11,2000-2001
416,0020000417,"THURSDAY, DECEMBER 28, 2000",14260.0,2:07,2000-2001
417,0020000418,"THURSDAY, DECEMBER 28, 2000",17700.0,2:03,2000-2001
418,0020000419,"THURSDAY, DECEMBER 28, 2000",19911.0,2:51,2000-2001
419,0020000420,"THURSDAY, DECEMBER 28, 2000",19023.0,2:10,2000-2001
420,0020000421,"THURSDAY, DECEMBER 28, 2000",17317.0,2:08,2000-2001
421,0020000422,"FRIDAY, DECEMBER 29, 2000",,2:04,2000-2001
422,0020000423,"FRIDAY, DECEMBER 29, 2000",16025.0,2:12,2000-2001
423,0020000424,"FRIDAY, DECEMBER 29, 2000",11686.0,2:08,2000-2001
424,0020000425,"FRIDAY, DECEMBER 29, 2000",16478.0,2:03,2000-2001
425,0020000426,"FRIDAY, DECEMBER 29, 2000",20309.0,1:53,2000-2001
426,0020000427,"SATURDAY, DECEMBER 30, 2000",16633.0,2:15,2000-2001
427,0020000428,"SATURDAY, DECEMBER 30, 2000",15789.0,2:25,2000-2001
428,0020000429,"SATURDAY, DECEMBER 30, 2000",18345.0,2:17,2000-2001
429,0020000430,"SATURDAY, DECEMBER 30, 2000",18322.0,2:12,2000-2001
430,0020000431,"SATURDAY, DECEMBER 30, 2000",18187.0,2:24,2000-2001
431,0020000432,"SATURDAY, DECEMBER 30, 2000",15330.0,2:29,2000-2001
432,0020000433,"SATURDAY, DECEMBER 30, 2000",19023.0,2:31,2000-2001
433,0020000434,"SATURDAY, DECEMBER 30, 2000",20327.0,2:33,2000-2001
434,0020000435,"SATURDAY, DECEMBER 30, 2000",17317.0,2:26,2000-2001
435,0020000436,"SATURDAY, DECEMBER 30, 2000",15832.0,2:14,2000-2001
436,0020000437,"SATURDAY, DECEMBER 30, 2000",14485.0,2:19,2000-2001
437,0020000438,"SUNDAY, DECEMBER 31, 2000",13132.0,2:23,2000-2001
438,0020000439,"SUNDAY, DECEMBER 31, 2000",20362.0,2:14,2000-2001
439,0020000440,"MONDAY, JANUARY 1, 2001",14779.0,2:14,2000-2001
440,0020000441,"MONDAY, JANUARY 1, 2001",19980.0,2:04,2000-2001
441,0020000442,"TUESDAY, JANUARY 2, 2001",11712.0,2:13,2000-2001
442,0020000443,"TUESDAY, JANUARY 2, 2001",14442.0,2:13,2000-2001
443,0020000444,"TUESDAY, JANUARY 2, 2001",,2:14,2000-2001
444,0020000445,"TUESDAY, JANUARY 2, 2001",14032.0,2:12,2000-2001
445,0020000446,"TUESDAY, JANUARY 2, 2001",20569.0,1:56,2000-2001
446,0020000447,"TUESDAY, JANUARY 2, 2001",18412.0,2:04,2000-2001
447,0020000448,"TUESDAY, JANUARY 2, 2001",18037.0,2:14,2000-2001
448,0020000449,"TUESDAY, JANUARY 2, 2001",17317.0,2:31,2000-2001
449,0020000450,"TUESDAY, JANUARY 2, 2001",17072.0,2:18,2000-2001
450,0020000451,"WEDNESDAY, JANUARY 3, 2001",15715.0,2:14,2000-2001
451,0020000452,"WEDNESDAY, JANUARY 3, 2001",17643.0,1:57,2000-2001
452,0020000453,"WEDNESDAY, JANUARY 3, 2001",13817.0,2:09,2000-2001
453,0020000454,"WEDNESDAY, JANUARY 3, 2001",12789.0,2:18,2000-2001
454,0020000455,"WEDNESDAY, JANUARY 3, 2001",16592.0,2:10,2000-2001
455,0020000456,"WEDNESDAY, JANUARY 3, 2001",18997.0,2:11,2000-2001
456,0020000457,"WEDNESDAY, JANUARY 3, 2001",12163.0,2:02,2000-2001
457,0020000458,"WEDNESDAY, JANUARY 3, 2001",20011.0,2:10,2000-2001
458,0020000459,"WEDNESDAY, JANUARY 3, 2001",11873.0,2:11,2000-2001
459,0020000460,"THURSDAY, JANUARY 4, 2001",19763.0,2:49,2000-2001
460,0020000461,"THURSDAY, JANUARY 4, 2001",16013.0,2:12,2000-2001
461,0020000462,"THURSDAY, JANUARY 4, 2001",21488.0,2:14,2000-2001
462,0020000463,"THURSDAY, JANUARY 4, 2001",16045.0,2:04,2000-2001
463,0020000464,"THURSDAY, JANUARY 4, 2001",11646.0,2:06,2000-2001
464,0020000465,"FRIDAY, JANUARY 5, 2001",12699.0,2:05,2000-2001
465,0020000466,"FRIDAY, JANUARY 5, 2001",20240.0,2:03,2000-2001
466,0020000467,"FRIDAY, JANUARY 5, 2001",19800.0,2:11,2000-2001
467,0020000468,"FRIDAY, JANUARY 5, 2001",15205.0,2:08,2000-2001
468,0020000469,"FRIDAY, JANUARY 5, 2001",18359.0,2:09,2000-2001
469,0020000470,"FRIDAY, JANUARY 5, 2001",12484.0,2:14,2000-2001
470,0020000471,"FRIDAY, JANUARY 5, 2001",17317.0,2:42,2000-2001
471,0020000472,"FRIDAY, JANUARY 5, 2001",20580.0,2:22,2000-2001
472,0020000473,"SATURDAY, JANUARY 6, 2001",11789.0,2:20,2000-2001
473,0020000474,"SATURDAY, JANUARY 6, 2001",12741.0,2:05,2000-2001
474,0020000475,"SATURDAY, JANUARY 6, 2001",16122.0,1:58,2000-2001
475,0020000476,"SATURDAY, JANUARY 6, 2001",13542.0,2:23,2000-2001
476,0020000477,"SATURDAY, JANUARY 6, 2001",20562.0,2:17,2000-2001
477,0020000478,"SATURDAY, JANUARY 6, 2001",13821.0,2:20,2000-2001
478,0020000479,"SATURDAY, JANUARY 6, 2001",20333.0,2:07,2000-2001
479,0020000480,"SUNDAY, JANUARY 7, 2001",19763.0,0:00,2000-2001
480,0020000481,"SUNDAY, JANUARY 7, 2001",19800.0,2:05,2000-2001
481,0020000482,"SUNDAY, JANUARY 7, 2001",13111.0,2:03,2000-2001
482,0020000483,"SUNDAY, JANUARY 7, 2001",17531.0,2:03,2000-2001
483,0020000484,"SUNDAY, JANUARY 7, 2001",18997.0,2:19,2000-2001
484,0020000485,"SUNDAY, JANUARY 7, 2001",11771.0,2:12,2000-2001
485,0020000486,"MONDAY, JANUARY 8, 2001",14561.0,2:14,2000-2001
486,0020000487,"MONDAY, JANUARY 8, 2001",15725.0,2:05,2000-2001
487,0020000488,"MONDAY, JANUARY 8, 2001",12332.0,2:11,2000-2001
488,0020000489,"MONDAY, JANUARY 8, 2001",21344.0,2:01,2000-2001
489,0020000490,"MONDAY, JANUARY 8, 2001",11964.0,2:14,2000-2001
490,0020000491,"MONDAY, JANUARY 8, 2001",17317.0,2:08,2000-2001
491,0020000492,"TUESDAY, JANUARY 9, 2001",13340.0,2:06,2000-2001
492,0020000493,"TUESDAY, JANUARY 9, 2001",14320.0,2:24,2000-2001
493,0020000494,"TUESDAY, JANUARY 9, 2001",17439.0,3:07,2000-2001
494,0020000495,"TUESDAY, JANUARY 9, 2001",10477.0,2:07,2000-2001
495,0020000496,"TUESDAY, JANUARY 9, 2001",19106.0,2:03,2000-2001
496,0020000497,"TUESDAY, JANUARY 9, 2001",13397.0,2:05,2000-2001
497,0020000498,"TUESDAY, JANUARY 9, 2001",19230.0,2:25,2000-2001
498,0020000499,"TUESDAY, JANUARY 9, 2001",12417.0,2:08,2000-2001
499,0020000500,"WEDNESDAY, JANUARY 10, 2001",12758.0,2:19,2000-2001
500,0020000501,"WEDNESDAY, JANUARY 10, 2001",20645.0,2:11,2000-2001
501,0020000502,"WEDNESDAY, JANUARY 10, 2001",11591.0,2:10,2000-2001
502,0020000503,"WEDNESDAY, JANUARY 10, 2001",17249.0,2:07,2000-2001
503,0020000504,"WEDNESDAY, JANUARY 10, 2001",16274.0,1:59,2000-2001
504,0020000505,"WEDNESDAY, JANUARY 10, 2001",11251.0,2:11,2000-2001
505,0020000506,"WEDNESDAY, JANUARY 10, 2001",17317.0,2:05,2000-2001
506,0020000507,"THURSDAY, JANUARY 11, 2001",19763.0,2:17,2000-2001
507,0020000508,"THURSDAY, JANUARY 11, 2001",11361.0,2:11,2000-2001
508,0020000509,"THURSDAY, JANUARY 11, 2001",16928.0,2:04,2000-2001
509,0020000510,"THURSDAY, JANUARY 11, 2001",13600.0,2:08,2000-2001
510,0020000511,"THURSDAY, JANUARY 11, 2001",15675.0,2:06,2000-2001
511,0020000512,"THURSDAY, JANUARY 11, 2001",17714.0,2:21,2000-2001
512,0020000513,"FRIDAY, JANUARY 12, 2001",17775.0,2:08,2000-2001
513,0020000514,"FRIDAY, JANUARY 12, 2001",20674.0,2:10,2000-2001
514,0020000515,"FRIDAY, JANUARY 12, 2001",14576.0,2:08,2000-2001
515,0020000516,"FRIDAY, JANUARY 12, 2001",21112.0,2:12,2000-2001
516,0020000517,"FRIDAY, JANUARY 12, 2001",16837.0,2:10,2000-2001
517,0020000518,"FRIDAY, JANUARY 12, 2001",17512.0,1:55,2000-2001
518,0020000519,"FRIDAY, JANUARY 12, 2001",18997.0,2:23,2000-2001
519,0020000520,"FRIDAY, JANUARY 12, 2001",13196.0,2:02,2000-2001
520,0020000521,"SATURDAY, JANUARY 13, 2001",19763.0,2:29,2000-2001
521,0020000522,"SATURDAY, JANUARY 13, 2001",20607.0,2:03,2000-2001
522,0020000523,"SATURDAY, JANUARY 13, 2001",14046.0,2:12,2000-2001
523,0020000524,"SATURDAY, JANUARY 13, 2001",19445.0,2:22,2000-2001
524,0020000525,"SATURDAY, JANUARY 13, 2001",18345.0,2:12,2000-2001
525,0020000526,"SATURDAY, JANUARY 13, 2001",18717.0,1:59,2000-2001
526,0020000527,"SATURDAY, JANUARY 13, 2001",18187.0,2:17,2000-2001
527,0020000528,"SATURDAY, JANUARY 13, 2001",14552.0,2:16,2000-2001
528,0020000529,"SATURDAY, JANUARY 13, 2001",19911.0,2:23,2000-2001
529,0020000530,"SATURDAY, JANUARY 13, 2001",12540.0,2:15,2000-2001
530,0020000531,"SUNDAY, JANUARY 14, 2001",16014.0,2:06,2000-2001
531,0020000532,"SUNDAY, JANUARY 14, 2001",19800.0,2:03,2000-2001
532,0020000533,"SUNDAY, JANUARY 14, 2001",16798.0,2:13,2000-2001
533,0020000534,"SUNDAY, JANUARY 14, 2001",18631.0,2:10,2000-2001
534,0020000535,"MONDAY, JANUARY 15, 2001",19763.0,2:10,2000-2001
535,0020000536,"MONDAY, JANUARY 15, 2001",20188.0,2:10,2000-2001
536,0020000537,"MONDAY, JANUARY 15, 2001",15633.0,2:16,2000-2001
537,0020000538,"MONDAY, JANUARY 15, 2001",14261.0,2:20,2000-2001
538,0020000539,"MONDAY, JANUARY 15, 2001",12687.0,2:08,2000-2001
539,0020000540,"MONDAY, JANUARY 15, 2001",17497.0,2:13,2000-2001
540,0020000541,"MONDAY, JANUARY 15, 2001",17228.0,2:28,2000-2001
541,0020000542,"MONDAY, JANUARY 15, 2001",18187.0,2:05,2000-2001
542,0020000543,"MONDAY, JANUARY 15, 2001",13247.0,2:01,2000-2001
543,0020000544,"MONDAY, JANUARY 15, 2001",19911.0,2:30,2000-2001
544,0020000545,"MONDAY, JANUARY 15, 2001",18318.0,2:37,2000-2001
545,0020000546,"MONDAY, JANUARY 15, 2001",15289.0,2:14,2000-2001
546,0020000547,"TUESDAY, JANUARY 16, 2001",16011.0,2:12,2000-2001
547,0020000548,"TUESDAY, JANUARY 16, 2001",15267.0,1:56,2000-2001
548,0020000549,"TUESDAY, JANUARY 16, 2001",13195.0,2:16,2000-2001
549,0020000550,"TUESDAY, JANUARY 16, 2001",19980.0,2:08,2000-2001
550,0020000551,"WEDNESDAY, JANUARY 17, 2001",10075.0,2:11,2000-2001
551,0020000552,"WEDNESDAY, JANUARY 17, 2001",18674.0,2:09,2000-2001
552,0020000553,"WEDNESDAY, JANUARY 17, 2001",14134.0,2:08,2000-2001
553,0020000554,"WEDNESDAY, JANUARY 17, 2001",17044.0,2:04,2000-2001
554,0020000555,"WEDNESDAY, JANUARY 17, 2001",12117.0,2:10,2000-2001
555,0020000556,"WEDNESDAY, JANUARY 17, 2001",18590.0,2:20,2000-2001
556,0020000557,"WEDNESDAY, JANUARY 17, 2001",17317.0,2:05,2000-2001
557,0020000558,"WEDNESDAY, JANUARY 17, 2001",17072.0,2:20,2000-2001
558,0020000559,"THURSDAY, JANUARY 18, 2001",17411.0,2:09,2000-2001
559,0020000560,"THURSDAY, JANUARY 18, 2001",22092.0,2:13,2000-2001
560,0020000561,"THURSDAY, JANUARY 18, 2001",13355.0,2:40,2000-2001
561,0020000562,"THURSDAY, JANUARY 18, 2001",12019.0,2:14,2000-2001
562,0020000563,"THURSDAY, JANUARY 18, 2001",12087.0,2:08,2000-2001
563,0020000564,"THURSDAY, JANUARY 18, 2001",20267.0,2:16,2000-2001
564,0020000565,"FRIDAY, JANUARY 19, 2001",20249.0,2:06,2000-2001
565,0020000566,"FRIDAY, JANUARY 19, 2001",16436.0,2:00,2000-2001
566,0020000567,"FRIDAY, JANUARY 19, 2001",19800.0,2:05,2000-2001
567,0020000568,"FRIDAY, JANUARY 19, 2001",16728.0,2:21,2000-2001
568,0020000569,"FRIDAY, JANUARY 19, 2001",17058.0,2:10,2000-2001
569,0020000570,"FRIDAY, JANUARY 19, 2001",17438.0,2:12,2000-2001
570,0020000571,"FRIDAY, JANUARY 19, 2001",18997.0,2:12,2000-2001
571,0020000572,"FRIDAY, JANUARY 19, 2001",15515.0,2:15,2000-2001
572,0020000573,"FRIDAY, JANUARY 19, 2001",14281.0,2:06,2000-2001
573,0020000574,"SATURDAY, JANUARY 20, 2001",13691.0,2:01,2000-2001
574,0020000575,"SATURDAY, JANUARY 20, 2001",18187.0,2:01,2000-2001
575,0020000576,"SATURDAY, JANUARY 20, 2001",31888.0,2:47,2000-2001
576,0020000577,"SATURDAY, JANUARY 20, 2001",20580.0,2:18,2000-2001
577,0020000578,"SUNDAY, JANUARY 21, 2001",19763.0,2:18,2000-2001
578,0020000579,"SUNDAY, JANUARY 21, 2001",20583.0,2:26,2000-2001
579,0020000580,"SUNDAY, JANUARY 21, 2001",12921.0,2:11,2000-2001
580,0020000581,"SUNDAY, JANUARY 21, 2001",13357.0,2:06,2000-2001
581,0020000582,"SUNDAY, JANUARY 21, 2001",18991.0,2:32,2000-2001
582,0020000583,"SUNDAY, JANUARY 21, 2001",18997.0,2:34,2000-2001
583,0020000584,"SUNDAY, JANUARY 21, 2001",14309.0,2:22,2000-2001
584,0020000585,"SUNDAY, JANUARY 21, 2001",17072.0,2:21,2000-2001
585,0020000586,"SUNDAY, JANUARY 21, 2001",13108.0,2:02,2000-2001
586,0020000587,"MONDAY, JANUARY 22, 2001",16388.0,1:59,2000-2001
587,0020000588,"TUESDAY, JANUARY 23, 2001",12927.0,2:11,2000-2001
588,0020000589,"TUESDAY, JANUARY 23, 2001",11579.0,2:16,2000-2001
589,0020000590,"TUESDAY, JANUARY 23, 2001",16131.0,3:04,2000-2001
590,0020000591,"TUESDAY, JANUARY 23, 2001",21467.0,2:19,2000-2001
591,0020000592,"TUESDAY, JANUARY 23, 2001",18717.0,2:06,2000-2001
592,0020000593,"TUESDAY, JANUARY 23, 2001",19677.0,2:06,2000-2001
593,0020000594,"TUESDAY, JANUARY 23, 2001",18187.0,2:09,2000-2001
594,0020000595,"TUESDAY, JANUARY 23, 2001",14764.0,2:10,2000-2001
595,0020000596,"TUESDAY, JANUARY 23, 2001",12674.0,2:15,2000-2001
596,0020000597,"TUESDAY, JANUARY 23, 2001",19037.0,2:06,2000-2001
597,0020000598,"TUESDAY, JANUARY 23, 2001",17317.0,2:04,2000-2001
598,0020000599,"TUESDAY, JANUARY 23, 2001",17072.0,2:29,2000-2001
599,0020000600,"WEDNESDAY, JANUARY 24, 2001",16500.0,2:09,2000-2001
600,0020000601,"WEDNESDAY, JANUARY 24, 2001",14469.0,2:21,2000-2001
601,0020000602,"WEDNESDAY, JANUARY 24, 2001",15503.0,2:09,2000-2001
602,0020000603,"WEDNESDAY, JANUARY 24, 2001",13113.0,2:09,2000-2001
603,0020000604,"WEDNESDAY, JANUARY 24, 2001",14051.0,2:38,2000-2001
604,0020000605,"WEDNESDAY, JANUARY 24, 2001",13174.0,2:35,2000-2001
605,0020000606,"WEDNESDAY, JANUARY 24, 2001",12008.0,2:07,2000-2001
606,0020000607,"THURSDAY, JANUARY 25, 2001",18345.0,2:22,2000-2001
607,0020000608,"THURSDAY, JANUARY 25, 2001",17345.0,2:13,2000-2001
608,0020000609,"THURSDAY, JANUARY 25, 2001",12690.0,2:06,2000-2001
609,0020000610,"THURSDAY, JANUARY 25, 2001",18993.0,2:16,2000-2001
610,0020000611,"THURSDAY, JANUARY 25, 2001",17317.0,2:17,2000-2001
611,0020000612,"FRIDAY, JANUARY 26, 2001",18203.0,2:06,2000-2001
612,0020000613,"FRIDAY, JANUARY 26, 2001",18609.0,2:10,2000-2001
613,0020000614,"FRIDAY, JANUARY 26, 2001",16428.0,2:06,2000-2001
614,0020000615,"FRIDAY, JANUARY 26, 2001",12316.0,2:07,2000-2001
615,0020000616,"FRIDAY, JANUARY 26, 2001",18997.0,2:17,2000-2001
616,0020000617,"FRIDAY, JANUARY 26, 2001",17723.0,2:00,2000-2001
617,0020000618,"SATURDAY, JANUARY 27, 2001",19212.0,2:14,2000-2001
618,0020000619,"SATURDAY, JANUARY 27, 2001",16286.0,2:16,2000-2001
619,0020000620,"SATURDAY, JANUARY 27, 2001",16759.0,2:06,2000-2001
620,0020000621,"SATURDAY, JANUARY 27, 2001",20562.0,2:09,2000-2001
621,0020000622,"SATURDAY, JANUARY 27, 2001",22497.0,2:04,2000-2001
622,0020000623,"SATURDAY, JANUARY 27, 2001",18717.0,2:24,2000-2001
623,0020000624,"SATURDAY, JANUARY 27, 2001",19367.0,2:11,2000-2001
624,0020000625,"SATURDAY, JANUARY 27, 2001",19099.0,2:12,2000-2001
625,0020000626,"SATURDAY, JANUARY 27, 2001",19911.0,2:27,2000-2001
626,0020000627,"SATURDAY, JANUARY 27, 2001",19341.0,1:53,2000-2001
627,0020000628,"SATURDAY, JANUARY 27, 2001",15124.0,2:13,2000-2001
628,0020000629,"SUNDAY, JANUARY 28, 2001",19763.0,2:17,2000-2001
629,0020000630,"SUNDAY, JANUARY 28, 2001",18345.0,2:27,2000-2001
630,0020000631,"MONDAY, JANUARY 29, 2001",13537.0,2:17,2000-2001
631,0020000632,"MONDAY, JANUARY 29, 2001",12721.0,2:13,2000-2001
632,0020000633,"MONDAY, JANUARY 29, 2001",11434.0,2:06,2000-2001
633,0020000634,"MONDAY, JANUARY 29, 2001",17171.0,2:10,2000-2001
634,0020000635,"MONDAY, JANUARY 29, 2001",18066.0,2:14,2000-2001
635,0020000636,"MONDAY, JANUARY 29, 2001",14721.0,2:04,2000-2001
636,0020000637,"MONDAY, JANUARY 29, 2001",11713.0,2:13,2000-2001
637,0020000638,"MONDAY, JANUARY 29, 2001",15475.0,2:18,2000-2001
638,0020000639,"TUESDAY, JANUARY 30, 2001",14019.0,2:11,2000-2001
639,0020000640,"TUESDAY, JANUARY 30, 2001",19800.0,2:17,2000-2001
640,0020000641,"TUESDAY, JANUARY 30, 2001",20053.0,2:18,2000-2001
641,0020000642,"TUESDAY, JANUARY 30, 2001",11754.0,2:07,2000-2001
642,0020000643,"TUESDAY, JANUARY 30, 2001",17317.0,1:57,2000-2001
643,0020000644,"TUESDAY, JANUARY 30, 2001",19980.0,1:58,2000-2001
644,0020000645,"TUESDAY, JANUARY 30, 2001",17072.0,2:14,2000-2001
645,0020000646,"WEDNESDAY, JANUARY 31, 2001",10279.0,2:16,2000-2001
646,0020000647,"WEDNESDAY, JANUARY 31, 2001",13352.0,2:16,2000-2001
647,0020000648,"WEDNESDAY, JANUARY 31, 2001",12799.0,2:06,2000-2001
648,0020000649,"WEDNESDAY, JANUARY 31, 2001",16701.0,2:36,2000-2001
649,0020000650,"WEDNESDAY, JANUARY 31, 2001",15786.0,2:11,2000-2001
650,0020000651,"WEDNESDAY, JANUARY 31, 2001",19006.0,2:17,2000-2001
651,0020000652,"WEDNESDAY, JANUARY 31, 2001",13738.0,1:59,2000-2001
652,0020000653,"WEDNESDAY, JANUARY 31, 2001",16502.0,2:14,2000-2001
653,0020000654,"THURSDAY, FEBRUARY 1, 2001",19763.0,2:18,2000-2001
654,0020000655,"THURSDAY, FEBRUARY 1, 2001",13904.0,2:11,2000-2001
655,0020000656,"THURSDAY, FEBRUARY 1, 2001",14497.0,2:13,2000-2001
656,0020000657,"THURSDAY, FEBRUARY 1, 2001",11124.0,2:03,2000-2001
657,0020000658,"THURSDAY, FEBRUARY 1, 2001",18855.0,2:05,2000-2001
658,0020000659,"THURSDAY, FEBRUARY 1, 2001",19980.0,2:15,2000-2001
659,0020000660,"THURSDAY, FEBRUARY 1, 2001",15797.0,2:10,2000-2001
660,0020000661,"FRIDAY, FEBRUARY 2, 2001",20049.0,2:06,2000-2001
661,0020000662,"FRIDAY, FEBRUARY 2, 2001",20645.0,2:47,2000-2001
662,0020000663,"FRIDAY, FEBRUARY 2, 2001",19061.0,2:06,2000-2001
663,0020000664,"FRIDAY, FEBRUARY 2, 2001",15340.0,2:11,2000-2001
664,0020000665,"FRIDAY, FEBRUARY 2, 2001",16701.0,2:12,2000-2001
665,0020000666,"FRIDAY, FEBRUARY 2, 2001",18710.0,2:12,2000-2001
666,0020000667,"FRIDAY, FEBRUARY 2, 2001",17317.0,2:09,2000-2001
667,0020000668,"SATURDAY, FEBRUARY 3, 2001",13429.0,2:07,2000-2001
668,0020000669,"SATURDAY, FEBRUARY 3, 2001",14769.0,2:18,2000-2001
669,0020000670,"SATURDAY, FEBRUARY 3, 2001",19800.0,2:05,2000-2001
670,0020000671,"SATURDAY, FEBRUARY 3, 2001",19635.0,2:27,2000-2001
671,0020000672,"SATURDAY, FEBRUARY 3, 2001",17517.0,2:01,2000-2001
672,0020000673,"SATURDAY, FEBRUARY 3, 2001",18187.0,2:07,2000-2001
673,0020000674,"SATURDAY, FEBRUARY 3, 2001",24870.0,2:09,2000-2001
674,0020000675,"SATURDAY, FEBRUARY 3, 2001",19911.0,2:12,2000-2001
675,0020000676,"SATURDAY, FEBRUARY 3, 2001",19077.0,2:16,2000-2001
676,0020000677,"SATURDAY, FEBRUARY 3, 2001",16845.0,2:06,2000-2001
677,0020000678,"SUNDAY, FEBRUARY 4, 2001",14638.0,2:00,2000-2001
678,0020000679,"SUNDAY, FEBRUARY 4, 2001",17764.0,2:15,2000-2001
679,0020000680,"SUNDAY, FEBRUARY 4, 2001",20058.0,3:07,2000-2001
680,0020000681,"SUNDAY, FEBRUARY 4, 2001",17065.0,2:11,2000-2001
681,0020000682,"SUNDAY, FEBRUARY 4, 2001",18997.0,2:22,2000-2001
682,0020000683,"MONDAY, FEBRUARY 5, 2001",18726.0,2:01,2000-2001
683,0020000684,"MONDAY, FEBRUARY 5, 2001",10771.0,2:04,2000-2001
684,0020000685,"MONDAY, FEBRUARY 5, 2001",18521.0,2:10,2000-2001
685,0020000686,"MONDAY, FEBRUARY 5, 2001",12632.0,2:06,2000-2001
686,0020000687,"MONDAY, FEBRUARY 5, 2001",13889.0,2:04,2000-2001
687,0020000688,"MONDAY, FEBRUARY 5, 2001",11144.0,2:06,2000-2001
688,0020000689,"MONDAY, FEBRUARY 5, 2001",15082.0,2:08,2000-2001
689,0020000690,"TUESDAY, FEBRUARY 6, 2001",12339.0,2:19,2000-2001
690,0020000691,"TUESDAY, FEBRUARY 6, 2001",16500.0,2:06,2000-2001
691,0020000692,"TUESDAY, FEBRUARY 6, 2001",13867.0,2:03,2000-2001
692,0020000693,"TUESDAY, FEBRUARY 6, 2001",11378.0,2:01,2000-2001
693,0020000694,"TUESDAY, FEBRUARY 6, 2001",17329.0,2:33,2000-2001
694,0020000695,"TUESDAY, FEBRUARY 6, 2001",17197.0,2:01,2000-2001
695,0020000696,"WEDNESDAY, FEBRUARY 7, 2001",13493.0,2:15,2000-2001
696,0020000697,"WEDNESDAY, FEBRUARY 7, 2001",19763.0,2:50,2000-2001
697,0020000698,"WEDNESDAY, FEBRUARY 7, 2001",17661.0,2:05,2000-2001
698,0020000699,"WEDNESDAY, FEBRUARY 7, 2001",13548.0,2:16,2000-2001
699,0020000700,"WEDNESDAY, FEBRUARY 7, 2001",13324.0,2:02,2000-2001
700,0020000701,"WEDNESDAY, FEBRUARY 7, 2001",18274.0,2:07,2000-2001
701,0020000702,"WEDNESDAY, FEBRUARY 7, 2001",18997.0,2:18,2000-2001
702,0020000703,"WEDNESDAY, FEBRUARY 7, 2001",13447.0,2:13,2000-2001
703,0020000704,"WEDNESDAY, FEBRUARY 7, 2001",20510.0,2:01,2000-2001
704,0020000705,"WEDNESDAY, FEBRUARY 7, 2001",13240.0,2:14,2000-2001
705,0020000706,"THURSDAY, FEBRUARY 8, 2001",12740.0,2:21,2000-2001
706,0020000707,"THURSDAY, FEBRUARY 8, 2001",12484.0,2:03,2000-2001
707,0020000708,"THURSDAY, FEBRUARY 8, 2001",18041.0,2:15,2000-2001
708,0020000709,"THURSDAY, FEBRUARY 8, 2001",12678.0,2:11,2000-2001
709,0020000710,"TUESDAY, FEBRUARY 13, 2001",20049.0,2:41,2000-2001
710,0020000711,"TUESDAY, FEBRUARY 13, 2001",16500.0,2:38,2000-2001
711,0020000712,"TUESDAY, FEBRUARY 13, 2001",15079.0,2:10,2000-2001
712,0020000713,"TUESDAY, FEBRUARY 13, 2001",16824.0,1:56,2000-2001
713,0020000714,"TUESDAY, FEBRUARY 13, 2001",21356.0,2:09,2000-2001
714,0020000715,"TUESDAY, FEBRUARY 13, 2001",18717.0,2:27,2000-2001
715,0020000716,"TUESDAY, FEBRUARY 13, 2001",11384.0,2:11,2000-2001
716,0020000717,"TUESDAY, FEBRUARY 13, 2001",17705.0,2:12,2000-2001
717,0020000718,"TUESDAY, FEBRUARY 13, 2001",16813.0,2:05,2000-2001
718,0020000719,"TUESDAY, FEBRUARY 13, 2001",19485.0,2:46,2000-2001
719,0020000720,"TUESDAY, FEBRUARY 13, 2001",13414.0,1:58,2000-2001
720,0020000721,"TUESDAY, FEBRUARY 13, 2001",19987.0,2:13,2000-2001
721,0020000722,"TUESDAY, FEBRUARY 13, 2001",11735.0,2:19,2000-2001
722,0020000723,"WEDNESDAY, FEBRUARY 14, 2001",21005.0,2:20,2000-2001
723,0020000724,"WEDNESDAY, FEBRUARY 14, 2001",13437.0,2:10,2000-2001
724,0020000725,"WEDNESDAY, FEBRUARY 14, 2001",11653.0,2:09,2000-2001
725,0020000726,"WEDNESDAY, FEBRUARY 14, 2001",11387.0,2:01,2000-2001
726,0020000727,"WEDNESDAY, FEBRUARY 14, 2001",19548.0,2:26,2000-2001
727,0020000728,"WEDNESDAY, FEBRUARY 14, 2001",17747.0,2:09,2000-2001
728,0020000729,"THURSDAY, FEBRUARY 15, 2001",19800.0,2:32,2000-2001
729,0020000730,"THURSDAY, FEBRUARY 15, 2001",18345.0,2:12,2000-2001
730,0020000731,"THURSDAY, FEBRUARY 15, 2001",14265.0,2:12,2000-2001
731,0020000732,"THURSDAY, FEBRUARY 15, 2001",14613.0,1:60,2000-2001
732,0020000733,"THURSDAY, FEBRUARY 15, 2001",20471.0,1:54,2000-2001
733,0020000734,"THURSDAY, FEBRUARY 15, 2001",15387.0,2:13,2000-2001
734,0020000735,"THURSDAY, FEBRUARY 15, 2001",10612.0,2:11,2000-2001
735,0020000736,"FRIDAY, FEBRUARY 16, 2001",19763.0,2:09,2000-2001
736,0020000737,"FRIDAY, FEBRUARY 16, 2001",20592.0,2:12,2000-2001
737,0020000738,"FRIDAY, FEBRUARY 16, 2001",15465.0,2:15,2000-2001
738,0020000739,"FRIDAY, FEBRUARY 16, 2001",19925.0,2:24,2000-2001
739,0020000740,"FRIDAY, FEBRUARY 16, 2001",18881.0,2:14,2000-2001
740,0020000741,"FRIDAY, FEBRUARY 16, 2001",13173.0,2:03,2000-2001
741,0020000742,"FRIDAY, FEBRUARY 16, 2001",17317.0,1:59,2000-2001
742,0020000743,"SATURDAY, FEBRUARY 17, 2001",21876.0,2:09,2000-2001
743,0020000744,"SATURDAY, FEBRUARY 17, 2001",18717.0,1:57,2000-2001
744,0020000745,"SATURDAY, FEBRUARY 17, 2001",18187.0,2:16,2000-2001
745,0020000746,"SATURDAY, FEBRUARY 17, 2001",12706.0,2:06,2000-2001
746,0020000747,"SATURDAY, FEBRUARY 17, 2001",20580.0,2:15,2000-2001
747,0020000748,"SATURDAY, FEBRUARY 17, 2001",16126.0,2:17,2000-2001
748,0020000749,"SUNDAY, FEBRUARY 18, 2001",14623.0,2:35,2000-2001
749,0020000750,"SUNDAY, FEBRUARY 18, 2001",20781.0,2:30,2000-2001
750,0020000751,"SUNDAY, FEBRUARY 18, 2001",17248.0,2:17,2000-2001
751,0020000752,"SUNDAY, FEBRUARY 18, 2001",19800.0,2:08,2000-2001
752,0020000753,"SUNDAY, FEBRUARY 18, 2001",18345.0,2:36,2000-2001
753,0020000754,"SUNDAY, FEBRUARY 18, 2001",18693.0,2:10,2000-2001
754,0020000755,"SUNDAY, FEBRUARY 18, 2001",15961.0,2:09,2000-2001
755,0020000756,"SUNDAY, FEBRUARY 18, 2001",12341.0,2:08,2000-2001
756,0020000757,"SUNDAY, FEBRUARY 18, 2001",17317.0,2:29,2000-2001
757,0020000758,"MONDAY, FEBRUARY 19, 2001",14614.0,2:11,2000-2001
758,0020000759,"MONDAY, FEBRUARY 19, 2001",11858.0,2:40,2000-2001
759,0020000760,"MONDAY, FEBRUARY 19, 2001",16487.0,2:04,2000-2001
760,0020000761,"MONDAY, FEBRUARY 19, 2001",19448.0,2:26,2000-2001
761,0020000762,"TUESDAY, FEBRUARY 20, 2001",19763.0,2:21,2000-2001
762,0020000763,"TUESDAY, FEBRUARY 20, 2001",12240.0,2:13,2000-2001
763,0020000764,"TUESDAY, FEBRUARY 20, 2001",13968.0,2:30,2000-2001
764,0020000765,"TUESDAY, FEBRUARY 20, 2001",18119.0,2:12,2000-2001
765,0020000766,"TUESDAY, FEBRUARY 20, 2001",21558.0,2:14,2000-2001
766,0020000767,"TUESDAY, FEBRUARY 20, 2001",18287.0,2:23,2000-2001
767,0020000768,"TUESDAY, FEBRUARY 20, 2001",11617.0,2:13,2000-2001
768,0020000769,"TUESDAY, FEBRUARY 20, 2001",17317.0,1:59,2000-2001
769,0020000770,"TUESDAY, FEBRUARY 20, 2001",19980.0,2:10,2000-2001
770,0020000771,"WEDNESDAY, FEBRUARY 21, 2001",15475.0,2:12,2000-2001
771,0020000772,"WEDNESDAY, FEBRUARY 21, 2001",17944.0,2:23,2000-2001
772,0020000773,"WEDNESDAY, FEBRUARY 21, 2001",16500.0,2:02,2000-2001
773,0020000774,"WEDNESDAY, FEBRUARY 21, 2001",11231.0,2:10,2000-2001
774,0020000775,"WEDNESDAY, FEBRUARY 21, 2001",15129.0,2:18,2000-2001
775,0020000776,"WEDNESDAY, FEBRUARY 21, 2001",16541.0,2:09,2000-2001
776,0020000777,"WEDNESDAY, FEBRUARY 21, 2001",29849.0,2:18,2000-2001
777,0020000778,"WEDNESDAY, FEBRUARY 21, 2001",13040.0,2:07,2000-2001
778,0020000779,"THURSDAY, FEBRUARY 22, 2001",19911.0,2:16,2000-2001
779,0020000780,"THURSDAY, FEBRUARY 22, 2001",15237.0,2:02,2000-2001
780,0020000781,"THURSDAY, FEBRUARY 22, 2001",21959.0,2:04,2000-2001
781,0020000782,"THURSDAY, FEBRUARY 22, 2001",17470.0,2:13,2000-2001
782,0020000783,"THURSDAY, FEBRUARY 22, 2001",20312.0,2:17,2000-2001
783,0020000784,"FRIDAY, FEBRUARY 23, 2001",19763.0,2:23,2000-2001
784,0020000785,"FRIDAY, FEBRUARY 23, 2001",19800.0,2:53,2000-2001
785,0020000786,"FRIDAY, FEBRUARY 23, 2001",19360.0,2:06,2000-2001
786,0020000787,"FRIDAY, FEBRUARY 23, 2001",22076.0,2:02,2000-2001
787,0020000788,"FRIDAY, FEBRUARY 23, 2001",17682.0,2:00,2000-2001
788,0020000789,"FRIDAY, FEBRUARY 23, 2001",19006.0,1:58,2000-2001
789,0020000790,"FRIDAY, FEBRUARY 23, 2001",13546.0,2:13,2000-2001
790,0020000791,"FRIDAY, FEBRUARY 23, 2001",24996.0,2:06,2000-2001
791,0020000792,"FRIDAY, FEBRUARY 23, 2001",18997.0,2:03,2000-2001
792,0020000793,"FRIDAY, FEBRUARY 23, 2001",17072.0,2:17,2000-2001
793,0020000794,"SATURDAY, FEBRUARY 24, 2001",20674.0,2:10,2000-2001
794,0020000795,"SATURDAY, FEBRUARY 24, 2001",16500.0,2:11,2000-2001
795,0020000796,"SATURDAY, FEBRUARY 24, 2001",19925.0,2:15,2000-2001
796,0020000797,"SATURDAY, FEBRUARY 24, 2001",21496.0,2:10,2000-2001
797,0020000798,"SATURDAY, FEBRUARY 24, 2001",18187.0,2:16,2000-2001
798,0020000799,"SATURDAY, FEBRUARY 24, 2001",18977.0,2:10,2000-2001
799,0020000800,"SATURDAY, FEBRUARY 24, 2001",20001.0,2:58,2000-2001
800,0020000801,"SUNDAY, FEBRUARY 25, 2001",19763.0,2:19,2000-2001
801,0020000802,"SUNDAY, FEBRUARY 25, 2001",12516.0,2:09,2000-2001
802,0020000803,"SUNDAY, FEBRUARY 25, 2001",12144.0,2:10,2000-2001
803,0020000804,"SUNDAY, FEBRUARY 25, 2001",18345.0,2:10,2000-2001
804,0020000805,"SUNDAY, FEBRUARY 25, 2001",18411.0,1:57,2000-2001
805,0020000806,"SUNDAY, FEBRUARY 25, 2001",18846.0,2:31,2000-2001
806,0020000807,"SUNDAY, FEBRUARY 25, 2001",18997.0,2:47,2000-2001
807,0020000808,"MONDAY, FEBRUARY 26, 2001",15460.0,2:19,2000-2001
808,0020000809,"MONDAY, FEBRUARY 26, 2001",20324.0,2:06,2000-2001
809,0020000810,"MONDAY, FEBRUARY 26, 2001",13001.0,2:10,2000-2001
810,0020000811,"MONDAY, FEBRUARY 26, 2001",20024.0,2:12,2000-2001
811,0020000812,"MONDAY, FEBRUARY 26, 2001",13302.0,2:15,2000-2001
812,0020000813,"MONDAY, FEBRUARY 26, 2001",13288.0,2:06,2000-2001
813,0020000814,"MONDAY, FEBRUARY 26, 2001",19784.0,0:00,2000-2001
814,0020000815,"MONDAY, FEBRUARY 26, 2001",13521.0,2:08,2000-2001
815,0020000816,"TUESDAY, FEBRUARY 27, 2001",19763.0,2:17,2000-2001
816,0020000817,"TUESDAY, FEBRUARY 27, 2001",15623.0,2:09,2000-2001
817,0020000818,"TUESDAY, FEBRUARY 27, 2001",17202.0,2:11,2000-2001
818,0020000819,"TUESDAY, FEBRUARY 27, 2001",20323.0,2:09,2000-2001
819,0020000820,"TUESDAY, FEBRUARY 27, 2001",17317.0,2:20,2000-2001
820,0020000821,"TUESDAY, FEBRUARY 27, 2001",12977.0,2:10,2000-2001
821,0020000822,"WEDNESDAY, FEBRUARY 28, 2001",20562.0,2:18,2000-2001
822,0020000823,"WEDNESDAY, FEBRUARY 28, 2001",12802.0,2:11,2000-2001
823,0020000824,"WEDNESDAY, FEBRUARY 28, 2001",14159.0,2:05,2000-2001
824,0020000825,"WEDNESDAY, FEBRUARY 28, 2001",17259.0,1:58,2000-2001
825,0020000826,"WEDNESDAY, FEBRUARY 28, 2001",20890.0,2:00,2000-2001
826,0020000827,"WEDNESDAY, FEBRUARY 28, 2001",16273.0,2:14,2000-2001
827,0020000828,"WEDNESDAY, FEBRUARY 28, 2001",19566.0,2:22,2000-2001
828,0020000829,"WEDNESDAY, FEBRUARY 28, 2001",19452.0,2:02,2000-2001
829,0020000830,"WEDNESDAY, FEBRUARY 28, 2001",17441.0,2:21,2000-2001
830,0020000831,"WEDNESDAY, FEBRUARY 28, 2001",19107.0,2:00,2000-2001
831,0020000832,"THURSDAY, MARCH 1, 2001",19763.0,2:17,2000-2001
832,0020000833,"THURSDAY, MARCH 1, 2001",11937.0,2:34,2000-2001
833,0020000834,"THURSDAY, MARCH 1, 2001",15426.0,2:02,2000-2001
834,0020000835,"THURSDAY, MARCH 1, 2001",16209.0,2:14,2000-2001
835,0020000836,"THURSDAY, MARCH 1, 2001",20352.0,2:01,2000-2001
836,0020000837,"FRIDAY, MARCH 2, 2001",18624.0,2:22,2000-2001
837,0020000838,"FRIDAY, MARCH 2, 2001",20257.0,2:16,2000-2001
838,0020000839,"FRIDAY, MARCH 2, 2001",14768.0,2:18,2000-2001
839,0020000840,"FRIDAY, MARCH 2, 2001",14133.0,2:15,2000-2001
840,0020000841,"FRIDAY, MARCH 2, 2001",19800.0,2:08,2000-2001
841,0020000842,"FRIDAY, MARCH 2, 2001",15454.0,2:31,2000-2001
842,0020000843,"FRIDAY, MARCH 2, 2001",18345.0,2:14,2000-2001
843,0020000844,"FRIDAY, MARCH 2, 2001",21779.0,2:05,2000-2001
844,0020000845,"FRIDAY, MARCH 2, 2001",17844.0,2:02,2000-2001
845,0020000846,"FRIDAY, MARCH 2, 2001",19415.0,2:13,2000-2001
846,0020000847,"SATURDAY, MARCH 3, 2001",18717.0,2:44,2000-2001
847,0020000848,"SATURDAY, MARCH 3, 2001",18187.0,2:13,2000-2001
848,0020000849,"SATURDAY, MARCH 3, 2001",29974.0,2:08,2000-2001
849,0020000850,"SATURDAY, MARCH 3, 2001",18889.0,1:58,2000-2001
850,0020000851,"SATURDAY, MARCH 3, 2001",20465.0,1:57,2000-2001
851,0020000852,"SATURDAY, MARCH 3, 2001",19193.0,2:13,2000-2001
852,0020000853,"SUNDAY, MARCH 4, 2001",17146.0,2:09,2000-2001
853,0020000854,"SUNDAY, MARCH 4, 2001",17427.0,2:06,2000-2001
854,0020000855,"SUNDAY, MARCH 4, 2001",19800.0,2:31,2000-2001
855,0020000856,"SUNDAY, MARCH 4, 2001",14078.0,2:03,2000-2001
856,0020000857,"SUNDAY, MARCH 4, 2001",14380.0,2:25,2000-2001
857,0020000858,"SUNDAY, MARCH 4, 2001",18345.0,2:08,2000-2001
858,0020000859,"SUNDAY, MARCH 4, 2001",19006.0,2:23,2000-2001
859,0020000860,"SUNDAY, MARCH 4, 2001",18997.0,2:12,2000-2001
860,0020000861,"MONDAY, MARCH 5, 2001",3216.0,2:04,2000-2001
861,0020000862,"MONDAY, MARCH 5, 2001",13636.0,2:19,2000-2001
862,0020000863,"MONDAY, MARCH 5, 2001",15812.0,2:15,2000-2001
863,0020000864,"MONDAY, MARCH 5, 2001",10841.0,2:19,2000-2001
864,0020000865,"MONDAY, MARCH 5, 2001",12068.0,2:02,2000-2001
865,0020000866,"MONDAY, MARCH 5, 2001",10798.0,2:05,2000-2001
866,0020000867,"TUESDAY, MARCH 6, 2001",19763.0,2:16,2000-2001
867,0020000868,"TUESDAY, MARCH 6, 2001",12630.0,1:59,2000-2001
868,0020000869,"TUESDAY, MARCH 6, 2001",20903.0,1:59,2000-2001
869,0020000870,"TUESDAY, MARCH 6, 2001",15763.0,2:06,2000-2001
870,0020000871,"TUESDAY, MARCH 6, 2001",20181.0,2:12,2000-2001
871,0020000872,"TUESDAY, MARCH 6, 2001",17317.0,2:28,2000-2001
872,0020000873,"TUESDAY, MARCH 6, 2001",20580.0,2:31,2000-2001
873,0020000874,"TUESDAY, MARCH 6, 2001",14392.0,2:05,2000-2001
874,0020000875,"WEDNESDAY, MARCH 7, 2001",14818.0,2:19,2000-2001
875,0020000876,"WEDNESDAY, MARCH 7, 2001",19930.0,2:09,2000-2001
876,0020000877,"WEDNESDAY, MARCH 7, 2001",13791.0,2:15,2000-2001
877,0020000878,"WEDNESDAY, MARCH 7, 2001",15864.0,2:05,2000-2001
878,0020000879,"WEDNESDAY, MARCH 7, 2001",15937.0,2:20,2000-2001
879,0020000880,"WEDNESDAY, MARCH 7, 2001",11742.0,2:07,2000-2001
880,0020000881,"WEDNESDAY, MARCH 7, 2001",18345.0,2:21,2000-2001
881,0020000882,"WEDNESDAY, MARCH 7, 2001",19819.0,2:09,2000-2001
882,0020000883,"WEDNESDAY, MARCH 7, 2001",19023.0,2:15,2000-2001
883,0020000884,"WEDNESDAY, MARCH 7, 2001",18997.0,2:14,2000-2001
884,0020000885,"THURSDAY, MARCH 8, 2001",15927.0,2:05,2000-2001
885,0020000886,"THURSDAY, MARCH 8, 2001",11582.0,2:09,2000-2001
886,0020000887,"THURSDAY, MARCH 8, 2001",20267.0,2:21,2000-2001
887,0020000888,"FRIDAY, MARCH 9, 2001",14401.0,2:07,2000-2001
888,0020000889,"FRIDAY, MARCH 9, 2001",20049.0,2:07,2000-2001
889,0020000890,"FRIDAY, MARCH 9, 2001",20672.0,2:14,2000-2001
890,0020000891,"FRIDAY, MARCH 9, 2001",16500.0,2:09,2000-2001
891,0020000892,"FRIDAY, MARCH 9, 2001",16765.0,1:60,2000-2001
892,0020000893,"FRIDAY, MARCH 9, 2001",17502.0,2:13,2000-2001
893,0020000894,"FRIDAY, MARCH 9, 2001",18187.0,2:13,2000-2001
894,0020000895,"FRIDAY, MARCH 9, 2001",19911.0,2:18,2000-2001
895,0020000896,"FRIDAY, MARCH 9, 2001",18997.0,2:36,2000-2001
896,0020000897,"FRIDAY, MARCH 9, 2001",17317.0,2:13,2000-2001
897,0020000898,"FRIDAY, MARCH 9, 2001",17072.0,2:11,2000-2001
898,0020000899,"FRIDAY, MARCH 9, 2001",15512.0,2:11,2000-2001
899,0020000900,"SATURDAY, MARCH 10, 2001",17857.0,2:19,2000-2001
900,0020000901,"SATURDAY, MARCH 10, 2001",17248.0,2:27,2000-2001
901,0020000902,"SATURDAY, MARCH 10, 2001",18472.0,1:59,2000-2001
902,0020000903,"SATURDAY, MARCH 10, 2001",15488.0,2:07,2000-2001
903,0020000904,"SATURDAY, MARCH 10, 2001",12215.0,2:07,2000-2001
904,0020000905,"SUNDAY, MARCH 11, 2001",18624.0,2:23,2000-2001
905,0020000906,"SUNDAY, MARCH 11, 2001",19763.0,2:22,2000-2001
906,0020000907,"SUNDAY, MARCH 11, 2001",13235.0,2:07,2000-2001
907,0020000908,"SUNDAY, MARCH 11, 2001",13926.0,2:12,2000-2001
908,0020000909,"SUNDAY, MARCH 11, 2001",18187.0,2:05,2000-2001
909,0020000910,"SUNDAY, MARCH 11, 2001",19023.0,2:17,2000-2001
910,0020000911,"SUNDAY, MARCH 11, 2001",18997.0,2:30,2000-2001
911,0020000912,"SUNDAY, MARCH 11, 2001",17317.0,2:08,2000-2001
912,0020000913,"SUNDAY, MARCH 11, 2001",19193.0,2:08,2000-2001
913,0020000914,"MONDAY, MARCH 12, 2001",17364.0,1:58,2000-2001
914,0020000915,"MONDAY, MARCH 12, 2001",17882.0,2:01,2000-2001
915,0020000916,"MONDAY, MARCH 12, 2001",21974.0,2:00,2000-2001
916,0020000917,"MONDAY, MARCH 12, 2001",10274.0,2:10,2000-2001
917,0020000918,"TUESDAY, MARCH 13, 2001",19763.0,2:04,2000-2001
918,0020000919,"TUESDAY, MARCH 13, 2001",16157.0,2:53,2000-2001
919,0020000920,"TUESDAY, MARCH 13, 2001",9664.0,2:09,2000-2001
920,0020000921,"TUESDAY, MARCH 13, 2001",19800.0,2:16,2000-2001
921,0020000922,"TUESDAY, MARCH 13, 2001",15934.0,0:00,2000-2001
922,0020000923,"TUESDAY, MARCH 13, 2001",13097.0,3:13,2000-2001
923,0020000924,"TUESDAY, MARCH 13, 2001",18997.0,2:29,2000-2001
924,0020000925,"TUESDAY, MARCH 13, 2001",17072.0,2:11,2000-2001
925,0020000926,"WEDNESDAY, MARCH 14, 2001",13822.0,2:10,2000-2001
926,0020000927,"WEDNESDAY, MARCH 14, 2001",19600.0,2:02,2000-2001
927,0020000928,"WEDNESDAY, MARCH 14, 2001",16018.0,2:11,2000-2001
928,0020000929,"WEDNESDAY, MARCH 14, 2001",12943.0,2:02,2000-2001
929,0020000930,"WEDNESDAY, MARCH 14, 2001",22835.0,1:60,2000-2001
930,0020000931,"WEDNESDAY, MARCH 14, 2001",35676.0,2:52,2000-2001
931,0020000932,"WEDNESDAY, MARCH 14, 2001",14313.0,2:01,2000-2001
932,0020000933,"WEDNESDAY, MARCH 14, 2001",16186.0,2:06,2000-2001
933,0020000934,"WEDNESDAY, MARCH 14, 2001",19980.0,2:11,2000-2001
934,0020000935,"THURSDAY, MARCH 15, 2001",19763.0,2:09,2000-2001
935,0020000936,"THURSDAY, MARCH 15, 2001",22076.0,2:41,2000-2001
936,0020000937,"THURSDAY, MARCH 15, 2001",16112.0,2:03,2000-2001
937,0020000938,"THURSDAY, MARCH 15, 2001",17472.0,2:11,2000-2001
938,0020000939,"THURSDAY, MARCH 15, 2001",11928.0,2:09,2000-2001
939,0020000940,"THURSDAY, MARCH 15, 2001",18084.0,2:09,2000-2001
940,0020000941,"FRIDAY, MARCH 16, 2001",20866.0,2:02,2000-2001
941,0020000942,"FRIDAY, MARCH 16, 2001",20674.0,2:04,2000-2001
942,0020000943,"FRIDAY, MARCH 16, 2001",15278.0,2:21,2000-2001
943,0020000944,"FRIDAY, MARCH 16, 2001",16827.0,2:16,2000-2001
944,0020000945,"FRIDAY, MARCH 16, 2001",18345.0,2:14,2000-2001
945,0020000946,"FRIDAY, MARCH 16, 2001",21970.0,1:54,2000-2001
946,0020000947,"FRIDAY, MARCH 16, 2001",21726.0,2:20,2000-2001
947,0020000948,"FRIDAY, MARCH 16, 2001",16406.0,2:05,2000-2001
948,0020000949,"FRIDAY, MARCH 16, 2001",15860.0,2:02,2000-2001
949,0020000950,"FRIDAY, MARCH 16, 2001",20580.0,2:17,2000-2001
950,0020000951,"SATURDAY, MARCH 17, 2001",19763.0,2:07,2000-2001
951,0020000952,"SATURDAY, MARCH 17, 2001",16500.0,2:14,2000-2001
952,0020000953,"SATURDAY, MARCH 17, 2001",16502.0,2:13,2000-2001
953,0020000954,"SATURDAY, MARCH 17, 2001",14453.0,1:59,2000-2001
954,0020000955,"SATURDAY, MARCH 17, 2001",18717.0,1:59,2000-2001
955,0020000956,"SATURDAY, MARCH 17, 2001",18187.0,2:10,2000-2001
956,0020000957,"SATURDAY, MARCH 17, 2001",16285.0,2:14,2000-2001
957,0020000958,"SUNDAY, MARCH 18, 2001",17248.0,2:29,2000-2001
958,0020000959,"SUNDAY, MARCH 18, 2001",12953.0,2:14,2000-2001
959,0020000960,"SUNDAY, MARCH 18, 2001",18345.0,2:09,2000-2001
960,0020000961,"SUNDAY, MARCH 18, 2001",18718.0,1:53,2000-2001
961,0020000962,"SUNDAY, MARCH 18, 2001",14861.0,2:01,2000-2001
962,0020000963,"SUNDAY, MARCH 18, 2001",19292.0,2:09,2000-2001
963,0020000964,"SUNDAY, MARCH 18, 2001",13352.0,2:08,2000-2001
964,0020000965,"MONDAY, MARCH 19, 2001",19707.0,2:20,2000-2001
965,0020000966,"MONDAY, MARCH 19, 2001",22393.0,2:12,2000-2001
966,0020000967,"MONDAY, MARCH 19, 2001",17072.0,2:24,2000-2001
967,0020000968,"TUESDAY, MARCH 20, 2001",14531.0,2:05,2000-2001
968,0020000969,"TUESDAY, MARCH 20, 2001",19800.0,2:25,2000-2001
969,0020000970,"TUESDAY, MARCH 20, 2001",16527.0,2:03,2000-2001
970,0020000971,"TUESDAY, MARCH 20, 2001",21768.0,2:11,2000-2001
971,0020000972,"TUESDAY, MARCH 20, 2001",18187.0,2:16,2000-2001
972,0020000973,"TUESDAY, MARCH 20, 2001",18890.0,2:05,2000-2001
973,0020000974,"TUESDAY, MARCH 20, 2001",17245.0,2:12,2000-2001
974,0020000975,"TUESDAY, MARCH 20, 2001",19680.0,2:11,2000-2001
975,0020000976,"TUESDAY, MARCH 20, 2001",17317.0,2:05,2000-2001
976,0020000977,"WEDNESDAY, MARCH 21, 2001",15764.0,2:04,2000-2001
977,0020000978,"WEDNESDAY, MARCH 21, 2001",16383.0,2:08,2000-2001
978,0020000979,"WEDNESDAY, MARCH 21, 2001",15746.0,2:04,2000-2001
979,0020000980,"WEDNESDAY, MARCH 21, 2001",17926.0,2:06,2000-2001
980,0020000981,"WEDNESDAY, MARCH 21, 2001",18717.0,2:31,2000-2001
981,0020000982,"WEDNESDAY, MARCH 21, 2001",18101.0,2:13,2000-2001
982,0020000983,"WEDNESDAY, MARCH 21, 2001",10308.0,2:05,2000-2001
983,0020000984,"THURSDAY, MARCH 22, 2001",12621.0,2:09,2000-2001
984,0020000985,"THURSDAY, MARCH 22, 2001",12124.0,2:03,2000-2001
985,0020000986,"THURSDAY, MARCH 22, 2001",12168.0,2:08,2000-2001
986,0020000987,"THURSDAY, MARCH 22, 2001",19911.0,2:14,2000-2001
987,0020000988,"THURSDAY, MARCH 22, 2001",14059.0,2:09,2000-2001
988,0020000989,"THURSDAY, MARCH 22, 2001",17317.0,2:12,2000-2001
989,0020000990,"THURSDAY, MARCH 22, 2001",17072.0,2:16,2000-2001
990,0020000991,"FRIDAY, MARCH 23, 2001",19763.0,2:18,2000-2001
991,0020000992,"FRIDAY, MARCH 23, 2001",19554.0,2:07,2000-2001
992,0020000993,"FRIDAY, MARCH 23, 2001",18345.0,2:06,2000-2001
993,0020000994,"FRIDAY, MARCH 23, 2001",21957.0,2:18,2000-2001
994,0020000995,"FRIDAY, MARCH 23, 2001",18717.0,2:21,2000-2001
995,0020000996,"FRIDAY, MARCH 23, 2001",18777.0,2:13,2000-2001
996,0020000997,"FRIDAY, MARCH 23, 2001",19023.0,1:60,2000-2001
997,0020000998,"FRIDAY, MARCH 23, 2001",18997.0,2:07,2000-2001
998,0020000999,"SATURDAY, MARCH 24, 2001",16519.0,2:15,2000-2001
999,0020001000,"SATURDAY, MARCH 24, 2001",18187.0,2:19,2000-2001
1000,0020001001,"SATURDAY, MARCH 24, 2001",19353.0,0:00,2000-2001
1001,0020001002,"SATURDAY, MARCH 24, 2001",14832.0,2:18,2000-2001
1002,0020001003,"SATURDAY, MARCH 24, 2001",16557.0,2:14,2000-2001
1003,0020001004,"SUNDAY, MARCH 25, 2001",18624.0,2:11,2000-2001
1004,0020001005,"SUNDAY, MARCH 25, 2001",15283.0,2:14,2000-2001
1005,0020001006,"SUNDAY, MARCH 25, 2001",16500.0,2:23,2000-2001
1006,0020001007,"SUNDAY, MARCH 25, 2001",19800.0,2:04,2000-2001
1007,0020001008,"SUNDAY, MARCH 25, 2001",18717.0,2:03,2000-2001
1008,0020001009,"SUNDAY, MARCH 25, 2001",19006.0,2:04,2000-2001
1009,0020001010,"SUNDAY, MARCH 25, 2001",17317.0,2:28,2000-2001
1010,0020001011,"MONDAY, MARCH 26, 2001",20561.0,2:08,2000-2001
1011,0020001012,"MONDAY, MARCH 26, 2001",21748.0,2:32,2000-2001
1012,0020001013,"MONDAY, MARCH 26, 2001",19911.0,2:15,2000-2001
1013,0020001014,"MONDAY, MARCH 26, 2001",19023.0,2:17,2000-2001
1014,0020001015,"MONDAY, MARCH 26, 2001",17207.0,2:25,2000-2001
1015,0020001016,"MONDAY, MARCH 26, 2001",20580.0,2:14,2000-2001
1016,0020001017,"MONDAY, MARCH 26, 2001",12656.0,2:09,2000-2001
1017,0020001018,"TUESDAY, MARCH 27, 2001",16304.0,2:08,2000-2001
1018,0020001019,"TUESDAY, MARCH 27, 2001",18221.0,2:23,2000-2001
1019,0020001020,"TUESDAY, MARCH 27, 2001",10641.0,2:33,2000-2001
1020,0020001021,"TUESDAY, MARCH 27, 2001",13095.0,2:10,2000-2001
1021,0020001022,"TUESDAY, MARCH 27, 2001",22109.0,2:09,2000-2001
1022,0020001023,"TUESDAY, MARCH 27, 2001",13262.0,2:13,2000-2001
1023,0020001024,"TUESDAY, MARCH 27, 2001",17317.0,2:35,2000-2001
1024,0020001025,"WEDNESDAY, MARCH 28, 2001",17551.0,2:01,2000-2001
1025,0020001026,"WEDNESDAY, MARCH 28, 2001",20683.0,2:42,2000-2001
1026,0020001027,"WEDNESDAY, MARCH 28, 2001",18312.0,2:12,2000-2001
1027,0020001028,"WEDNESDAY, MARCH 28, 2001",18997.0,2:17,2000-2001
1028,0020001029,"WEDNESDAY, MARCH 28, 2001",20580.0,2:17,2000-2001
1029,0020001030,"WEDNESDAY, MARCH 28, 2001",15916.0,2:08,2000-2001
1030,0020001031,"THURSDAY, MARCH 29, 2001",13041.0,2:04,2000-2001
1031,0020001032,"THURSDAY, MARCH 29, 2001",11748.0,1:59,2000-2001
1032,0020001033,"THURSDAY, MARCH 29, 2001",22233.0,2:20,2000-2001
1033,0020001034,"THURSDAY, MARCH 29, 2001",18574.0,2:03,2000-2001
1034,0020001035,"THURSDAY, MARCH 29, 2001",12230.0,2:02,2000-2001
1035,0020001036,"THURSDAY, MARCH 29, 2001",24327.0,2:24,2000-2001
1036,0020001037,"THURSDAY, MARCH 29, 2001",15949.0,2:00,2000-2001
1037,0020001038,"FRIDAY, MARCH 30, 2001",18624.0,2:18,2000-2001
1038,0020001039,"FRIDAY, MARCH 30, 2001",20958.0,2:24,2000-2001
1039,0020001040,"FRIDAY, MARCH 30, 2001",15983.0,2:01,2000-2001
1040,0020001041,"FRIDAY, MARCH 30, 2001",19217.0,2:10,2000-2001
1041,0020001042,"FRIDAY, MARCH 30, 2001",18161.0,2:14,2000-2001
1042,0020001043,"FRIDAY, MARCH 30, 2001",19772.0,2:17,2000-2001
1043,0020001044,"FRIDAY, MARCH 30, 2001",18997.0,2:14,2000-2001
1044,0020001045,"FRIDAY, MARCH 30, 2001",17317.0,2:11,2000-2001
1045,0020001046,"FRIDAY, MARCH 30, 2001",20580.0,2:18,2000-2001
1046,0020001047,"FRIDAY, MARCH 30, 2001",14522.0,1:58,2000-2001
1047,0020001048,"SATURDAY, MARCH 31, 2001",20674.0,2:13,2000-2001
1048,0020001049,"SATURDAY, MARCH 31, 2001",16030.0,1:56,2000-2001
1049,0020001050,"SATURDAY, MARCH 31, 2001",22301.0,2:10,2000-2001
1050,0020001051,"SATURDAY, MARCH 31, 2001",35944.0,2:11,2000-2001
1051,0020001052,"SATURDAY, MARCH 31, 2001",15544.0,2:14,2000-2001
1052,0020001053,"SUNDAY, APRIL 1, 2001",12142.0,2:15,2000-2001
1053,0020001054,"SUNDAY, APRIL 1, 2001",20690.0,2:30,2000-2001
1054,0020001055,"SUNDAY, APRIL 1, 2001",15103.0,2:11,2000-2001
1055,0020001056,"SUNDAY, APRIL 1, 2001",19971.0,2:20,2000-2001
1056,0020001057,"SUNDAY, APRIL 1, 2001",12237.0,2:05,2000-2001
1057,0020001058,"SUNDAY, APRIL 1, 2001",18464.0,2:12,2000-2001
1058,0020001059,"SUNDAY, APRIL 1, 2001",18997.0,2:37,2000-2001
1059,0020001060,"SUNDAY, APRIL 1, 2001",17317.0,2:00,2000-2001
1060,0020001061,"SUNDAY, APRIL 1, 2001",20580.0,2:17,2000-2001
1061,0020001062,"SUNDAY, APRIL 1, 2001",13093.0,2:12,2000-2001
1062,0020001063,"TUESDAY, APRIL 3, 2001",19763.0,2:09,2000-2001
1063,0020001064,"TUESDAY, APRIL 3, 2001",14452.0,2:06,2000-2001
1064,0020001065,"TUESDAY, APRIL 3, 2001",16500.0,2:16,2000-2001
1065,0020001066,"TUESDAY, APRIL 3, 2001",19800.0,2:03,2000-2001
1066,0020001067,"TUESDAY, APRIL 3, 2001",17616.0,2:05,2000-2001
1067,0020001068,"TUESDAY, APRIL 3, 2001",21749.0,2:02,2000-2001
1068,0020001069,"TUESDAY, APRIL 3, 2001",11926.0,2:11,2000-2001
1069,0020001070,"TUESDAY, APRIL 3, 2001",19672.0,2:05,2000-2001
1070,0020001071,"TUESDAY, APRIL 3, 2001",13755.0,2:12,2000-2001
1071,0020001072,"TUESDAY, APRIL 3, 2001",19911.0,0:00,2000-2001
1072,0020001073,"TUESDAY, APRIL 3, 2001",17317.0,2:05,2000-2001
1073,0020001074,"WEDNESDAY, APRIL 4, 2001",12904.0,2:07,2000-2001
1074,0020001075,"WEDNESDAY, APRIL 4, 2001",15689.0,2:10,2000-2001
1075,0020001076,"WEDNESDAY, APRIL 4, 2001",15205.0,2:02,2000-2001
1076,0020001077,"WEDNESDAY, APRIL 4, 2001",15414.0,2:07,2000-2001
1077,0020001078,"WEDNESDAY, APRIL 4, 2001",16485.0,2:15,2000-2001
1078,0020001079,"WEDNESDAY, APRIL 4, 2001",17207.0,2:17,2000-2001
1079,0020001080,"WEDNESDAY, APRIL 4, 2001",11600.0,2:00,2000-2001
1080,0020001081,"WEDNESDAY, APRIL 4, 2001",11312.0,2:10,2000-2001
1081,0020001082,"THURSDAY, APRIL 5, 2001",19763.0,2:09,2000-2001
1082,0020001083,"THURSDAY, APRIL 5, 2001",23217.0,2:12,2000-2001
1083,0020001084,"THURSDAY, APRIL 5, 2001",18187.0,2:08,2000-2001
1084,0020001085,"THURSDAY, APRIL 5, 2001",11700.0,2:08,2000-2001
1085,0020001086,"THURSDAY, APRIL 5, 2001",13796.0,2:00,2000-2001
1086,0020001087,"THURSDAY, APRIL 5, 2001",19911.0,2:22,2000-2001
1087,0020001088,"FRIDAY, APRIL 6, 2001",18624.0,2:22,2000-2001
1088,0020001089,"FRIDAY, APRIL 6, 2001",20767.0,2:05,2000-2001
1089,0020001090,"FRIDAY, APRIL 6, 2001",17248.0,2:10,2000-2001
1090,0020001091,"FRIDAY, APRIL 6, 2001",16500.0,2:11,2000-2001
1091,0020001092,"FRIDAY, APRIL 6, 2001",18345.0,2:14,2000-2001
1092,0020001093,"FRIDAY, APRIL 6, 2001",18627.0,2:11,2000-2001
1093,0020001094,"FRIDAY, APRIL 6, 2001",17329.0,2:32,2000-2001
1094,0020001095,"FRIDAY, APRIL 6, 2001",15325.0,2:15,2000-2001
1095,0020001096,"FRIDAY, APRIL 6, 2001",14863.0,1:59,2000-2001
1096,0020001097,"SATURDAY, APRIL 7, 2001",18046.0,2:12,2000-2001
1097,0020001098,"SATURDAY, APRIL 7, 2001",16655.0,2:08,2000-2001
1098,0020001099,"SATURDAY, APRIL 7, 2001",18910.0,2:17,2000-2001
1099,0020001100,"SATURDAY, APRIL 7, 2001",18187.0,2:18,2000-2001
1100,0020001101,"SATURDAY, APRIL 7, 2001",12213.0,2:04,2000-2001
1101,0020001102,"SATURDAY, APRIL 7, 2001",14934.0,2:07,2000-2001
1102,0020001103,"SATURDAY, APRIL 7, 2001",18964.0,2:11,2000-2001
1103,0020001104,"SUNDAY, APRIL 8, 2001",20049.0,2:05,2000-2001
1104,0020001105,"SUNDAY, APRIL 8, 2001",21103.0,2:32,2000-2001
1105,0020001106,"SUNDAY, APRIL 8, 2001",19800.0,2:08,2000-2001
1106,0020001107,"SUNDAY, APRIL 8, 2001",20099.0,2:32,2000-2001
1107,0020001108,"SUNDAY, APRIL 8, 2001",15273.0,2:10,2000-2001
1108,0020001109,"SUNDAY, APRIL 8, 2001",17317.0,2:24,2000-2001
1109,0020001110,"SUNDAY, APRIL 8, 2001",15575.0,2:01,2000-2001
1110,0020001111,"MONDAY, APRIL 9, 2001",19763.0,2:13,2000-2001
1111,0020001112,"MONDAY, APRIL 9, 2001",20365.0,2:08,2000-2001
1112,0020001113,"MONDAY, APRIL 9, 2001",14557.0,2:05,2000-2001
1113,0020001114,"MONDAY, APRIL 9, 2001",16393.0,2:10,2000-2001
1114,0020001115,"MONDAY, APRIL 9, 2001",19911.0,2:13,2000-2001
1115,0020001116,"TUESDAY, APRIL 10, 2001",20098.0,2:22,2000-2001
1116,0020001117,"TUESDAY, APRIL 10, 2001",15215.0,2:08,2000-2001
1117,0020001118,"TUESDAY, APRIL 10, 2001",18717.0,1:57,2000-2001
1118,0020001119,"TUESDAY, APRIL 10, 2001",11989.0,2:07,2000-2001
1119,0020001120,"TUESDAY, APRIL 10, 2001",25682.0,2:11,2000-2001
1120,0020001121,"TUESDAY, APRIL 10, 2001",18997.0,2:08,2000-2001
1121,0020001122,"TUESDAY, APRIL 10, 2001",17317.0,2:25,2000-2001
1122,0020001123,"TUESDAY, APRIL 10, 2001",20580.0,2:07,2000-2001
1123,0020001124,"TUESDAY, APRIL 10, 2001",10430.0,2:01,2000-2001
1124,0020001125,"WEDNESDAY, APRIL 11, 2001",17121.0,2:10,2000-2001
1125,0020001126,"WEDNESDAY, APRIL 11, 2001",12266.0,2:15,2000-2001
1126,0020001127,"WEDNESDAY, APRIL 11, 2001",12842.0,2:21,2000-2001
1127,0020001128,"WEDNESDAY, APRIL 11, 2001",18790.0,2:06,2000-2001
1128,0020001129,"WEDNESDAY, APRIL 11, 2001",17857.0,2:33,2000-2001
1129,0020001130,"WEDNESDAY, APRIL 11, 2001",19023.0,2:18,2000-2001
1130,0020001131,"WEDNESDAY, APRIL 11, 2001",14197.0,2:10,2000-2001
1131,0020001132,"THURSDAY, APRIL 12, 2001",17248.0,2:16,2000-2001
1132,0020001133,"THURSDAY, APRIL 12, 2001",12898.0,2:05,2000-2001
1133,0020001134,"THURSDAY, APRIL 12, 2001",18717.0,2:02,2000-2001
1134,0020001135,"THURSDAY, APRIL 12, 2001",34357.0,2:42,2000-2001
1135,0020001136,"THURSDAY, APRIL 12, 2001",18997.0,2:11,2000-2001
1136,0020001137,"THURSDAY, APRIL 12, 2001",12796.0,1:55,2000-2001
1137,0020001138,"FRIDAY, APRIL 13, 2001",19763.0,1:55,2000-2001
1138,0020001139,"FRIDAY, APRIL 13, 2001",16770.0,2:11,2000-2001
1139,0020001140,"FRIDAY, APRIL 13, 2001",14104.0,2:28,2000-2001
1140,0020001141,"FRIDAY, APRIL 13, 2001",20104.0,2:04,2000-2001
1141,0020001142,"FRIDAY, APRIL 13, 2001",18345.0,2:31,2000-2001
1142,0020001143,"FRIDAY, APRIL 13, 2001",22579.0,2:10,2000-2001
1143,0020001144,"FRIDAY, APRIL 13, 2001",18187.0,2:13,2000-2001
1144,0020001145,"FRIDAY, APRIL 13, 2001",15874.0,1:57,2000-2001
1145,0020001146,"FRIDAY, APRIL 13, 2001",19023.0,2:04,2000-2001
1146,0020001147,"FRIDAY, APRIL 13, 2001",18964.0,2:13,2000-2001
1147,0020001148,"FRIDAY, APRIL 13, 2001",20580.0,2:08,2000-2001
1148,0020001149,"SATURDAY, APRIL 14, 2001",17295.0,2:40,2000-2001
1149,0020001150,"SATURDAY, APRIL 14, 2001",18717.0,2:03,2000-2001
1150,0020001151,"SATURDAY, APRIL 14, 2001",34397.0,1:59,2000-2001
1151,0020001152,"SATURDAY, APRIL 14, 2001",12849.0,2:04,2000-2001
1152,0020001153,"SATURDAY, APRIL 14, 2001",18571.0,2:08,2000-2001
1153,0020001154,"SUNDAY, APRIL 15, 2001",15148.0,1:58,2000-2001
1154,0020001155,"SUNDAY, APRIL 15, 2001",20699.0,2:28,2000-2001
1155,0020001156,"SUNDAY, APRIL 15, 2001",11668.0,2:09,2000-2001
1156,0020001157,"SUNDAY, APRIL 15, 2001",16500.0,2:13,2000-2001
1157,0020001158,"SUNDAY, APRIL 15, 2001",16678.0,2:09,2000-2001
1158,0020001159,"SUNDAY, APRIL 15, 2001",21788.0,2:04,2000-2001
1159,0020001160,"SUNDAY, APRIL 15, 2001",17447.0,2:29,2000-2001
1160,0020001161,"SUNDAY, APRIL 15, 2001",19023.0,2:02,2000-2001
1161,0020001162,"SUNDAY, APRIL 15, 2001",18997.0,2:32,2000-2001
1162,0020001163,"SUNDAY, APRIL 15, 2001",15194.0,2:32,2000-2001
1163,0020001164,"MONDAY, APRIL 16, 2001",17248.0,2:15,2000-2001
1164,0020001165,"MONDAY, APRIL 16, 2001",14413.0,1:59,2000-2001
1165,0020001166,"MONDAY, APRIL 16, 2001",15908.0,2:09,2000-2001
1166,0020001167,"MONDAY, APRIL 16, 2001",19347.0,1:58,2000-2001
1167,0020001168,"MONDAY, APRIL 16, 2001",13393.0,2:25,2000-2001
1168,0020001169,"MONDAY, APRIL 16, 2001",17317.0,2:09,2000-2001
1169,0020001170,"TUESDAY, APRIL 17, 2001",17123.0,2:03,2000-2001
1170,0020001171,"TUESDAY, APRIL 17, 2001",16500.0,2:07,2000-2001
1171,0020001172,"TUESDAY, APRIL 17, 2001",13257.0,2:19,2000-2001
1172,0020001173,"TUESDAY, APRIL 17, 2001",19800.0,2:31,2000-2001
1173,0020001174,"TUESDAY, APRIL 17, 2001",18345.0,2:33,2000-2001
1174,0020001175,"TUESDAY, APRIL 17, 2001",16285.0,2:07,2000-2001
1175,0020001176,"TUESDAY, APRIL 17, 2001",19667.0,2:20,2000-2001
1176,0020001177,"TUESDAY, APRIL 17, 2001",18997.0,2:14,2000-2001
1177,0020001178,"TUESDAY, APRIL 17, 2001",20580.0,2:13,2000-2001
1178,0020001179,"WEDNESDAY, APRIL 18, 2001",17762.0,2:11,2000-2001
1179,0020001180,"WEDNESDAY, APRIL 18, 2001",19763.0,2:19,2000-2001
1180,0020001181,"WEDNESDAY, APRIL 18, 2001",19449.0,2:02,2000-2001
1181,0020001182,"WEDNESDAY, APRIL 18, 2001",16427.0,2:01,2000-2001
1182,0020001183,"WEDNESDAY, APRIL 18, 2001",16377.0,2:13,2000-2001
1183,0020001184,"WEDNESDAY, APRIL 18, 2001",17290.0,2:15,2000-2001
1184,0020001185,"WEDNESDAY, APRIL 18, 2001",18187.0,2:09,2000-2001
1185,0020001186,"WEDNESDAY, APRIL 18, 2001",18495.0,1:56,2000-2001
1186,0020001187,"WEDNESDAY, APRIL 18, 2001",19023.0,2:29,2000-2001
1187,0020001188,"WEDNESDAY, APRIL 18, 2001",14437.0,2:11,2000-2001
1188,0020001189,"WEDNESDAY, APRIL 18, 2001",16049.0,1:54,2000-2001
