,GID,GAME_DATE_EST,GAME_SEQUENCE,GAME_ID,GAME_STATUS_ID,GAME_STATUS_TEXT,GAMECODE,HOME_TEAM_ID,VISITOR_TEAM_ID,SEASON,LIVE_PERIOD,LIVE_PC_TIME,NATL_TV_BROADCASTER_ABBREVIATION,LIVE_PERIOD_TIME_BCAST,WH_STATUS
0,0029800001,1999-02-05T00:00:00,1,0029800001,3,Final,19990205/TORBOS,1610612738,1610612761,1998-1999,4, ,,Q4   - ,1
1,0029800002,1999-02-05T00:00:00,2,0029800002,3,Final,19990205/NYKORL,1610612753,1610612752,1998-1999,4, ,,Q4   - ,1
2,0029800003,1999-02-05T00:00:00,3,0029800003,3,Final,19990205/DETMIA,1610612748,1610612765,1998-1999,4, ,,Q4   - ,1
3,0029800004,1999-02-05T00:00:00,4,0029800004,3,Final,19990205/PHICHH,1610612766,1610612755,1998-1999,4, ,,Q4   - ,1
4,0029800005,1999-02-05T00:00:00,5,0029800005,3,Final,19990205/CLEATL,1610612737,1610612739,1998-1999,4, ,,Q4   - ,1
5,0029800006,1999-02-05T00:00:00,6,0029800006,3,Final,19990205/WASIND,1610612754,1610612764,1998-1999,4, ,,Q4   - ,1
6,0029800007,1999-02-05T00:00:00,7,0029800007,3,Final,19990205/SACSAS,1610612759,1610612758,1998-1999,4, ,,Q4   - ,1
7,0029800008,1999-02-05T00:00:00,8,0029800008,3,Final,19990205/MINDEN,1610612743,1610612750,1998-1999,4, ,,Q4   - ,1
8,0029800009,1999-02-05T00:00:00,9,0029800009,3,Final,19990205/CHIUTA,1610612762,1610612741,1998-1999,4, ,,Q4   - ,1
9,0029800010,1999-02-05T00:00:00,10,0029800010,3,Final,19990205/PHXLAC,1610612746,1610612756,1998-1999,4, ,,Q4   - ,1
10,0029800011,1999-02-05T00:00:00,11,0029800011,3,Final,19990205/HOULAL,1610612747,1610612745,1998-1999,4, ,,Q4   - ,1
11,0029800012,1999-02-05T00:00:00,12,0029800012,3,Final,19990205/DALSEA,1610612760,1610612742,1998-1999,5, ,,Q5   - ,1
12,0029800013,1999-02-06T00:00:00,1,0029800013,3,Final,19990206/CLEBOS,1610612738,1610612739,1998-1999,4, ,,Q4   - ,1
13,0029800014,1999-02-06T00:00:00,2,0029800014,3,Final,19990206/ORLPHI,1610612755,1610612753,1998-1999,4, ,,Q4   - ,1
14,0029800015,1999-02-06T00:00:00,3,0029800015,3,Final,19990206/TORWAS,1610612764,1610612761,1998-1999,4, ,,Q4   - ,1
15,0029800016,1999-02-06T00:00:00,4,0029800016,3,Final,19990206/MILCHH,1610612766,1610612749,1998-1999,5, ,,Q5   - ,1
16,0029800017,1999-02-06T00:00:00,5,0029800017,3,Final,19990206/NJNATL,1610612737,1610612751,1998-1999,4, ,,Q4   - ,1
17,0029800018,1999-02-06T00:00:00,6,0029800018,3,Final,19990206/MINSAS,1610612759,1610612750,1998-1999,4, ,,Q4   - ,1
18,0029800019,1999-02-06T00:00:00,7,0029800019,3,Final,19990206/HOUGSW,1610612744,1610612745,1998-1999,4, ,,Q4   - ,1
19,0029800020,1999-02-07T00:00:00,1,0029800020,3,Final,19990207/MIANYK,1610612752,1610612748,1998-1999,4, ,,Q4   - ,1
20,0029800021,1999-02-07T00:00:00,2,0029800021,3,Final,19990207/ATLNJN,1610612751,1610612737,1998-1999,4, ,,Q4   - ,1
21,0029800022,1999-02-07T00:00:00,3,0029800022,3,Final,19990207/INDDET,1610612765,1610612754,1998-1999,4, ,,Q4   - ,1
22,0029800023,1999-02-07T00:00:00,4,0029800023,3,Final,19990207/DENPHX,1610612756,1610612743,1998-1999,4, ,,Q4   - ,1
23,0029800024,1999-02-07T00:00:00,5,0029800024,3,Final,19990207/CHILAC,1610612746,1610612741,1998-1999,4, ,,Q4   - ,1
24,0029800025,1999-02-07T00:00:00,6,0029800025,3,Final,19990207/UTALAL,1610612747,1610612762,1998-1999,4, ,,Q4   - ,1
25,0029800026,1999-02-07T00:00:00,7,0029800026,3,Final,19990207/DALGSW,1610612744,1610612742,1998-1999,6, ,,Q6   - ,1
26,0029800027,1999-02-07T00:00:00,8,0029800027,3,Final,19990207/VANSAC,1610612758,1610612763,1998-1999,4, ,,Q4   - ,1
27,0029800028,1999-02-07T00:00:00,9,0029800028,3,Final,19990207/PORSEA,1610612760,1610612757,1998-1999,4, ,,Q4   - ,1
28,0029800029,1999-02-08T00:00:00,1,0029800029,3,Final,19990208/BOSORL,1610612753,1610612738,1998-1999,4, ,,Q4   - ,1
29,0029800030,1999-02-08T00:00:00,2,0029800030,3,Final,19990208/MIACHH,1610612766,1610612748,1998-1999,4, ,,Q4   - ,1
30,0029800031,1999-02-08T00:00:00,3,0029800031,3,Final,19990208/INDCLE,1610612739,1610612754,1998-1999,4, ,,Q4   - ,1
31,0029800032,1999-02-08T00:00:00,4,0029800032,3,Final,19990208/WASDET,1610612765,1610612764,1998-1999,4, ,,Q4   - ,1
32,0029800033,1999-02-08T00:00:00,5,0029800033,3,Final,19990208/DENHOU,1610612745,1610612743,1998-1999,4, ,,Q4   - ,1
33,0029800034,1999-02-08T00:00:00,6,0029800034,3,Final,19990208/LALSAS,1610612759,1610612747,1998-1999,4, ,,Q4   - ,1
34,0029800035,1999-02-08T00:00:00,7,0029800035,3,Final,19990208/PORVAN,1610612763,1610612757,1998-1999,4, ,,Q4   - ,1
35,0029800036,1999-02-09T00:00:00,1,0029800036,3,Final,19990209/DETPHI,1610612755,1610612765,1998-1999,4, ,,Q4   - ,1
36,0029800037,1999-02-09T00:00:00,2,0029800037,3,Final,19990209/BOSMIA,1610612748,1610612738,1998-1999,4, ,,Q4   - ,1
37,0029800038,1999-02-09T00:00:00,3,0029800038,3,Final,19990209/MILTOR,1610612761,1610612749,1998-1999,4, ,,Q4   - ,1
38,0029800039,1999-02-09T00:00:00,4,0029800039,3,Final,19990209/ATLCHI,1610612741,1610612737,1998-1999,4, ,,Q4   - ,1
39,0029800040,1999-02-09T00:00:00,5,0029800040,3,Final,19990209/SASMIN,1610612750,1610612759,1998-1999,4, ,,Q4   - ,1
40,0029800041,1999-02-09T00:00:00,6,0029800041,3,Final,19990209/UTADAL,1610612742,1610612762,1998-1999,4, ,,Q4   - ,1
41,0029800042,1999-02-09T00:00:00,7,0029800042,3,Final,19990209/SACPHX,1610612756,1610612758,1998-1999,4, ,,Q4   - ,1
42,0029800043,1999-02-09T00:00:00,8,0029800043,3,Final,19990209/GSWSEA,1610612760,1610612744,1998-1999,4, ,,Q4   - ,1
43,0029800044,1999-02-10T00:00:00,1,0029800044,3,Final,19990210/WASNYK,1610612752,1610612764,1998-1999,4, ,,Q4   - ,1
44,0029800045,1999-02-10T00:00:00,2,0029800045,3,Final,19990210/ORLNJN,1610612751,1610612753,1998-1999,4, ,,Q4   - ,1
45,0029800046,1999-02-10T00:00:00,3,0029800046,3,Final,19990210/CLECHH,1610612766,1610612739,1998-1999,4, ,,Q4   - ,1
46,0029800047,1999-02-10T00:00:00,4,0029800047,3,Final,19990210/SACHOU,1610612745,1610612758,1998-1999,4, ,,Q4   - ,1
47,0029800048,1999-02-10T00:00:00,5,0029800048,3,Final,19990210/LALDEN,1610612743,1610612747,1998-1999,4, ,,Q4   - ,1
48,0029800049,1999-02-10T00:00:00,6,0029800049,3,Final,19990210/SEAGSW,1610612744,1610612760,1998-1999,4, ,,Q4   - ,1
49,0029800050,1999-02-10T00:00:00,7,0029800050,3,Final,19990210/INDPOR,1610612757,1610612754,1998-1999,4, ,,Q4   - ,1
50,0029800051,1999-02-10T00:00:00,8,0029800051,3,Final,19990210/LACVAN,1610612763,1610612746,1998-1999,4, ,,Q4   - ,1
51,0029800052,1999-02-11T00:00:00,1,0029800052,3,Final,19990211/TORMIA,1610612748,1610612761,1998-1999,4, ,,Q4   - ,1
52,0029800053,1999-02-11T00:00:00,2,0029800053,3,Final,19990211/CHHATL,1610612737,1610612766,1998-1999,4, ,,Q4   - ,1
53,0029800054,1999-02-11T00:00:00,3,0029800054,3,Final,19990211/SASCLE,1610612739,1610612759,1998-1999,4, ,,Q4   - ,1
54,0029800055,1999-02-11T00:00:00,4,0029800055,3,Final,19990211/ORLDET,1610612765,1610612753,1998-1999,4, ,,Q4   - ,1
55,0029800056,1999-02-11T00:00:00,5,0029800056,3,Final,19990211/NYKCHI,1610612741,1610612752,1998-1999,4, ,,Q4   - ,1
56,0029800057,1999-02-11T00:00:00,6,0029800057,3,Final,19990211/NJNMIL,1610612749,1610612751,1998-1999,4, ,,Q4   - ,1
57,0029800058,1999-02-11T00:00:00,7,0029800058,3,Final,19990211/LALMIN,1610612750,1610612747,1998-1999,4, ,,Q4   - ,1
58,0029800059,1999-02-11T00:00:00,8,0029800059,3,Final,19990211/HOUDAL,1610612742,1610612745,1998-1999,4, ,,Q4   - ,1
59,0029800060,1999-02-11T00:00:00,9,0029800060,3,Final,19990211/UTAPHX,1610612756,1610612762,1998-1999,4, ,,Q4   - ,1
60,0029800061,1999-02-11T00:00:00,10,0029800061,3,Final,19990211/INDVAN,1610612763,1610612754,1998-1999,4, ,,Q4   - ,1
61,0029800062,1999-02-12T00:00:00,1,0029800062,3,Final,19990212/SASPHI,1610612755,1610612759,1998-1999,4, ,,Q4   - ,1
62,0029800063,1999-02-12T00:00:00,2,0029800063,3,Final,19990212/DALDEN,1610612743,1610612742,1998-1999,4, ,,Q4   - ,1
63,0029800064,1999-02-12T00:00:00,3,0029800064,3,Final,19990212/UTAGSW,1610612744,1610612762,1998-1999,4, ,,Q4   - ,1
64,0029800065,1999-02-13T00:00:00,1,0029800065,3,Final,19990213/LACPHX,1610612756,1610612746,1998-1999,5, ,,Q5   - ,1
65,0029800066,1999-02-13T00:00:00,2,0029800066,3,Final,19990213/DENSEA,1610612760,1610612743,1998-1999,4, ,,Q4   - ,1
66,0029800067,1999-02-14T00:00:00,1,0029800067,3,Final,19990214/ATLPHI,1610612755,1610612737,1998-1999,4, ,,Q4   - ,1
67,0029800068,1999-02-14T00:00:00,2,0029800068,3,Final,19990214/MILORL,1610612753,1610612749,1998-1999,4, ,,Q4   - ,1
68,0029800069,1999-02-14T00:00:00,3,0029800069,3,Final,19990214/SASCHI,1610612741,1610612759,1998-1999,4, ,,Q4   - ,1
69,0029800070,1999-02-14T00:00:00,4,0029800070,3,Final,19990214/MINLAC,1610612746,1610612750,1998-1999,4, ,,Q4   - ,1
70,0029800071,1999-02-14T00:00:00,5,0029800071,3,Final,19990214/INDLAL,1610612747,1610612754,1998-1999,4, ,,Q4   - ,1
71,0029800072,1999-02-14T00:00:00,6,0029800072,3,Final,19990214/PORGSW,1610612744,1610612757,1998-1999,6, ,,Q6   - ,1
72,0029800073,1999-02-14T00:00:00,7,0029800073,3,Final,19990214/DALVAN,1610612763,1610612742,1998-1999,4, ,,Q4   - ,1
73,0029800074,1999-02-15T00:00:00,1,0029800074,3,Final,19990215/DETNYK,1610612752,1610612765,1998-1999,4, ,,Q4   - ,1
74,0029800075,1999-02-15T00:00:00,2,0029800075,3,Final,19990215/NJNMIA,1610612748,1610612751,1998-1999,4, ,,Q4   - ,1
75,0029800076,1999-02-15T00:00:00,3,0029800076,3,Final,19990215/PHXDEN,1610612743,1610612756,1998-1999,4, ,,Q4   - ,1
76,0029800077,1999-02-15T00:00:00,4,0029800077,3,Final,19990215/SACUTA,1610612762,1610612758,1998-1999,5, ,,Q5   - ,1
77,0029800078,1999-02-15T00:00:00,5,0029800078,3,Final,19990215/MINGSW,1610612744,1610612750,1998-1999,4, ,,Q4   - ,1
78,0029800079,1999-02-15T00:00:00,6,0029800079,3,Final,19990215/DALPOR,1610612757,1610612742,1998-1999,4, ,,Q4   - ,1
79,0029800080,1999-02-16T00:00:00,1,0029800080,3,Final,19990216/TORNYK,1610612752,1610612761,1998-1999,4, ,,Q4   - ,1
80,0029800081,1999-02-16T00:00:00,2,0029800081,3,Final,19990216/DETNJN,1610612751,1610612765,1998-1999,4, ,,Q4   - ,1
81,0029800082,1999-02-16T00:00:00,3,0029800082,3,Final,19990216/MILPHI,1610612755,1610612749,1998-1999,4, ,,Q4   - ,1
82,0029800083,1999-02-16T00:00:00,4,0029800083,3,Final,19990216/ORLCLE,1610612739,1610612753,1998-1999,4, ,,Q4   - ,1
83,0029800084,1999-02-16T00:00:00,5,0029800084,3,Final,19990216/MIAIND,1610612754,1610612748,1998-1999,4, ,,Q4   - ,1
84,0029800085,1999-02-16T00:00:00,6,0029800085,3,Final,19990216/ATLCHI,1610612741,1610612737,1998-1999,4, ,,Q4   - ,1
85,0029800086,1999-02-16T00:00:00,7,0029800086,3,Final,19990216/PHXHOU,1610612745,1610612756,1998-1999,4, ,,Q4   - ,1
86,0029800087,1999-02-16T00:00:00,8,0029800087,3,Final,19990216/VANLAC,1610612746,1610612763,1998-1999,6, ,,Q6   - ,1
87,0029800088,1999-02-16T00:00:00,9,0029800088,3,Final,19990216/CHHLAL,1610612747,1610612766,1998-1999,4, ,,Q4   - ,1
88,0029800089,1999-02-16T00:00:00,10,0029800089,3,Final,19990216/BOSSAC,1610612758,1610612738,1998-1999,4, ,,Q4   - ,1
89,0029800090,1999-02-16T00:00:00,11,0029800090,3,Final,19990216/UTASEA,1610612760,1610612762,1998-1999,4, ,,Q4   - ,1
90,0029800091,1999-02-17T00:00:00,1,0029800091,3,Final,19990217/WASORL,1610612753,1610612764,1998-1999,4, ,,Q4   - ,1
91,0029800092,1999-02-17T00:00:00,2,0029800092,3,Final,19990217/MIADET,1610612765,1610612748,1998-1999,4, ,,Q4   - ,1
92,0029800093,1999-02-17T00:00:00,3,0029800093,3,Final,19990217/CHIMIL,1610612749,1610612741,1998-1999,4, ,,Q4   - ,1
93,0029800094,1999-02-17T00:00:00,4,0029800094,3,Final,19990217/HOUMIN,1610612750,1610612745,1998-1999,4, ,,Q4   - ,1
94,0029800095,1999-02-17T00:00:00,5,0029800095,3,Final,19990217/PHXSAS,1610612759,1610612756,1998-1999,4, ,,Q4   - ,1
95,0029800096,1999-02-17T00:00:00,6,0029800096,3,Final,19990217/DALLAL,1610612747,1610612742,1998-1999,4, ,,Q4   - ,1
96,0029800097,1999-02-17T00:00:00,7,0029800097,3,Final,19990217/CHHGSW,1610612744,1610612766,1998-1999,4, ,,Q4   - ,1
97,0029800098,1999-02-17T00:00:00,8,0029800098,3,Final,19990217/DENPOR,1610612757,1610612743,1998-1999,4, ,,Q4   - ,1
98,0029800099,1999-02-17T00:00:00,9,0029800099,3,Final,19990217/SACSEA,1610612760,1610612758,1998-1999,5, ,,Q5   - ,1
99,0029800100,1999-02-17T00:00:00,10,0029800100,3,Final,19990217/BOSVAN,1610612763,1610612738,1998-1999,7, ,,Q7   - ,1
100,0029800101,1999-02-18T00:00:00,1,0029800101,3,Final,19990218/HOUNJN,1610612751,1610612745,1998-1999,5, ,,Q5   - ,1
101,0029800102,1999-02-18T00:00:00,2,0029800102,3,Final,19990218/WASTOR,1610612761,1610612764,1998-1999,4, ,,Q4   - ,1
102,0029800103,1999-02-18T00:00:00,3,0029800103,3,Final,19990218/NYKCLE,1610612739,1610612752,1998-1999,4, ,,Q4   - ,1
103,0029800104,1999-02-18T00:00:00,4,0029800104,3,Final,19990218/PHIIND,1610612754,1610612755,1998-1999,4, ,,Q4   - ,1
104,0029800105,1999-02-18T00:00:00,5,0029800105,3,Final,19990218/DENUTA,1610612762,1610612743,1998-1999,4, ,,Q4   - ,1
105,0029800106,1999-02-19T00:00:00,1,0029800106,3,Final,19990219/NYKPHI,1610612755,1610612752,1998-1999,4, ,,Q4   - ,1
106,0029800107,1999-02-19T00:00:00,2,0029800107,3,Final,19990219/CHIWAS,1610612764,1610612741,1998-1999,4, ,,Q4   - ,1
107,0029800108,1999-02-19T00:00:00,3,0029800108,3,Final,19990219/ORLATL,1610612737,1610612753,1998-1999,5, ,,Q5   - ,1
108,0029800109,1999-02-19T00:00:00,4,0029800109,3,Final,19990219/MILTOR,1610612761,1610612749,1998-1999,4, ,,Q4   - ,1
109,0029800110,1999-02-19T00:00:00,5,0029800110,3,Final,19990219/VANMIN,1610612750,1610612763,1998-1999,4, ,,Q4   - ,1
110,0029800111,1999-02-19T00:00:00,6,0029800111,3,Final,19990219/DETPHX,1610612756,1610612765,1998-1999,4, ,,Q4   - ,1
111,0029800112,1999-02-19T00:00:00,7,0029800112,3,Final,19990219/SASLAL,1610612747,1610612759,1998-1999,4, ,,Q4   - ,1
112,0029800113,1999-02-19T00:00:00,8,0029800113,3,Final,19990219/DALGSW,1610612744,1610612742,1998-1999,4, ,,Q4   - ,1
113,0029800114,1999-02-19T00:00:00,9,0029800114,3,Final,19990219/CHHSAC,1610612758,1610612766,1998-1999,4, ,,Q4   - ,1
114,0029800115,1999-02-19T00:00:00,10,0029800115,3,Final,19990219/BOSPOR,1610612757,1610612738,1998-1999,4, ,,Q4   - ,1
115,0029800116,1999-02-20T00:00:00,1,0029800116,3,Final,19990220/ATLPHI,1610612755,1610612737,1998-1999,4, ,,Q4   - ,1
116,0029800117,1999-02-20T00:00:00,2,0029800117,3,Final,19990220/HOUMIA,1610612748,1610612745,1998-1999,4, ,,Q4   - ,1
117,0029800118,1999-02-20T00:00:00,3,0029800118,3,Final,19990220/NJNCLE,1610612739,1610612751,1998-1999,4, ,,Q4   - ,1
118,0029800119,1999-02-20T00:00:00,4,0029800119,3,Final,19990220/INDMIL,1610612749,1610612754,1998-1999,4, ,,Q4   - ,1
119,0029800120,1999-02-20T00:00:00,5,0029800120,3,Final,19990220/SEAUTA,1610612762,1610612760,1998-1999,4, ,,Q4   - ,1
120,0029800121,1999-02-20T00:00:00,6,0029800121,3,Final,19990220/DALLAC,1610612746,1610612742,1998-1999,4, ,,Q4   - ,1
121,0029800122,1999-02-20T00:00:00,7,0029800122,3,Final,19990220/GSWPOR,1610612757,1610612744,1998-1999,4, ,,Q4   - ,1
122,0029800123,1999-02-21T00:00:00,1,0029800123,3,Final,19990221/CHINYK,1610612752,1610612741,1998-1999,4, ,,Q4   - ,1
123,0029800124,1999-02-21T00:00:00,2,0029800124,3,Final,19990221/BOSWAS,1610612764,1610612738,1998-1999,4, ,,Q4   - ,1
124,0029800125,1999-02-21T00:00:00,3,0029800125,3,Final,19990221/HOUORL,1610612753,1610612745,1998-1999,4, ,,Q4   - ,1
125,0029800126,1999-02-21T00:00:00,4,0029800126,3,Final,19990221/VANTOR,1610612761,1610612763,1998-1999,4, ,,Q4   - ,1
126,0029800127,1999-02-21T00:00:00,5,0029800127,3,Final,19990221/NJNIND,1610612754,1610612751,1998-1999,4, ,,Q4   - ,1
127,0029800128,1999-02-21T00:00:00,6,0029800128,3,Final,19990221/SACMIN,1610612750,1610612758,1998-1999,4, ,,Q4   - ,1
128,0029800129,1999-02-21T00:00:00,7,0029800129,3,Final,19990221/DETSAS,1610612759,1610612765,1998-1999,4, ,,Q4   - ,1
129,0029800130,1999-02-21T00:00:00,8,0029800130,3,Final,19990221/LALSEA,1610612760,1610612747,1998-1999,4, ,,Q4   - ,1
130,0029800131,1999-02-22T00:00:00,1,0029800131,3,Final,19990222/SACORL,1610612753,1610612758,1998-1999,4, ,,Q4   - ,1
131,0029800132,1999-02-22T00:00:00,2,0029800132,3,Final,19990222/CHIATL,1610612737,1610612741,1998-1999,4, ,,Q4   - ,1
132,0029800133,1999-02-22T00:00:00,3,0029800133,3,Final,19990222/PHICLE,1610612739,1610612755,1998-1999,4, ,,Q4   - ,1
133,0029800134,1999-02-22T00:00:00,4,0029800134,3,Final,19990222/SASMIN,1610612750,1610612759,1998-1999,4, ,,Q4   - ,1
134,0029800135,1999-02-22T00:00:00,5,0029800135,3,Final,19990222/LALDEN,1610612743,1610612747,1998-1999,5, ,,Q5   - ,1
135,0029800136,1999-02-22T00:00:00,6,0029800136,3,Final,19990222/LACUTA,1610612762,1610612746,1998-1999,4, ,,Q4   - ,1
136,0029800137,1999-02-22T00:00:00,7,0029800137,3,Final,19990222/DALPHX,1610612756,1610612742,1998-1999,4, ,,Q4   - ,1
137,0029800138,1999-02-23T00:00:00,1,0029800138,3,Final,19990223/NJNNYK,1610612752,1610612751,1998-1999,4, ,,Q4   - ,1
138,0029800139,1999-02-23T00:00:00,2,0029800139,3,Final,19990223/MIAWAS,1610612764,1610612748,1998-1999,4, ,,Q4   - ,1
139,0029800140,1999-02-23T00:00:00,3,0029800140,3,Final,19990223/TORDET,1610612765,1610612761,1998-1999,4, ,,Q4   - ,1
140,0029800141,1999-02-23T00:00:00,4,0029800141,3,Final,19990223/MILCHI,1610612741,1610612749,1998-1999,4, ,,Q4   - ,1
141,0029800142,1999-02-23T00:00:00,5,0029800142,3,Final,19990223/ATLDAL,1610612742,1610612737,1998-1999,4, ,,Q4   - ,1
142,0029800143,1999-02-23T00:00:00,6,0029800143,3,Final,19990223/SEAHOU,1610612745,1610612760,1998-1999,4, ,,Q4   - ,1
143,0029800144,1999-02-23T00:00:00,7,0029800144,3,Final,19990223/GSWLAC,1610612746,1610612744,1998-1999,4, ,,Q4   - ,1
144,0029800145,1999-02-23T00:00:00,8,0029800145,3,Final,19990223/LALVAN,1610612763,1610612747,1998-1999,4, ,,Q4   - ,1
145,0029800146,1999-02-24T00:00:00,1,0029800146,3,Final,19990224/ORLBOS,1610612738,1610612753,1998-1999,4, ,,Q4   - ,1
146,0029800147,1999-02-24T00:00:00,2,0029800147,3,Final,19990224/PORNJN,1610612751,1610612757,1998-1999,4, ,,Q4   - ,1
147,0029800148,1999-02-24T00:00:00,3,0029800148,3,Final,19990224/SACPHI,1610612755,1610612758,1998-1999,4, ,,Q4   - ,1
148,0029800149,1999-02-24T00:00:00,4,0029800149,3,Final,19990224/MIACHH,1610612766,1610612748,1998-1999,4, ,,Q4   - ,1
149,0029800150,1999-02-24T00:00:00,5,0029800150,3,Final,19990224/CLEDET,1610612765,1610612739,1998-1999,4, ,,Q4   - ,1
150,0029800151,1999-02-24T00:00:00,6,0029800151,3,Final,19990224/TORIND,1610612754,1610612761,1998-1999,4, ,,Q4   - ,1
151,0029800152,1999-02-24T00:00:00,7,0029800152,3,Final,19990224/SEASAS,1610612759,1610612760,1998-1999,4, ,,Q4   - ,1
152,0029800153,1999-02-24T00:00:00,8,0029800153,3,Final,19990224/UTADEN,1610612743,1610612762,1998-1999,4, ,,Q4   - ,1
153,0029800154,1999-02-25T00:00:00,1,0029800154,3,Final,19990225/MINNYK,1610612752,1610612750,1998-1999,5, ,,Q5   - ,1
154,0029800155,1999-02-25T00:00:00,2,0029800155,3,Final,19990225/SACWAS,1610612764,1610612758,1998-1999,4, ,,Q4   - ,1
155,0029800156,1999-02-25T00:00:00,3,0029800156,3,Final,19990225/INDCLE,1610612739,1610612754,1998-1999,4, ,,Q4   - ,1
156,0029800157,1999-02-25T00:00:00,4,0029800157,3,Final,19990225/PHICHI,1610612741,1610612755,1998-1999,4, ,,Q4   - ,1
157,0029800158,1999-02-25T00:00:00,5,0029800158,3,Final,19990225/DENDAL,1610612742,1610612743,1998-1999,4, ,,Q4   - ,1
158,0029800159,1999-02-25T00:00:00,6,0029800159,3,Final,19990225/ATLHOU,1610612745,1610612737,1998-1999,4, ,,Q4   - ,1
159,0029800160,1999-02-25T00:00:00,7,0029800160,3,Final,19990225/LALLAC,1610612746,1610612747,1998-1999,4, ,,Q4   - ,1
160,0029800161,1999-02-25T00:00:00,8,0029800161,3,Final,19990225/PHXVAN,1610612763,1610612756,1998-1999,4, ,,Q4   - ,1
161,0029800162,1999-02-26T00:00:00,1,0029800162,3,Final,19990226/NYKBOS,1610612738,1610612752,1998-1999,4, ,,Q4   - ,1
162,0029800163,1999-02-26T00:00:00,2,0029800163,3,Final,19990226/INDORL,1610612753,1610612754,1998-1999,5, ,,Q5   - ,1
163,0029800164,1999-02-26T00:00:00,3,0029800164,3,Final,19990226/PORCHH,1610612766,1610612757,1998-1999,4, ,,Q4   - ,1
164,0029800165,1999-02-26T00:00:00,4,0029800165,3,Final,19990226/MINTOR,1610612761,1610612750,1998-1999,4, ,,Q4   - ,1
165,0029800166,1999-02-26T00:00:00,5,0029800166,3,Final,19990226/MIADET,1610612765,1610612748,1998-1999,4, ,,Q4   - ,1
166,0029800167,1999-02-26T00:00:00,6,0029800167,3,Final,19990226/MILDEN,1610612743,1610612749,1998-1999,4, ,,Q4   - ,1
167,0029800168,1999-02-26T00:00:00,7,0029800168,3,Final,19990226/DALUTA,1610612762,1610612742,1998-1999,4, ,,Q4   - ,1
168,0029800169,1999-02-26T00:00:00,8,0029800169,3,Final,19990226/LACLAL,1610612747,1610612746,1998-1999,4, ,,Q4   - ,1
169,0029800170,1999-02-26T00:00:00,9,0029800170,3,Final,19990226/PHXGSW,1610612744,1610612756,1998-1999,4, ,,Q4   - ,1
170,0029800171,1999-02-26T00:00:00,10,0029800171,3,Final,19990226/SASSEA,1610612760,1610612759,1998-1999,4, ,,Q4   - ,1
171,0029800172,1999-02-27T00:00:00,1,0029800172,3,Final,19990227/BOSNJN,1610612751,1610612738,1998-1999,4, ,,Q4   - ,1
172,0029800173,1999-02-27T00:00:00,2,0029800173,3,Final,19990227/PORWAS,1610612764,1610612757,1998-1999,4, ,,Q4   - ,1
173,0029800174,1999-02-27T00:00:00,3,0029800174,3,Final,19990227/CHHCHI,1610612741,1610612766,1998-1999,4, ,,Q4   - ,1
174,0029800175,1999-02-27T00:00:00,4,0029800175,3,Final,19990227/SACDAL,1610612742,1610612758,1998-1999,4, ,,Q4   - ,1
175,0029800176,1999-02-27T00:00:00,5,0029800176,3,Final,19990227/ATLLAC,1610612746,1610612737,1998-1999,4, ,,Q4   - ,1
176,0029800177,1999-02-27T00:00:00,6,0029800177,3,Final,19990227/HOUVAN,1610612763,1610612745,1998-1999,4, ,,Q4   - ,1
177,0029800178,1999-02-28T00:00:00,1,0029800178,3,Final,19990228/ORLMIA,1610612748,1610612753,1998-1999,4, ,,Q4   - ,1
178,0029800179,1999-02-28T00:00:00,2,0029800179,3,Final,19990228/CHITOR,1610612761,1610612741,1998-1999,5, ,,Q5   - ,1
179,0029800180,1999-02-28T00:00:00,3,0029800180,3,Final,19990228/NYKDET,1610612765,1610612752,1998-1999,4, ,,Q4   - ,1
180,0029800181,1999-02-28T00:00:00,4,0029800181,3,Final,19990228/PHIMIL,1610612749,1610612755,1998-1999,4, ,,Q4   - ,1
181,0029800182,1999-02-28T00:00:00,5,0029800182,3,Final,19990228/PORMIN,1610612750,1610612757,1998-1999,4, ,,Q4   - ,1
182,0029800183,1999-02-28T00:00:00,6,0029800183,3,Final,19990228/UTASAS,1610612759,1610612762,1998-1999,4, ,,Q4   - ,1
183,0029800184,1999-02-28T00:00:00,7,0029800184,3,Final,19990228/VANDEN,1610612743,1610612763,1998-1999,4, ,,Q4   - ,1
184,0029800185,1999-02-28T00:00:00,8,0029800185,3,Final,19990228/GSWPHX,1610612756,1610612744,1998-1999,4, ,,Q4   - ,1
185,0029800186,1999-02-28T00:00:00,9,0029800186,3,Final,19990228/HOULAL,1610612747,1610612745,1998-1999,4, ,,Q4   - ,1
186,0029800187,1999-03-01T00:00:00,1,0029800187,3,Final,19990301/NJNBOS,1610612738,1610612751,1998-1999,4, ,,Q4   - ,1
187,0029800188,1999-03-01T00:00:00,2,0029800188,3,Final,19990301/CLENYK,1610612752,1610612739,1998-1999,4, ,,Q4   - ,1
188,0029800189,1999-03-01T00:00:00,3,0029800189,3,Final,19990301/PHIWAS,1610612764,1610612755,1998-1999,4, ,,Q4   - ,1
189,0029800190,1999-03-01T00:00:00,4,0029800190,3,Final,19990301/ATLORL,1610612753,1610612737,1998-1999,4, ,,Q4   - ,1
190,0029800191,1999-03-01T00:00:00,5,0029800191,3,Final,19990301/TORCHH,1610612766,1610612761,1998-1999,4, ,,Q4   - ,1
191,0029800192,1999-03-01T00:00:00,6,0029800192,3,Final,19990301/LALPHX,1610612756,1610612747,1998-1999,4, ,,Q4   - ,1
192,0029800193,1999-03-01T00:00:00,7,0029800193,3,Final,19990301/SEASAC,1610612758,1610612760,1998-1999,4, ,,Q4   - ,1
193,0029800194,1999-03-02T00:00:00,1,0029800194,3,Final,19990302/MILNJN,1610612751,1610612749,1998-1999,4, ,,Q4   - ,1
194,0029800195,1999-03-02T00:00:00,2,0029800195,3,Final,19990302/NYKMIA,1610612748,1610612752,1998-1999,5, ,,Q5   - ,1
195,0029800196,1999-03-02T00:00:00,3,0029800196,3,Final,19990302/WASATL,1610612737,1610612764,1998-1999,4, ,,Q4   - ,1
196,0029800197,1999-03-02T00:00:00,4,0029800197,3,Final,19990302/BOSCLE,1610612739,1610612738,1998-1999,4, ,,Q4   - ,1
197,0029800198,1999-03-02T00:00:00,5,0029800198,3,Final,19990302/DENIND,1610612754,1610612743,1998-1999,4, ,,Q4   - ,1
198,0029800199,1999-03-02T00:00:00,6,0029800199,3,Final,19990302/DETCHI,1610612741,1610612765,1998-1999,4, ,,Q4   - ,1
199,0029800200,1999-03-02T00:00:00,7,0029800200,3,Final,19990302/GSWMIN,1610612750,1610612744,1998-1999,4, ,,Q4   - ,1
200,0029800201,1999-03-02T00:00:00,8,0029800201,3,Final,19990302/LACDAL,1610612742,1610612746,1998-1999,4, ,,Q4   - ,1
201,0029800202,1999-03-02T00:00:00,9,0029800202,3,Final,19990302/SASHOU,1610612745,1610612759,1998-1999,4, ,,Q4   - ,1
202,0029800203,1999-03-02T00:00:00,10,0029800203,3,Final,19990302/UTAPOR,1610612757,1610612762,1998-1999,6, ,,Q6   - ,1
203,0029800204,1999-03-02T00:00:00,11,0029800204,3,Final,19990302/SACVAN,1610612763,1610612758,1998-1999,4, ,,Q4   - ,1
204,0029800205,1999-03-03T00:00:00,1,0029800205,3,Final,19990303/CHIPHI,1610612755,1610612741,1998-1999,4, ,,Q4   - ,1
205,0029800206,1999-03-03T00:00:00,2,0029800206,3,Final,19990303/INDWAS,1610612764,1610612754,1998-1999,4, ,,Q4   - ,1
206,0029800207,1999-03-03T00:00:00,3,0029800207,3,Final,19990303/CHHORL,1610612753,1610612766,1998-1999,4, ,,Q4   - ,1
207,0029800208,1999-03-03T00:00:00,4,0029800208,3,Final,19990303/GSWMIL,1610612749,1610612744,1998-1999,4, ,,Q4   - ,1
208,0029800209,1999-03-03T00:00:00,5,0029800209,3,Final,19990303/VANUTA,1610612762,1610612763,1998-1999,4, ,,Q4   - ,1
209,0029800210,1999-03-03T00:00:00,6,0029800210,3,Final,19990303/PHXLAL,1610612747,1610612756,1998-1999,4, ,,Q4   - ,1
210,0029800211,1999-03-03T00:00:00,7,0029800211,3,Final,19990303/PORSAC,1610612758,1610612757,1998-1999,5, ,,Q5   - ,1
211,0029800212,1999-03-04T00:00:00,1,0029800212,3,Final,19990304/CHHNJN,1610612751,1610612766,1998-1999,4, ,,Q4   - ,1
212,0029800213,1999-03-04T00:00:00,2,0029800213,3,Final,19990304/DENMIA,1610612748,1610612743,1998-1999,4, ,,Q4   - ,1
213,0029800214,1999-03-04T00:00:00,3,0029800214,3,Final,19990304/TORATL,1610612737,1610612761,1998-1999,4, ,,Q4   - ,1
214,0029800215,1999-03-04T00:00:00,4,0029800215,3,Final,19990304/DETCLE,1610612739,1610612765,1998-1999,4, ,,Q4   - ,1
215,0029800216,1999-03-04T00:00:00,5,0029800216,3,Final,19990304/SASDAL,1610612742,1610612759,1998-1999,4, ,,Q4   - ,1
216,0029800217,1999-03-04T00:00:00,6,0029800217,3,Final,19990304/LACHOU,1610612745,1610612746,1998-1999,4, ,,Q4   - ,1
217,0029800218,1999-03-04T00:00:00,7,0029800218,3,Final,19990304/PHXSEA,1610612760,1610612756,1998-1999,4, ,,Q4   - ,1
218,0029800219,1999-03-04T00:00:00,8,0029800219,3,Final,19990304/MINVAN,1610612763,1610612750,1998-1999,4, ,,Q4   - ,1
219,0029800220,1999-03-05T00:00:00,1,0029800220,3,Final,19990305/DENBOS,1610612738,1610612743,1998-1999,4, ,,Q4   - ,1
220,0029800221,1999-03-05T00:00:00,2,0029800221,3,Final,19990305/MIAPHI,1610612755,1610612748,1998-1999,4, ,,Q4   - ,1
221,0029800222,1999-03-05T00:00:00,3,0029800222,3,Final,19990305/CHHWAS,1610612764,1610612766,1998-1999,4, ,,Q4   - ,1
222,0029800223,1999-03-05T00:00:00,4,0029800223,3,Final,19990305/ORLTOR,1610612761,1610612753,1998-1999,4, ,,Q4   - ,1
223,0029800224,1999-03-05T00:00:00,5,0029800224,3,Final,19990305/GSWIND,1610612754,1610612744,1998-1999,4, ,,Q4   - ,1
224,0029800225,1999-03-05T00:00:00,6,0029800225,3,Final,19990305/NYKMIL,1610612749,1610612752,1998-1999,4, ,,Q4   - ,1
225,0029800226,1999-03-05T00:00:00,7,0029800226,3,Final,19990305/DALUTA,1610612762,1610612742,1998-1999,4, ,,Q4   - ,1
226,0029800227,1999-03-05T00:00:00,8,0029800227,3,Final,19990305/SEALAL,1610612747,1610612760,1998-1999,4, ,,Q4   - ,1
227,0029800228,1999-03-05T00:00:00,9,0029800228,3,Final,19990305/MINPOR,1610612757,1610612750,1998-1999,4, ,,Q4   - ,1
228,0029800229,1999-03-06T00:00:00,1,0029800229,3,Final,19990306/DETORL,1610612753,1610612765,1998-1999,4, ,,Q4   - ,1
229,0029800230,1999-03-06T00:00:00,2,0029800230,3,Final,19990306/GSWCLE,1610612739,1610612744,1998-1999,4, ,,Q4   - ,1
230,0029800231,1999-03-06T00:00:00,3,0029800231,3,Final,19990306/LACSAS,1610612759,1610612746,1998-1999,4, ,,Q4   - ,1
231,0029800232,1999-03-06T00:00:00,4,0029800232,3,Final,19990306/SACPHX,1610612756,1610612758,1998-1999,4, ,,Q4   - ,1
232,0029800233,1999-03-06T00:00:00,5,0029800233,3,Final,19990306/HOUVAN,1610612763,1610612745,1998-1999,4, ,,Q4   - ,1
233,0029800234,1999-03-07T00:00:00,1,0029800234,3,Final,19990307/NJNNYK,1610612752,1610612751,1998-1999,4, ,,Q4   - ,1
234,0029800235,1999-03-07T00:00:00,2,0029800235,3,Final,19990307/WASPHI,1610612755,1610612764,1998-1999,5, ,,Q5   - ,1
235,0029800236,1999-03-07T00:00:00,3,0029800236,3,Final,19990307/BOSTOR,1610612761,1610612738,1998-1999,4, ,,Q4   - ,1
236,0029800237,1999-03-07T00:00:00,4,0029800237,3,Final,19990307/MIAIND,1610612754,1610612748,1998-1999,4, ,,Q4   - ,1
237,0029800238,1999-03-07T00:00:00,5,0029800238,3,Final,19990307/SASDEN,1610612743,1610612759,1998-1999,4, ,,Q4   - ,1
238,0029800239,1999-03-07T00:00:00,6,0029800239,3,Final,19990307/LALUTA,1610612762,1610612747,1998-1999,4, ,,Q4   - ,1
239,0029800240,1999-03-07T00:00:00,7,0029800240,3,Final,19990307/DALSAC,1610612758,1610612742,1998-1999,4, ,,Q4   - ,1
240,0029800241,1999-03-07T00:00:00,8,0029800241,3,Final,19990307/HOUPOR,1610612757,1610612745,1998-1999,4, ,,Q4   - ,1
241,0029800242,1999-03-07T00:00:00,9,0029800242,3,Final,19990307/MINSEA,1610612760,1610612750,1998-1999,4, ,,Q4   - ,1
242,0029800243,1999-03-08T00:00:00,1,0029800243,3,Final,19990308/ATLORL,1610612753,1610612737,1998-1999,4, ,,Q4   - ,1
243,0029800244,1999-03-08T00:00:00,2,0029800244,3,Final,19990308/PHIMIA,1610612748,1610612755,1998-1999,4, ,,Q4   - ,1
244,0029800245,1999-03-08T00:00:00,3,0029800245,3,Final,19990308/WASDET,1610612765,1610612764,1998-1999,4, ,,Q4   - ,1
245,0029800246,1999-03-08T00:00:00,4,0029800246,3,Final,19990308/CHIMIL,1610612749,1610612741,1998-1999,4, ,,Q4   - ,1
246,0029800247,1999-03-08T00:00:00,5,0029800247,3,Final,19990308/PORVAN,1610612763,1610612757,1998-1999,4, ,,Q4   - ,1
247,0029800248,1999-03-09T00:00:00,1,0029800248,3,Final,19990309/MILNYK,1610612752,1610612749,1998-1999,4, ,,Q4   - ,1
248,0029800249,1999-03-09T00:00:00,2,0029800249,3,Final,19990309/BOSCHH,1610612766,1610612738,1998-1999,4, ,,Q4   - ,1
249,0029800250,1999-03-09T00:00:00,3,0029800250,3,Final,19990309/NJNCHI,1610612741,1610612751,1998-1999,4, ,,Q4   - ,1
250,0029800251,1999-03-09T00:00:00,4,0029800251,3,Final,19990309/SEAMIN,1610612750,1610612760,1998-1999,4, ,,Q4   - ,1
251,0029800252,1999-03-09T00:00:00,5,0029800252,3,Final,19990309/PHXDAL,1610612742,1610612756,1998-1999,4, ,,Q4   - ,1
252,0029800253,1999-03-09T00:00:00,6,0029800253,3,Final,19990309/DENHOU,1610612745,1610612743,1998-1999,4, ,,Q4   - ,1
253,0029800254,1999-03-09T00:00:00,7,0029800254,3,Final,19990309/CLEUTA,1610612762,1610612739,1998-1999,4, ,,Q4   - ,1
254,0029800255,1999-03-09T00:00:00,8,0029800255,3,Final,19990309/LALLAC,1610612746,1610612747,1998-1999,4, ,,Q4   - ,1
255,0029800256,1999-03-09T00:00:00,9,0029800256,3,Final,19990309/VANGSW,1610612744,1610612763,1998-1999,4, ,,Q4   - ,1
256,0029800257,1999-03-09T00:00:00,10,0029800257,3,Final,19990309/SACPOR,1610612757,1610612758,1998-1999,4, ,,Q4   - ,1
257,0029800258,1999-03-10T00:00:00,1,0029800258,3,Final,19990310/CHHPHI,1610612755,1610612766,1998-1999,4, ,,Q4   - ,1
258,0029800259,1999-03-10T00:00:00,2,0029800259,3,Final,19990310/DETWAS,1610612764,1610612765,1998-1999,4, ,,Q4   - ,1
259,0029800260,1999-03-10T00:00:00,3,0029800260,3,Final,19990310/ATLMIA,1610612748,1610612737,1998-1999,4, ,,Q4   - ,1
260,0029800261,1999-03-10T00:00:00,4,0029800261,3,Final,19990310/NJNIND,1610612754,1610612751,1998-1999,4, ,,Q4   - ,1
261,0029800262,1999-03-10T00:00:00,5,0029800262,3,Final,19990310/SEAMIL,1610612749,1610612760,1998-1999,4, ,,Q4   - ,1
262,0029800263,1999-03-10T00:00:00,6,0029800263,3,Final,19990310/ORLSAS,1610612759,1610612753,1998-1999,4, ,,Q4   - ,1
263,0029800264,1999-03-10T00:00:00,7,0029800264,3,Final,19990310/CLEPHX,1610612756,1610612739,1998-1999,4, ,,Q4   - ,1
264,0029800265,1999-03-10T00:00:00,8,0029800265,3,Final,19990310/LACLAL,1610612747,1610612746,1998-1999,4, ,,Q4   - ,1
265,0029800266,1999-03-11T00:00:00,1,0029800266,3,Final,19990311/WASNYK,1610612752,1610612764,1998-1999,4, ,,Q4   - ,1
266,0029800267,1999-03-11T00:00:00,2,0029800267,3,Final,19990311/TORMIA,1610612748,1610612761,1998-1999,4, ,,Q4   - ,1
267,0029800268,1999-03-11T00:00:00,3,0029800268,3,Final,19990311/BOSATL,1610612737,1610612738,1998-1999,4, ,,Q4   - ,1
268,0029800269,1999-03-11T00:00:00,4,0029800269,3,Final,19990311/SEACHI,1610612741,1610612760,1998-1999,4, ,,Q4   - ,1
269,0029800270,1999-03-11T00:00:00,5,0029800270,3,Final,19990311/ORLDAL,1610612742,1610612753,1998-1999,4, ,,Q4   - ,1
270,0029800271,1999-03-11T00:00:00,6,0029800271,3,Final,19990311/VANHOU,1610612745,1610612763,1998-1999,4, ,,Q4   - ,1
271,0029800272,1999-03-11T00:00:00,7,0029800272,3,Final,19990311/DENUTA,1610612762,1610612743,1998-1999,4, ,,Q4   - ,1
272,0029800273,1999-03-11T00:00:00,8,0029800273,3,Final,19990311/SACLAC,1610612746,1610612758,1998-1999,4, ,,Q4   - ,1
273,0029800274,1999-03-11T00:00:00,9,0029800274,3,Final,19990311/MINGSW,1610612744,1610612750,1998-1999,4, ,,Q4   - ,1
274,0029800275,1999-03-12T00:00:00,1,0029800275,3,Final,19990312/NJNPHI,1610612755,1610612751,1998-1999,5, ,,Q5   - ,1
275,0029800276,1999-03-12T00:00:00,2,0029800276,3,Final,19990312/CHHWAS,1610612764,1610612766,1998-1999,4, ,,Q4   - ,1
276,0029800277,1999-03-12T00:00:00,3,0029800277,3,Final,19990312/BOSDET,1610612765,1610612738,1998-1999,4, ,,Q4   - ,1
277,0029800278,1999-03-12T00:00:00,4,0029800278,3,Final,19990312/MILIND,1610612754,1610612749,1998-1999,4, ,,Q4   - ,1
278,0029800279,1999-03-12T00:00:00,5,0029800279,3,Final,19990312/NYKCHI,1610612741,1610612752,1998-1999,4, ,,Q4   - ,1
279,0029800280,1999-03-12T00:00:00,6,0029800280,3,Final,19990312/SASPHX,1610612756,1610612759,1998-1999,4, ,,Q4   - ,1
280,0029800281,1999-03-12T00:00:00,7,0029800281,3,Final,19990312/GSWLAL,1610612747,1610612744,1998-1999,4, ,,Q4   - ,1
281,0029800282,1999-03-12T00:00:00,8,0029800282,3,Final,19990312/MINSAC,1610612758,1610612750,1998-1999,4, ,,Q4   - ,1
282,0029800283,1999-03-12T00:00:00,9,0029800283,3,Final,19990312/UTAPOR,1610612757,1610612762,1998-1999,4, ,,Q4   - ,1
283,0029800284,1999-03-13T00:00:00,1,0029800284,3,Final,19990313/TORATL,1610612737,1610612761,1998-1999,4, ,,Q4   - ,1
284,0029800285,1999-03-13T00:00:00,2,0029800285,3,Final,19990313/VANDAL,1610612742,1610612763,1998-1999,4, ,,Q4   - ,1
285,0029800286,1999-03-13T00:00:00,3,0029800286,3,Final,19990313/CLEHOU,1610612745,1610612739,1998-1999,4, ,,Q4   - ,1
286,0029800287,1999-03-13T00:00:00,4,0029800287,3,Final,19990313/DENSAS,1610612759,1610612743,1998-1999,4, ,,Q4   - ,1
287,0029800288,1999-03-13T00:00:00,5,0029800288,3,Final,19990313/MINUTA,1610612762,1610612750,1998-1999,4, ,,Q4   - ,1
288,0029800289,1999-03-13T00:00:00,6,0029800289,3,Final,19990313/PORLAC,1610612746,1610612757,1998-1999,5, ,,Q5   - ,1
289,0029800290,1999-03-13T00:00:00,7,0029800290,3,Final,19990313/ORLGSW,1610612744,1610612753,1998-1999,4, ,,Q4   - ,1
290,0029800291,1999-03-14T00:00:00,1,0029800291,3,Final,19990314/CHHNYK,1610612752,1610612766,1998-1999,4, ,,Q4   - ,1
291,0029800292,1999-03-14T00:00:00,2,0029800292,3,Final,19990314/MILWAS,1610612764,1610612749,1998-1999,4, ,,Q4   - ,1
292,0029800293,1999-03-14T00:00:00,3,0029800293,3,Final,19990314/NJNMIA,1610612748,1610612751,1998-1999,4, ,,Q4   - ,1
293,0029800294,1999-03-14T00:00:00,4,0029800294,3,Final,19990314/ATLDET,1610612765,1610612737,1998-1999,4, ,,Q4   - ,1
294,0029800295,1999-03-14T00:00:00,5,0029800295,3,Final,19990314/BOSIND,1610612754,1610612738,1998-1999,4, ,,Q4   - ,1
295,0029800296,1999-03-14T00:00:00,6,0029800296,3,Final,19990314/HOUPHX,1610612756,1610612745,1998-1999,4, ,,Q4   - ,1
296,0029800297,1999-03-14T00:00:00,7,0029800297,3,Final,19990314/LALSAC,1610612758,1610612747,1998-1999,4, ,,Q4   - ,1
297,0029800298,1999-03-14T00:00:00,8,0029800298,3,Final,19990314/LACSEA,1610612760,1610612746,1998-1999,4, ,,Q4   - ,1
298,0029800299,1999-03-15T00:00:00,1,0029800299,3,Final,19990315/PHIORL,1610612753,1610612755,1998-1999,4, ,,Q4   - ,1
299,0029800300,1999-03-15T00:00:00,2,0029800300,3,Final,19990315/CHHTOR,1610612761,1610612766,1998-1999,4, ,,Q4   - ,1
300,0029800301,1999-03-15T00:00:00,3,0029800301,3,Final,19990315/CLECHI,1610612741,1610612739,1998-1999,5, ,,Q5   - ,1
301,0029800302,1999-03-15T00:00:00,4,0029800302,3,Final,19990315/NYKMIL,1610612749,1610612752,1998-1999,4, ,,Q4   - ,1
302,0029800303,1999-03-15T00:00:00,5,0029800303,3,Final,19990315/UTAMIN,1610612750,1610612762,1998-1999,4, ,,Q4   - ,1
303,0029800304,1999-03-15T00:00:00,6,0029800304,3,Final,19990315/PORDAL,1610612742,1610612757,1998-1999,4, ,,Q4   - ,1
304,0029800305,1999-03-15T00:00:00,7,0029800305,3,Final,19990315/VANDEN,1610612743,1610612763,1998-1999,4, ,,Q4   - ,1
305,0029800306,1999-03-15T00:00:00,8,0029800306,3,Final,19990315/SACGSW,1610612744,1610612758,1998-1999,4, ,,Q4   - ,1
306,0029800307,1999-03-16T00:00:00,1,0029800307,3,Final,19990316/LACNYK,1610612752,1610612746,1998-1999,4, ,,Q4   - ,1
307,0029800308,1999-03-16T00:00:00,2,0029800308,3,Final,19990316/WASMIA,1610612748,1610612764,1998-1999,4, ,,Q4   - ,1
308,0029800309,1999-03-16T00:00:00,3,0029800309,3,Final,19990316/NJNTOR,1610612761,1610612751,1998-1999,4, ,,Q4   - ,1
309,0029800310,1999-03-16T00:00:00,4,0029800310,3,Final,19990316/DETCLE,1610612739,1610612765,1998-1999,4, ,,Q4   - ,1
310,0029800311,1999-03-16T00:00:00,5,0029800311,3,Final,19990316/ATLIND,1610612754,1610612737,1998-1999,4, ,,Q4   - ,1
311,0029800312,1999-03-16T00:00:00,6,0029800312,3,Final,19990316/PHXMIL,1610612749,1610612756,1998-1999,4, ,,Q4   - ,1
312,0029800313,1999-03-16T00:00:00,7,0029800313,3,Final,19990316/LALMIN,1610612750,1610612747,1998-1999,4, ,,Q4   - ,1
313,0029800314,1999-03-16T00:00:00,8,0029800314,3,Final,19990316/PORHOU,1610612745,1610612757,1998-1999,4, ,,Q4   - ,1
314,0029800315,1999-03-16T00:00:00,9,0029800315,3,Final,19990316/SASSAC,1610612758,1610612759,1998-1999,4, ,,Q4   - ,1
315,0029800316,1999-03-16T00:00:00,10,0029800316,3,Final,19990316/VANSEA,1610612760,1610612763,1998-1999,4, ,,Q4   - ,1
316,0029800317,1999-03-17T00:00:00,1,0029800317,3,Final,19990317/LACBOS,1610612738,1610612746,1998-1999,4, ,,Q4   - ,1
317,0029800318,1999-03-17T00:00:00,2,0029800318,3,Final,19990317/DALNJN,1610612751,1610612742,1998-1999,4, ,,Q4   - ,1
318,0029800319,1999-03-17T00:00:00,3,0029800319,3,Final,19990317/INDPHI,1610612755,1610612754,1998-1999,4, ,,Q4   - ,1
319,0029800320,1999-03-17T00:00:00,4,0029800320,3,Final,19990317/CHIORL,1610612753,1610612741,1998-1999,4, ,,Q4   - ,1
320,0029800321,1999-03-17T00:00:00,5,0029800321,3,Final,19990317/PHXCHH,1610612766,1610612756,1998-1999,4, ,,Q4   - ,1
321,0029800322,1999-03-17T00:00:00,6,0029800322,3,Final,19990317/MIAATL,1610612737,1610612748,1998-1999,4, ,,Q4   - ,1
322,0029800323,1999-03-17T00:00:00,7,0029800323,3,Final,19990317/TORDET,1610612765,1610612761,1998-1999,4, ,,Q4   - ,1
323,0029800324,1999-03-17T00:00:00,8,0029800324,3,Final,19990317/HOUDEN,1610612743,1610612745,1998-1999,4, ,,Q4   - ,1
324,0029800325,1999-03-17T00:00:00,9,0029800325,3,Final,19990317/SASGSW,1610612744,1610612759,1998-1999,4, ,,Q4   - ,1
325,0029800326,1999-03-18T00:00:00,1,0029800326,3,Final,19990318/ORLNYK,1610612752,1610612753,1998-1999,4, ,,Q4   - ,1
326,0029800327,1999-03-18T00:00:00,2,0029800327,3,Final,19990318/UTAWAS,1610612764,1610612762,1998-1999,4, ,,Q4   - ,1
327,0029800328,1999-03-18T00:00:00,3,0029800328,3,Final,19990318/LALCLE,1610612739,1610612747,1998-1999,4, ,,Q4   - ,1
328,0029800329,1999-03-18T00:00:00,4,0029800329,3,Final,19990318/NJNCHI,1610612741,1610612751,1998-1999,4, ,,Q4   - ,1
329,0029800330,1999-03-18T00:00:00,5,0029800330,3,Final,19990318/BOSMIL,1610612749,1610612738,1998-1999,4, ,,Q4   - ,1
330,0029800331,1999-03-18T00:00:00,6,0029800331,3,Final,19990318/PORSAC,1610612758,1610612757,1998-1999,4, ,,Q4   - ,1
331,0029800332,1999-03-18T00:00:00,7,0029800332,3,Final,19990318/MINVAN,1610612763,1610612750,1998-1999,4, ,,Q4   - ,1
332,0029800333,1999-03-19T00:00:00,1,0029800333,3,Final,19990319/LALPHI,1610612755,1610612747,1998-1999,4, ,,Q4   - ,1
333,0029800334,1999-03-19T00:00:00,2,0029800334,3,Final,19990319/UTACHH,1610612766,1610612762,1998-1999,5, ,,Q5   - ,1
334,0029800335,1999-03-19T00:00:00,3,0029800335,3,Final,19990319/PHXATL,1610612737,1610612756,1998-1999,4, ,,Q4   - ,1
335,0029800336,1999-03-19T00:00:00,4,0029800336,3,Final,19990319/LACTOR,1610612761,1610612746,1998-1999,4, ,,Q4   - ,1
336,0029800337,1999-03-19T00:00:00,5,0029800337,3,Final,19990319/DALDET,1610612765,1610612742,1998-1999,4, ,,Q4   - ,1
337,0029800338,1999-03-19T00:00:00,6,0029800338,3,Final,19990319/CHIIND,1610612754,1610612741,1998-1999,4, ,,Q4   - ,1
338,0029800339,1999-03-19T00:00:00,7,0029800339,3,Final,19990319/MINDEN,1610612743,1610612750,1998-1999,4, ,,Q4   - ,1
339,0029800340,1999-03-19T00:00:00,8,0029800340,3,Final,19990319/SEAGSW,1610612744,1610612760,1998-1999,4, ,,Q4   - ,1
340,0029800341,1999-03-19T00:00:00,9,0029800341,3,Final,19990319/SASPOR,1610612757,1610612759,1998-1999,4, ,,Q4   - ,1
341,0029800342,1999-03-20T00:00:00,1,0029800342,3,Final,19990320/BOSNYK,1610612752,1610612738,1998-1999,4, ,,Q4   - ,1
342,0029800343,1999-03-20T00:00:00,2,0029800343,3,Final,19990320/CLEWAS,1610612764,1610612739,1998-1999,4, ,,Q4   - ,1
343,0029800344,1999-03-20T00:00:00,3,0029800344,3,Final,19990320/INDMIA,1610612748,1610612754,1998-1999,4, ,,Q4   - ,1
344,0029800345,1999-03-20T00:00:00,4,0029800345,3,Final,19990320/MILATL,1610612737,1610612749,1998-1999,4, ,,Q4   - ,1
345,0029800346,1999-03-20T00:00:00,5,0029800346,3,Final,19990320/SACDAL,1610612742,1610612758,1998-1999,4, ,,Q4   - ,1
346,0029800347,1999-03-20T00:00:00,6,0029800347,3,Final,19990320/PHXHOU,1610612745,1610612756,1998-1999,5, ,,Q5   - ,1
347,0029800348,1999-03-20T00:00:00,7,0029800348,3,Final,19990320/SASVAN,1610612763,1610612759,1998-1999,5, ,,Q5   - ,1
348,0029800349,1999-03-21T00:00:00,1,0029800349,3,Final,19990321/CHIBOS,1610612738,1610612741,1998-1999,5, ,,Q5   - ,1
349,0029800350,1999-03-21T00:00:00,2,0029800350,3,Final,19990321/LALORL,1610612753,1610612747,1998-1999,4, ,,Q4   - ,1
350,0029800351,1999-03-21T00:00:00,3,0029800351,3,Final,19990321/NYKTOR,1610612761,1610612752,1998-1999,5, ,,Q5   - ,1
351,0029800352,1999-03-21T00:00:00,4,0029800352,3,Final,19990321/NJNCLE,1610612739,1610612751,1998-1999,4, ,,Q4   - ,1
352,0029800353,1999-03-21T00:00:00,5,0029800353,3,Final,19990321/UTADET,1610612765,1610612762,1998-1999,5, ,,Q5   - ,1
353,0029800354,1999-03-21T00:00:00,6,0029800354,3,Final,19990321/CHHMIL,1610612749,1610612766,1998-1999,4, ,,Q4   - ,1
354,0029800355,1999-03-21T00:00:00,7,0029800355,3,Final,19990321/LACMIN,1610612750,1610612746,1998-1999,4, ,,Q4   - ,1
355,0029800356,1999-03-21T00:00:00,8,0029800356,3,Final,19990321/SEADEN,1610612743,1610612760,1998-1999,4, ,,Q4   - ,1
356,0029800357,1999-03-21T00:00:00,9,0029800357,3,Final,19990321/PHIPOR,1610612757,1610612755,1998-1999,4, ,,Q4   - ,1
357,0029800358,1999-03-22T00:00:00,1,0029800358,3,Final,19990322/ATLNYK,1610612752,1610612737,1998-1999,4, ,,Q4   - ,1
358,0029800359,1999-03-22T00:00:00,2,0029800359,3,Final,19990322/TORNJN,1610612751,1610612761,1998-1999,4, ,,Q4   - ,1
359,0029800360,1999-03-22T00:00:00,3,0029800360,3,Final,19990322/WASIND,1610612754,1610612764,1998-1999,4, ,,Q4   - ,1
360,0029800361,1999-03-22T00:00:00,4,0029800361,3,Final,19990322/DETMIL,1610612749,1610612765,1998-1999,4, ,,Q4   - ,1
361,0029800362,1999-03-22T00:00:00,5,0029800362,3,Final,19990322/LALDAL,1610612742,1610612747,1998-1999,4, ,,Q4   - ,1
362,0029800363,1999-03-22T00:00:00,6,0029800363,3,Final,19990322/SACHOU,1610612745,1610612758,1998-1999,4, ,,Q4   - ,1
363,0029800364,1999-03-22T00:00:00,7,0029800364,3,Final,19990322/VANPHX,1610612756,1610612763,1998-1999,4, ,,Q4   - ,1
364,0029800365,1999-03-22T00:00:00,8,0029800365,3,Final,19990322/PHISEA,1610612760,1610612755,1998-1999,4, ,,Q4   - ,1
365,0029800366,1999-03-23T00:00:00,1,0029800366,3,Final,19990323/CHHORL,1610612753,1610612766,1998-1999,4, ,,Q4   - ,1
366,0029800367,1999-03-23T00:00:00,2,0029800367,3,Final,19990323/BOSCLE,1610612739,1610612738,1998-1999,4, ,,Q4   - ,1
367,0029800368,1999-03-23T00:00:00,3,0029800368,3,Final,19990323/TORCHI,1610612741,1610612761,1998-1999,4, ,,Q4   - ,1
368,0029800369,1999-03-23T00:00:00,4,0029800369,3,Final,19990323/DENSAS,1610612759,1610612743,1998-1999,4, ,,Q4   - ,1
369,0029800370,1999-03-23T00:00:00,5,0029800370,3,Final,19990323/MIAUTA,1610612762,1610612748,1998-1999,4, ,,Q4   - ,1
370,0029800371,1999-03-23T00:00:00,6,0029800371,3,Final,19990323/GSWPOR,1610612757,1610612744,1998-1999,4, ,,Q4   - ,1
371,0029800372,1999-03-24T00:00:00,1,0029800372,3,Final,19990324/MINBOS,1610612738,1610612750,1998-1999,4, ,,Q4   - ,1
372,0029800373,1999-03-24T00:00:00,2,0029800373,3,Final,19990324/DETNJN,1610612751,1610612765,1998-1999,4, ,,Q4   - ,1
373,0029800374,1999-03-24T00:00:00,3,0029800374,3,Final,19990324/CHICHH,1610612766,1610612741,1998-1999,4, ,,Q4   - ,1
374,0029800375,1999-03-24T00:00:00,4,0029800375,3,Final,19990324/INDATL,1610612737,1610612754,1998-1999,4, ,,Q4   - ,1
375,0029800376,1999-03-24T00:00:00,5,0029800376,3,Final,19990324/MIAMIL,1610612749,1610612748,1998-1999,4, ,,Q4   - ,1
376,0029800377,1999-03-24T00:00:00,6,0029800377,3,Final,19990324/HOUDAL,1610612742,1610612745,1998-1999,4, ,,Q4   - ,1
377,0029800378,1999-03-24T00:00:00,7,0029800378,3,Final,19990324/GSWLAC,1610612746,1610612744,1998-1999,4, ,,Q4   - ,1
378,0029800379,1999-03-24T00:00:00,8,0029800379,3,Final,19990324/PHXLAL,1610612747,1610612756,1998-1999,4, ,,Q4   - ,1
379,0029800380,1999-03-24T00:00:00,9,0029800380,3,Final,19990324/NYKSAC,1610612758,1610612752,1998-1999,4, ,,Q4   - ,1
380,0029800381,1999-03-24T00:00:00,10,0029800381,3,Final,19990324/WASSEA,1610612760,1610612764,1998-1999,4, ,,Q4   - ,1
381,0029800382,1999-03-24T00:00:00,11,0029800382,3,Final,19990324/PHIVAN,1610612763,1610612755,1998-1999,5, ,,Q5   - ,1
382,0029800383,1999-03-25T00:00:00,1,0029800383,3,Final,19990325/CLEORL,1610612753,1610612739,1998-1999,4, ,,Q4   - ,1
383,0029800384,1999-03-25T00:00:00,2,0029800384,3,Final,19990325/TORHOU,1610612745,1610612761,1998-1999,4, ,,Q4   - ,1
384,0029800385,1999-03-25T00:00:00,3,0029800385,3,Final,19990325/SASDEN,1610612743,1610612759,1998-1999,4, ,,Q4   - ,1
385,0029800386,1999-03-25T00:00:00,4,0029800386,3,Final,19990325/PHXPOR,1610612757,1610612756,1998-1999,4, ,,Q4   - ,1
386,0029800387,1999-03-26T00:00:00,1,0029800387,3,Final,19990326/INDNJN,1610612751,1610612754,1998-1999,4, ,,Q4   - ,1
387,0029800388,1999-03-26T00:00:00,2,0029800388,3,Final,19990326/BOSPHI,1610612755,1610612738,1998-1999,4, ,,Q4   - ,1
388,0029800389,1999-03-26T00:00:00,3,0029800389,3,Final,19990326/ORLCHH,1610612766,1610612753,1998-1999,4, ,,Q4   - ,1
389,0029800390,1999-03-26T00:00:00,4,0029800390,3,Final,19990326/CHIATL,1610612737,1610612741,1998-1999,4, ,,Q4   - ,1
390,0029800391,1999-03-26T00:00:00,5,0029800391,3,Final,19990326/MILDET,1610612765,1610612749,1998-1999,4, ,,Q4   - ,1
391,0029800392,1999-03-26T00:00:00,6,0029800392,3,Final,19990326/MIAMIN,1610612750,1610612748,1998-1999,4, ,,Q4   - ,1
392,0029800393,1999-03-26T00:00:00,7,0029800393,3,Final,19990326/DENDAL,1610612742,1610612743,1998-1999,4, ,,Q4   - ,1
393,0029800394,1999-03-26T00:00:00,8,0029800394,3,Final,19990326/TORSAS,1610612759,1610612761,1998-1999,4, ,,Q4   - ,1
394,0029800395,1999-03-26T00:00:00,9,0029800395,3,Final,19990326/NYKPHX,1610612756,1610612752,1998-1999,4, ,,Q4   - ,1
395,0029800396,1999-03-26T00:00:00,10,0029800396,3,Final,19990326/SACLAL,1610612747,1610612758,1998-1999,4, ,,Q4   - ,1
396,0029800397,1999-03-26T00:00:00,11,0029800397,3,Final,19990326/WASGSW,1610612744,1610612764,1998-1999,4, ,,Q4   - ,1
397,0029800398,1999-03-26T00:00:00,12,0029800398,3,Final,19990326/LACSEA,1610612760,1610612746,1998-1999,4, ,,Q4   - ,1
398,0029800399,1999-03-26T00:00:00,13,0029800399,3,Final,19990326/UTAVAN,1610612763,1610612762,1998-1999,4, ,,Q4   - ,1
399,0029800400,1999-03-27T00:00:00,1,0029800400,3,Final,19990327/CLENJN,1610612751,1610612739,1998-1999,4, ,,Q4   - ,1
400,0029800401,1999-03-27T00:00:00,2,0029800401,3,Final,19990327/PHIATL,1610612737,1610612755,1998-1999,5, ,,Q5   - ,1
401,0029800402,1999-03-27T00:00:00,3,0029800402,3,Final,19990327/DALSAS,1610612759,1610612742,1998-1999,4, ,,Q4   - ,1
402,0029800403,1999-03-27T00:00:00,4,0029800403,3,Final,19990327/WASDEN,1610612743,1610612764,1998-1999,4, ,,Q4   - ,1
403,0029800404,1999-03-27T00:00:00,5,0029800404,3,Final,19990327/UTALAC,1610612746,1610612762,1998-1999,4, ,,Q4   - ,1
404,0029800405,1999-03-27T00:00:00,6,0029800405,3,Final,19990327/HOUGSW,1610612744,1610612745,1998-1999,4, ,,Q4   - ,1
405,0029800406,1999-03-28T00:00:00,1,0029800406,3,Final,19990328/INDBOS,1610612738,1610612754,1998-1999,4, ,,Q4   - ,1
406,0029800407,1999-03-28T00:00:00,2,0029800407,3,Final,19990328/MIAORL,1610612753,1610612748,1998-1999,4, ,,Q4   - ,1
407,0029800408,1999-03-28T00:00:00,3,0029800408,3,Final,19990328/CLECHH,1610612766,1610612739,1998-1999,4, ,,Q4   - ,1
408,0029800409,1999-03-28T00:00:00,4,0029800409,3,Final,19990328/CHITOR,1610612761,1610612741,1998-1999,4, ,,Q4   - ,1
409,0029800410,1999-03-28T00:00:00,5,0029800410,3,Final,19990328/SEADET,1610612765,1610612760,1998-1999,4, ,,Q4   - ,1
410,0029800411,1999-03-28T00:00:00,6,0029800411,3,Final,19990328/MILMIN,1610612750,1610612749,1998-1999,4, ,,Q4   - ,1
411,0029800412,1999-03-28T00:00:00,7,0029800412,3,Final,19990328/PORPHX,1610612756,1610612757,1998-1999,4, ,,Q4   - ,1
412,0029800413,1999-03-28T00:00:00,8,0029800413,3,Final,19990328/NYKLAL,1610612747,1610612752,1998-1999,4, ,,Q4   - ,1
413,0029800414,1999-03-28T00:00:00,9,0029800414,3,Final,19990328/HOUSAC,1610612758,1610612745,1998-1999,4, ,,Q4   - ,1
414,0029800415,1999-03-29T00:00:00,1,0029800415,3,Final,19990329/ATLIND,1610612754,1610612737,1998-1999,4, ,,Q4   - ,1
415,0029800416,1999-03-29T00:00:00,2,0029800416,3,Final,19990329/SEADAL,1610612742,1610612760,1998-1999,4, ,,Q4   - ,1
416,0029800417,1999-03-29T00:00:00,3,0029800417,3,Final,19990329/LACDEN,1610612743,1610612746,1998-1999,4, ,,Q4   - ,1
417,0029800418,1999-03-29T00:00:00,4,0029800418,3,Final,19990329/VANLAL,1610612747,1610612763,1998-1999,4, ,,Q4   - ,1
418,0029800419,1999-03-30T00:00:00,1,0029800419,3,Final,19990330/INDNYK,1610612752,1610612754,1998-1999,4, ,,Q4   - ,1
419,0029800420,1999-03-30T00:00:00,2,0029800420,3,Final,19990330/NJNORL,1610612753,1610612751,1998-1999,4, ,,Q4   - ,1
420,0029800421,1999-03-30T00:00:00,3,0029800421,3,Final,19990330/BOSCHH,1610612766,1610612738,1998-1999,4, ,,Q4   - ,1
421,0029800422,1999-03-30T00:00:00,4,0029800422,3,Final,19990330/DETATL,1610612737,1610612765,1998-1999,4, ,,Q4   - ,1
422,0029800423,1999-03-30T00:00:00,5,0029800423,3,Final,19990330/TORCLE,1610612739,1610612761,1998-1999,4, ,,Q4   - ,1
423,0029800424,1999-03-30T00:00:00,6,0029800424,3,Final,19990330/PHICHI,1610612741,1610612755,1998-1999,4, ,,Q4   - ,1
424,0029800425,1999-03-30T00:00:00,7,0029800425,3,Final,19990330/WASMIL,1610612749,1610612764,1998-1999,4, ,,Q4   - ,1
425,0029800426,1999-03-30T00:00:00,8,0029800426,3,Final,19990330/DALMIN,1610612750,1610612742,1998-1999,4, ,,Q4   - ,1
426,0029800427,1999-03-30T00:00:00,9,0029800427,3,Final,19990330/SEASAS,1610612759,1610612760,1998-1999,4, ,,Q4   - ,1
427,0029800428,1999-03-30T00:00:00,10,0029800428,3,Final,19990330/HOULAC,1610612746,1610612745,1998-1999,4, ,,Q4   - ,1
428,0029800429,1999-03-30T00:00:00,11,0029800429,3,Final,19990330/PORGSW,1610612744,1610612757,1998-1999,4, ,,Q4   - ,1
429,0029800430,1999-03-30T00:00:00,12,0029800430,3,Final,19990330/UTASAC,1610612758,1610612762,1998-1999,5, ,,Q5   - ,1
430,0029800431,1999-03-30T00:00:00,13,0029800431,3,Final,19990330/DENVAN,1610612763,1610612743,1998-1999,4, ,,Q4   - ,1
431,0029800432,1999-03-31T00:00:00,1,0029800432,3,Final,19990331/DETBOS,1610612738,1610612765,1998-1999,4, ,,Q4   - ,1
432,0029800433,1999-03-31T00:00:00,2,0029800433,3,Final,19990331/ORLWAS,1610612764,1610612753,1998-1999,4, ,,Q4   - ,1
433,0029800434,1999-03-31T00:00:00,3,0029800434,3,Final,19990331/MILCHH,1610612766,1610612749,1998-1999,4, ,,Q4   - ,1
434,0029800435,1999-03-31T00:00:00,4,0029800435,3,Final,19990331/GSWPHX,1610612756,1610612744,1998-1999,4, ,,Q4   - ,1
435,0029800436,1999-03-31T00:00:00,5,0029800436,3,Final,19990331/SACPOR,1610612757,1610612758,1998-1999,4, ,,Q4   - ,1
436,0029800437,1999-04-01T00:00:00,1,0029800437,3,Final,19990401/CLENYK,1610612752,1610612739,1998-1999,4, ,,Q4   - ,1
437,0029800438,1999-04-01T00:00:00,2,0029800438,3,Final,19990401/ATLNJN,1610612751,1610612737,1998-1999,4, ,,Q4   - ,1
438,0029800439,1999-04-01T00:00:00,3,0029800439,3,Final,19990401/PHIMIA,1610612748,1610612755,1998-1999,4, ,,Q4   - ,1
439,0029800440,1999-04-01T00:00:00,4,0029800440,3,Final,19990401/INDTOR,1610612761,1610612754,1998-1999,4, ,,Q4   - ,1
440,0029800441,1999-04-01T00:00:00,5,0029800441,3,Final,19990401/CHIDET,1610612765,1610612741,1998-1999,4, ,,Q4   - ,1
441,0029800442,1999-04-01T00:00:00,6,0029800442,3,Final,19990401/LACDAL,1610612742,1610612746,1998-1999,4, ,,Q4   - ,1
442,0029800443,1999-04-01T00:00:00,7,0029800443,3,Final,19990401/VANSAS,1610612759,1610612763,1998-1999,4, ,,Q4   - ,1
443,0029800444,1999-04-01T00:00:00,8,0029800444,3,Final,19990401/SEADEN,1610612743,1610612760,1998-1999,4, ,,Q4   - ,1
444,0029800445,1999-04-01T00:00:00,9,0029800445,3,Final,19990401/HOUUTA,1610612762,1610612745,1998-1999,4, ,,Q4   - ,1
445,0029800446,1999-04-02T00:00:00,1,0029800446,3,Final,19990402/MILBOS,1610612738,1610612749,1998-1999,4, ,,Q4   - ,1
446,0029800447,1999-04-02T00:00:00,2,0029800447,3,Final,19990402/CLEPHI,1610612755,1610612739,1998-1999,4, ,,Q4   - ,1
447,0029800448,1999-04-02T00:00:00,3,0029800448,3,Final,19990402/INDCHH,1610612766,1610612754,1998-1999,4, ,,Q4   - ,1
448,0029800449,1999-04-02T00:00:00,4,0029800449,3,Final,19990402/VANATL,1610612737,1610612763,1998-1999,4, ,,Q4   - ,1
449,0029800450,1999-04-02T00:00:00,5,0029800450,3,Final,19990402/ORLCHI,1610612741,1610612753,1998-1999,4, ,,Q4   - ,1
450,0029800451,1999-04-02T00:00:00,6,0029800451,3,Final,19990402/DENMIN,1610612750,1610612743,1998-1999,4, ,,Q4   - ,1
451,0029800452,1999-04-02T00:00:00,7,0029800452,3,Final,19990402/LALPHX,1610612756,1610612747,1998-1999,4, ,,Q4   - ,1
452,0029800453,1999-04-02T00:00:00,8,0029800453,3,Final,19990402/UTAGSW,1610612744,1610612762,1998-1999,4, ,,Q4   - ,1
453,0029800454,1999-04-02T00:00:00,9,0029800454,3,Final,19990402/SEAPOR,1610612757,1610612760,1998-1999,4, ,,Q4   - ,1
454,0029800455,1999-04-03T00:00:00,1,0029800455,3,Final,19990403/MIANJN,1610612751,1610612748,1998-1999,4, ,,Q4   - ,1
455,0029800456,1999-04-03T00:00:00,2,0029800456,3,Final,19990403/WASTOR,1610612761,1610612764,1998-1999,4, ,,Q4   - ,1
456,0029800457,1999-04-03T00:00:00,3,0029800457,3,Final,19990403/ORLDET,1610612765,1610612753,1998-1999,4, ,,Q4   - ,1
457,0029800458,1999-04-03T00:00:00,4,0029800458,3,Final,19990403/SACMIN,1610612750,1610612758,1998-1999,4, ,,Q4   - ,1
458,0029800459,1999-04-03T00:00:00,5,0029800459,3,Final,19990403/LACSAS,1610612759,1610612746,1998-1999,4, ,,Q4   - ,1
459,0029800460,1999-04-03T00:00:00,6,0029800460,3,Final,19990403/GSWLAL,1610612747,1610612744,1998-1999,4, ,,Q4   - ,1
460,0029800461,1999-04-03T00:00:00,7,0029800461,3,Final,19990403/PHXPOR,1610612757,1610612756,1998-1999,4, ,,Q4   - ,1
461,0029800462,1999-04-04T00:00:00,1,0029800462,3,Final,19990404/NJNBOS,1610612738,1610612751,1998-1999,4, ,,Q4   - ,1
462,0029800463,1999-04-04T00:00:00,2,0029800463,3,Final,19990404/MIAWAS,1610612764,1610612748,1998-1999,4, ,,Q4   - ,1
463,0029800464,1999-04-04T00:00:00,3,0029800464,3,Final,19990404/CHHATL,1610612737,1610612766,1998-1999,4, ,,Q4   - ,1
464,0029800465,1999-04-04T00:00:00,4,0029800465,3,Final,19990404/PHITOR,1610612761,1610612755,1998-1999,4, ,,Q4   - ,1
465,0029800466,1999-04-04T00:00:00,5,0029800466,3,Final,19990404/MILCLE,1610612739,1610612749,1998-1999,4, ,,Q4   - ,1
466,0029800467,1999-04-04T00:00:00,6,0029800467,3,Final,19990404/NYKIND,1610612754,1610612752,1998-1999,4, ,,Q4   - ,1
467,0029800468,1999-04-04T00:00:00,7,0029800468,3,Final,19990404/VANCHI,1610612741,1610612763,1998-1999,4, ,,Q4   - ,1
468,0029800469,1999-04-04T00:00:00,8,0029800469,3,Final,19990404/LACDEN,1610612743,1610612746,1998-1999,4, ,,Q4   - ,1
469,0029800470,1999-04-04T00:00:00,9,0029800470,3,Final,19990404/HOUSEA,1610612760,1610612745,1998-1999,4, ,,Q4   - ,1
470,0029800471,1999-04-05T00:00:00,1,0029800471,3,Final,19990405/BOSORL,1610612753,1610612738,1998-1999,4, ,,Q4   - ,1
471,0029800472,1999-04-05T00:00:00,2,0029800472,3,Final,19990405/ATLCHH,1610612766,1610612737,1998-1999,4, ,,Q4   - ,1
472,0029800473,1999-04-05T00:00:00,3,0029800473,3,Final,19990405/INDDET,1610612765,1610612754,1998-1999,4, ,,Q4   - ,1
473,0029800474,1999-04-05T00:00:00,4,0029800474,3,Final,19990405/DALMIN,1610612750,1610612742,1998-1999,4, ,,Q4   - ,1
474,0029800475,1999-04-05T00:00:00,5,0029800475,3,Final,19990405/GSWSAS,1610612759,1610612744,1998-1999,4, ,,Q4   - ,1
475,0029800476,1999-04-05T00:00:00,6,0029800476,3,Final,19990405/DENLAL,1610612747,1610612743,1998-1999,4, ,,Q4   - ,1
476,0029800477,1999-04-06T00:00:00,1,0029800477,3,Final,19990406/ORLNYK,1610612752,1610612753,1998-1999,4, ,,Q4   - ,1
477,0029800478,1999-04-06T00:00:00,2,0029800478,3,Final,19990406/MILPHI,1610612755,1610612749,1998-1999,4, ,,Q4   - ,1
478,0029800479,1999-04-06T00:00:00,3,0029800479,3,Final,19990406/NJNWAS,1610612764,1610612751,1998-1999,4, ,,Q4   - ,1
479,0029800480,1999-04-06T00:00:00,4,0029800480,3,Final,19990406/MIATOR,1610612761,1610612748,1998-1999,4, ,,Q4   - ,1
480,0029800481,1999-04-06T00:00:00,5,0029800481,3,Final,19990406/CHICLE,1610612739,1610612741,1998-1999,4, ,,Q4   - ,1
481,0029800482,1999-04-06T00:00:00,6,0029800482,3,Final,19990406/GSWHOU,1610612745,1610612744,1998-1999,4, ,,Q4   - ,1
482,0029800483,1999-04-06T00:00:00,7,0029800483,3,Final,19990406/PHXLAC,1610612746,1610612756,1998-1999,4, ,,Q4   - ,1
483,0029800484,1999-04-06T00:00:00,8,0029800484,3,Final,19990406/UTALAL,1610612747,1610612762,1998-1999,4, ,,Q4   - ,1
484,0029800485,1999-04-06T00:00:00,9,0029800485,3,Final,19990406/VANPOR,1610612757,1610612763,1998-1999,4, ,,Q4   - ,1
485,0029800486,1999-04-06T00:00:00,10,0029800486,3,Final,19990406/SACSEA,1610612760,1610612758,1998-1999,5, ,,Q5   - ,1
486,0029800487,1999-04-07T00:00:00,1,0029800487,3,Final,19990407/WASBOS,1610612738,1610612764,1998-1999,4, ,,Q4   - ,1
487,0029800488,1999-04-07T00:00:00,2,0029800488,3,Final,19990407/PHINJN,1610612751,1610612755,1998-1999,4, ,,Q4   - ,1
488,0029800489,1999-04-07T00:00:00,3,0029800489,3,Final,19990407/DALMIA,1610612748,1610612742,1998-1999,4, ,,Q4   - ,1
489,0029800490,1999-04-07T00:00:00,4,0029800490,3,Final,19990407/NYKCHH,1610612766,1610612752,1998-1999,4, ,,Q4   - ,1
490,0029800491,1999-04-07T00:00:00,5,0029800491,3,Final,19990407/ATLDET,1610612765,1610612737,1998-1999,4, ,,Q4   - ,1
491,0029800492,1999-04-07T00:00:00,6,0029800492,3,Final,19990407/INDCHI,1610612741,1610612754,1998-1999,4, ,,Q4   - ,1
492,0029800493,1999-04-07T00:00:00,7,0029800493,3,Final,19990407/CLEMIL,1610612749,1610612739,1998-1999,4, ,,Q4   - ,1
493,0029800494,1999-04-07T00:00:00,8,0029800494,3,Final,19990407/MINPHX,1610612756,1610612750,1998-1999,4, ,,Q4   - ,1
494,0029800495,1999-04-07T00:00:00,9,0029800495,3,Final,19990407/LALSAC,1610612758,1610612747,1998-1999,4, ,,Q4   - ,1
495,0029800496,1999-04-07T00:00:00,10,0029800496,3,Final,19990407/DENVAN,1610612763,1610612743,1998-1999,4, ,,Q4   - ,1
496,0029800497,1999-04-08T00:00:00,1,0029800497,3,Final,19990408/BOSTOR,1610612761,1610612738,1998-1999,4, ,,Q4   - ,1
497,0029800498,1999-04-08T00:00:00,2,0029800498,3,Final,19990408/ORLCLE,1610612739,1610612753,1998-1999,4, ,,Q4   - ,1
498,0029800499,1999-04-08T00:00:00,3,0029800499,3,Final,19990408/SASHOU,1610612745,1610612759,1998-1999,4, ,,Q4   - ,1
499,0029800500,1999-04-08T00:00:00,4,0029800500,3,Final,19990408/GSWUTA,1610612762,1610612744,1998-1999,4, ,,Q4   - ,1
500,0029800501,1999-04-08T00:00:00,5,0029800501,3,Final,19990408/MINLAC,1610612746,1610612750,1998-1999,4, ,,Q4   - ,1
501,0029800502,1999-04-08T00:00:00,6,0029800502,3,Final,19990408/PORSEA,1610612760,1610612757,1998-1999,4, ,,Q4   - ,1
502,0029800503,1999-04-09T00:00:00,1,0029800503,3,Final,19990409/PHIBOS,1610612738,1610612755,1998-1999,4, ,,Q4   - ,1
503,0029800504,1999-04-09T00:00:00,2,0029800504,3,Final,19990409/TORNJN,1610612751,1610612761,1998-1999,4, ,,Q4   - ,1
504,0029800505,1999-04-09T00:00:00,3,0029800505,3,Final,19990409/MILORL,1610612753,1610612749,1998-1999,4, ,,Q4   - ,1
505,0029800506,1999-04-09T00:00:00,4,0029800506,3,Final,19990409/WASCHH,1610612766,1610612764,1998-1999,4, ,,Q4   - ,1
506,0029800507,1999-04-09T00:00:00,5,0029800507,3,Final,19990409/NYKATL,1610612737,1610612752,1998-1999,4, ,,Q4   - ,1
507,0029800508,1999-04-09T00:00:00,6,0029800508,3,Final,19990409/DETIND,1610612754,1610612765,1998-1999,4, ,,Q4   - ,1
508,0029800509,1999-04-09T00:00:00,7,0029800509,3,Final,19990409/PHXUTA,1610612762,1610612756,1998-1999,4, ,,Q4   - ,1
509,0029800510,1999-04-09T00:00:00,8,0029800510,3,Final,19990409/MINLAL,1610612747,1610612750,1998-1999,4, ,,Q4   - ,1
510,0029800511,1999-04-09T00:00:00,9,0029800511,3,Final,19990409/SEAVAN,1610612763,1610612760,1998-1999,4, ,,Q4   - ,1
511,0029800512,1999-04-10T00:00:00,1,0029800512,3,Final,19990410/ATLCLE,1610612739,1610612737,1998-1999,4, ,,Q4   - ,1
512,0029800513,1999-04-10T00:00:00,2,0029800513,3,Final,19990410/CHHIND,1610612754,1610612766,1998-1999,4, ,,Q4   - ,1
513,0029800514,1999-04-10T00:00:00,3,0029800514,3,Final,19990410/MIACHI,1610612741,1610612748,1998-1999,4, ,,Q4   - ,1
514,0029800515,1999-04-10T00:00:00,4,0029800515,3,Final,19990410/GSWDAL,1610612742,1610612744,1998-1999,4, ,,Q4   - ,1
515,0029800516,1999-04-10T00:00:00,5,0029800516,3,Final,19990410/SASPHX,1610612756,1610612759,1998-1999,4, ,,Q4   - ,1
516,0029800517,1999-04-10T00:00:00,6,0029800517,3,Final,19990410/PORLAC,1610612746,1610612757,1998-1999,4, ,,Q4   - ,1
517,0029800518,1999-04-10T00:00:00,7,0029800518,3,Final,19990410/DENSAC,1610612758,1610612743,1998-1999,4, ,,Q4   - ,1
518,0029800519,1999-04-11T00:00:00,1,0029800519,3,Final,19990411/CHIBOS,1610612738,1610612741,1998-1999,4, ,,Q4   - ,1
519,0029800520,1999-04-11T00:00:00,2,0029800520,3,Final,19990411/NYKNJN,1610612751,1610612752,1998-1999,4, ,,Q4   - ,1
520,0029800521,1999-04-11T00:00:00,3,0029800521,3,Final,19990411/PHIWAS,1610612764,1610612755,1998-1999,4, ,,Q4   - ,1
521,0029800522,1999-04-11T00:00:00,4,0029800522,3,Final,19990411/MILMIA,1610612748,1610612749,1998-1999,4, ,,Q4   - ,1
522,0029800523,1999-04-11T00:00:00,5,0029800523,3,Final,19990411/DETMIN,1610612750,1610612765,1998-1999,4, ,,Q4   - ,1
523,0029800524,1999-04-11T00:00:00,6,0029800524,3,Final,19990411/HOUUTA,1610612762,1610612745,1998-1999,4, ,,Q4   - ,1
524,0029800525,1999-04-11T00:00:00,7,0029800525,3,Final,19990411/SEALAL,1610612747,1610612760,1998-1999,4, ,,Q4   - ,1
525,0029800526,1999-04-11T00:00:00,8,0029800526,3,Final,19990411/LACPOR,1610612757,1610612746,1998-1999,4, ,,Q4   - ,1
526,0029800527,1999-04-11T00:00:00,9,0029800527,3,Final,19990411/SACVAN,1610612763,1610612758,1998-1999,4, ,,Q4   - ,1
527,0029800528,1999-04-12T00:00:00,1,0029800528,3,Final,19990412/CLEBOS,1610612738,1610612739,1998-1999,4, ,,Q4   - ,1
528,0029800529,1999-04-12T00:00:00,2,0029800529,3,Final,19990412/INDTOR,1610612761,1610612754,1998-1999,4, ,,Q4   - ,1
529,0029800530,1999-04-12T00:00:00,3,0029800530,3,Final,19990412/CHHDET,1610612765,1610612766,1998-1999,4, ,,Q4   - ,1
530,0029800531,1999-04-12T00:00:00,4,0029800531,3,Final,19990412/HOUMIN,1610612750,1610612745,1998-1999,4, ,,Q4   - ,1
531,0029800532,1999-04-12T00:00:00,5,0029800532,3,Final,19990412/PHXSAS,1610612759,1610612756,1998-1999,4, ,,Q4   - ,1
532,0029800533,1999-04-12T00:00:00,6,0029800533,3,Final,19990412/GSWDEN,1610612743,1610612744,1998-1999,4, ,,Q4   - ,1
533,0029800534,1999-04-12T00:00:00,7,0029800534,3,Final,19990412/VANUTA,1610612762,1610612763,1998-1999,4, ,,Q4   - ,1
534,0029800535,1999-04-13T00:00:00,1,0029800535,3,Final,19990413/PHINYK,1610612752,1610612755,1998-1999,4, ,,Q4   - ,1
535,0029800536,1999-04-13T00:00:00,2,0029800536,3,Final,19990413/CHIMIA,1610612748,1610612741,1998-1999,4, ,,Q4   - ,1
536,0029800537,1999-04-13T00:00:00,3,0029800537,3,Final,19990413/WASCLE,1610612739,1610612764,1998-1999,4, ,,Q4   - ,1
537,0029800538,1999-04-13T00:00:00,4,0029800538,3,Final,19990413/ATLMIL,1610612749,1610612737,1998-1999,4, ,,Q4   - ,1
538,0029800539,1999-04-13T00:00:00,5,0029800539,3,Final,19990413/SASDAL,1610612742,1610612759,1998-1999,4, ,,Q4   - ,1
539,0029800540,1999-04-13T00:00:00,6,0029800540,3,Final,19990413/NJNLAC,1610612746,1610612751,1998-1999,4, ,,Q4   - ,1
540,0029800541,1999-04-13T00:00:00,7,0029800541,3,Final,19990413/UTASAC,1610612758,1610612762,1998-1999,5, ,,Q5   - ,1
541,0029800542,1999-04-13T00:00:00,8,0029800542,3,Final,19990413/LALPOR,1610612757,1610612747,1998-1999,4, ,,Q4   - ,1
542,0029800543,1999-04-14T00:00:00,1,0029800543,3,Final,19990414/ATLBOS,1610612738,1610612737,1998-1999,4, ,,Q4   - ,1
543,0029800544,1999-04-14T00:00:00,2,0029800544,3,Final,19990414/TORPHI,1610612755,1610612761,1998-1999,4, ,,Q4   - ,1
544,0029800545,1999-04-14T00:00:00,3,0029800545,3,Final,19990414/NYKWAS,1610612764,1610612752,1998-1999,5, ,,Q5   - ,1
545,0029800546,1999-04-14T00:00:00,4,0029800546,3,Final,19990414/DETCHH,1610612766,1610612765,1998-1999,4, ,,Q4   - ,1
546,0029800547,1999-04-14T00:00:00,5,0029800547,3,Final,19990414/ORLIND,1610612754,1610612753,1998-1999,4, ,,Q4   - ,1
547,0029800548,1999-04-14T00:00:00,6,0029800548,3,Final,19990414/CLECHI,1610612741,1610612739,1998-1999,4, ,,Q4   - ,1
548,0029800549,1999-04-14T00:00:00,7,0029800549,3,Final,19990414/MIAMIL,1610612749,1610612748,1998-1999,4, ,,Q4   - ,1
549,0029800550,1999-04-14T00:00:00,8,0029800550,3,Final,19990414/VANHOU,1610612745,1610612763,1998-1999,4, ,,Q4   - ,1
550,0029800551,1999-04-14T00:00:00,9,0029800551,3,Final,19990414/MINSAS,1610612759,1610612750,1998-1999,4, ,,Q4   - ,1
551,0029800552,1999-04-14T00:00:00,10,0029800552,3,Final,19990414/NJNDEN,1610612743,1610612751,1998-1999,4, ,,Q4   - ,1
552,0029800553,1999-04-14T00:00:00,11,0029800553,3,Final,19990414/PHXSEA,1610612760,1610612756,1998-1999,4, ,,Q4   - ,1
553,0029800554,1999-04-15T00:00:00,1,0029800554,3,Final,19990415/MINDAL,1610612742,1610612750,1998-1999,4, ,,Q4   - ,1
554,0029800555,1999-04-15T00:00:00,2,0029800555,3,Final,19990415/PORHOU,1610612745,1610612757,1998-1999,4, ,,Q4   - ,1
555,0029800556,1999-04-15T00:00:00,3,0029800556,3,Final,19990415/UTALAC,1610612746,1610612762,1998-1999,4, ,,Q4   - ,1
556,0029800557,1999-04-15T00:00:00,4,0029800557,3,Final,19990415/DENGSW,1610612744,1610612743,1998-1999,4, ,,Q4   - ,1
557,0029800558,1999-04-15T00:00:00,5,0029800558,3,Final,19990415/SEASAC,1610612758,1610612760,1998-1999,5, ,,Q5   - ,1
558,0029800559,1999-04-16T00:00:00,1,0029800559,3,Final,19990416/MIABOS,1610612738,1610612748,1998-1999,4, ,,Q4   - ,1
559,0029800560,1999-04-16T00:00:00,2,0029800560,3,Final,19990416/INDPHI,1610612755,1610612754,1998-1999,4, ,,Q4   - ,1
560,0029800561,1999-04-16T00:00:00,3,0029800561,3,Final,19990416/CHIWAS,1610612764,1610612741,1998-1999,4, ,,Q4   - ,1
561,0029800562,1999-04-16T00:00:00,4,0029800562,3,Final,19990416/ORLATL,1610612737,1610612753,1998-1999,4, ,,Q4   - ,1
562,0029800563,1999-04-16T00:00:00,5,0029800563,3,Final,19990416/CLETOR,1610612761,1610612739,1998-1999,5, ,,Q5   - ,1
563,0029800564,1999-04-16T00:00:00,6,0029800564,3,Final,19990416/NYKDET,1610612765,1610612752,1998-1999,4, ,,Q4   - ,1
564,0029800565,1999-04-16T00:00:00,7,0029800565,3,Final,19990416/CHHMIL,1610612749,1610612766,1998-1999,4, ,,Q4   - ,1
565,0029800566,1999-04-16T00:00:00,8,0029800566,3,Final,19990416/VANMIN,1610612750,1610612763,1998-1999,4, ,,Q4   - ,1
566,0029800567,1999-04-16T00:00:00,9,0029800567,3,Final,19990416/PORSAS,1610612759,1610612757,1998-1999,4, ,,Q4   - ,1
567,0029800568,1999-04-16T00:00:00,10,0029800568,3,Final,19990416/DALPHX,1610612756,1610612742,1998-1999,4, ,,Q4   - ,1
568,0029800569,1999-04-16T00:00:00,11,0029800569,3,Final,19990416/LACGSW,1610612744,1610612746,1998-1999,4, ,,Q4   - ,1
569,0029800570,1999-04-16T00:00:00,12,0029800570,3,Final,19990416/NJNSEA,1610612760,1610612751,1998-1999,4, ,,Q4   - ,1
570,0029800571,1999-04-17T00:00:00,1,0029800571,3,Final,19990417/TORNYK,1610612752,1610612761,1998-1999,4, ,,Q4   - ,1
571,0029800572,1999-04-17T00:00:00,2,0029800572,3,Final,19990417/CHHCLE,1610612739,1610612766,1998-1999,4, ,,Q4   - ,1
572,0029800573,1999-04-17T00:00:00,3,0029800573,3,Final,19990417/PORDAL,1610612742,1610612757,1998-1999,4, ,,Q4   - ,1
573,0029800574,1999-04-17T00:00:00,4,0029800574,3,Final,19990417/LALUTA,1610612762,1610612747,1998-1999,4, ,,Q4   - ,1
574,0029800575,1999-04-17T00:00:00,5,0029800575,3,Final,19990417/DENSAC,1610612758,1610612743,1998-1999,4, ,,Q4   - ,1
575,0029800576,1999-04-18T00:00:00,1,0029800576,3,Final,19990418/PHINJN,1610612751,1610612755,1998-1999,4, ,,Q4   - ,1
576,0029800577,1999-04-18T00:00:00,2,0029800577,3,Final,19990418/BOSWAS,1610612764,1610612738,1998-1999,4, ,,Q4   - ,1
577,0029800578,1999-04-18T00:00:00,3,0029800578,3,Final,19990418/DETORL,1610612753,1610612765,1998-1999,4, ,,Q4   - ,1
578,0029800579,1999-04-18T00:00:00,4,0029800579,3,Final,19990418/INDMIA,1610612748,1610612754,1998-1999,4, ,,Q4   - ,1
579,0029800580,1999-04-18T00:00:00,5,0029800580,3,Final,19990418/MILCHI,1610612741,1610612749,1998-1999,4, ,,Q4   - ,1
580,0029800581,1999-04-18T00:00:00,6,0029800581,3,Final,19990418/UTAMIN,1610612750,1610612762,1998-1999,4, ,,Q4   - ,1
581,0029800582,1999-04-18T00:00:00,7,0029800582,3,Final,19990418/HOUSAS,1610612759,1610612745,1998-1999,4, ,,Q4   - ,1
582,0029800583,1999-04-18T00:00:00,8,0029800583,3,Final,19990418/SEAPHX,1610612756,1610612760,1998-1999,4, ,,Q4   - ,1
583,0029800584,1999-04-18T00:00:00,9,0029800584,3,Final,19990418/DENLAC,1610612746,1610612743,1998-1999,4, ,,Q4   - ,1
584,0029800585,1999-04-18T00:00:00,10,0029800585,3,Final,19990418/GSWVAN,1610612763,1610612744,1998-1999,4, ,,Q4   - ,1
585,0029800586,1999-04-19T00:00:00,1,0029800586,3,Final,19990419/INDBOS,1610612738,1610612754,1998-1999,4, ,,Q4   - ,1
586,0029800587,1999-04-19T00:00:00,2,0029800587,3,Final,19990419/CHHNJN,1610612751,1610612766,1998-1999,4, ,,Q4   - ,1
587,0029800588,1999-04-19T00:00:00,3,0029800588,3,Final,19990419/NYKPHI,1610612755,1610612752,1998-1999,4, ,,Q4   - ,1
588,0029800589,1999-04-19T00:00:00,4,0029800589,3,Final,19990419/ORLTOR,1610612761,1610612753,1998-1999,4, ,,Q4   - ,1
589,0029800590,1999-04-19T00:00:00,5,0029800590,3,Final,19990419/MIACLE,1610612739,1610612748,1998-1999,4, ,,Q4   - ,1
590,0029800591,1999-04-19T00:00:00,6,0029800591,3,Final,19990419/SEAHOU,1610612745,1610612760,1998-1999,4, ,,Q4   - ,1
591,0029800592,1999-04-19T00:00:00,7,0029800592,3,Final,19990419/SACLAC,1610612746,1610612758,1998-1999,4, ,,Q4   - ,1
592,0029800593,1999-04-19T00:00:00,8,0029800593,3,Final,19990419/VANLAL,1610612747,1610612763,1998-1999,4, ,,Q4   - ,1
593,0029800594,1999-04-20T00:00:00,1,0029800594,3,Final,19990420/ATLTOR,1610612761,1610612737,1998-1999,4, ,,Q4   - ,1
594,0029800595,1999-04-20T00:00:00,2,0029800595,3,Final,19990420/WASCHI,1610612741,1610612764,1998-1999,4, ,,Q4   - ,1
595,0029800596,1999-04-20T00:00:00,3,0029800596,3,Final,19990420/ORLMIL,1610612749,1610612753,1998-1999,4, ,,Q4   - ,1
596,0029800597,1999-04-20T00:00:00,4,0029800597,3,Final,19990420/PHXDAL,1610612742,1610612756,1998-1999,4, ,,Q4   - ,1
597,0029800598,1999-05-02T00:00:00,1,0029800598,3,Final,19990502/PORDEN,1610612743,1610612757,1998-1999,4, ,,Q4   - ,1
598,0029800599,1999-04-20T00:00:00,5,0029800599,3,Final,19990420/SASUTA,1610612762,1610612759,1998-1999,4, ,,Q4   - ,1
599,0029800600,1999-04-20T00:00:00,6,0029800600,3,Final,19990420/LALGSW,1610612744,1610612747,1998-1999,5, ,,Q5   - ,1
600,0029800601,1999-04-21T00:00:00,1,0029800601,3,Final,19990421/PHIBOS,1610612738,1610612755,1998-1999,4, ,,Q4   - ,1
601,0029800602,1999-04-21T00:00:00,2,0029800602,3,Final,19990421/CHINJN,1610612751,1610612741,1998-1999,4, ,,Q4   - ,1
602,0029800603,1999-04-21T00:00:00,3,0029800603,3,Final,19990421/TORWAS,1610612764,1610612761,1998-1999,4, ,,Q4   - ,1
603,0029800604,1999-04-21T00:00:00,4,0029800604,3,Final,19990421/CLEMIA,1610612748,1610612739,1998-1999,4, ,,Q4   - ,1
604,0029800605,1999-04-21T00:00:00,5,0029800605,3,Final,19990421/DETCHH,1610612766,1610612765,1998-1999,4, ,,Q4   - ,1
605,0029800606,1999-04-21T00:00:00,6,0029800606,3,Final,19990421/MILIND,1610612754,1610612749,1998-1999,5, ,,Q5   - ,1
606,0029800607,1999-04-21T00:00:00,7,0029800607,3,Final,19990421/DALHOU,1610612745,1610612742,1998-1999,4, ,,Q4   - ,1
607,0029800608,1999-04-21T00:00:00,8,0029800608,3,Final,19990421/UTAPHX,1610612756,1610612762,1998-1999,4, ,,Q4   - ,1
608,0029800609,1999-04-21T00:00:00,9,0029800609,3,Final,19990421/GSWSAC,1610612758,1610612744,1998-1999,4, ,,Q4   - ,1
609,0029800610,1999-04-21T00:00:00,10,0029800610,3,Final,19990421/LALPOR,1610612757,1610612747,1998-1999,4, ,,Q4   - ,1
610,0029800611,1999-04-21T00:00:00,11,0029800611,3,Final,19990421/MINSEA,1610612760,1610612750,1998-1999,4, ,,Q4   - ,1
611,0029800612,1999-04-21T00:00:00,12,0029800612,3,Final,19990421/LACVAN,1610612763,1610612746,1998-1999,4, ,,Q4   - ,1
612,0029800613,1999-04-22T00:00:00,1,0029800613,3,Final,19990422/MIAORL,1610612753,1610612748,1998-1999,4, ,,Q4   - ,1
613,0029800614,1999-04-22T00:00:00,2,0029800614,3,Final,19990422/BOSATL,1610612737,1610612738,1998-1999,4, ,,Q4   - ,1
614,0029800615,1999-04-22T00:00:00,3,0029800615,3,Final,19990422/PHIDET,1610612765,1610612755,1998-1999,4, ,,Q4   - ,1
615,0029800616,1999-04-22T00:00:00,4,0029800616,3,Final,19990422/DALSAS,1610612759,1610612742,1998-1999,4, ,,Q4   - ,1
616,0029800617,1999-04-23T00:00:00,1,0029800617,3,Final,19990423/CHHNYK,1610612752,1610612766,1998-1999,4, ,,Q4   - ,1
617,0029800618,1999-04-23T00:00:00,2,0029800618,3,Final,19990423/ATLWAS,1610612764,1610612737,1998-1999,4, ,,Q4   - ,1
618,0029800619,1999-04-23T00:00:00,3,0029800619,3,Final,19990423/TORORL,1610612753,1610612761,1998-1999,4, ,,Q4   - ,1
619,0029800620,1999-04-23T00:00:00,4,0029800620,3,Final,19990423/BOSCHI,1610612741,1610612738,1998-1999,4, ,,Q4   - ,1
620,0029800621,1999-04-23T00:00:00,5,0029800621,3,Final,19990423/CLEMIL,1610612749,1610612739,1998-1999,4, ,,Q4   - ,1
621,0029800622,1999-04-23T00:00:00,6,0029800622,3,Final,19990423/GSWDEN,1610612743,1610612744,1998-1999,4, ,,Q4   - ,1
622,0029800623,1999-04-23T00:00:00,7,0029800623,3,Final,19990423/PORUTA,1610612762,1610612757,1998-1999,4, ,,Q4   - ,1
623,0029800624,1999-04-23T00:00:00,8,0029800624,3,Final,19990423/HOULAC,1610612746,1610612745,1998-1999,5, ,,Q5   - ,1
624,0029800625,1999-04-23T00:00:00,9,0029800625,3,Final,19990423/MINSAC,1610612758,1610612750,1998-1999,4, ,,Q4   - ,1
625,0029800626,1999-04-23T00:00:00,10,0029800626,3,Final,19990423/SEAVAN,1610612763,1610612760,1998-1999,4, ,,Q4   - ,1
626,0029800627,1999-04-24T00:00:00,1,0029800627,3,Final,19990424/NJNCHH,1610612766,1610612751,1998-1999,4, ,,Q4   - ,1
627,0029800628,1999-04-24T00:00:00,2,0029800628,3,Final,19990424/CHIIND,1610612754,1610612741,1998-1999,4, ,,Q4   - ,1
628,0029800629,1999-04-24T00:00:00,3,0029800629,3,Final,19990424/LALSAS,1610612759,1610612747,1998-1999,4, ,,Q4   - ,1
629,0029800630,1999-04-24T00:00:00,4,0029800630,3,Final,19990424/VANLAC,1610612746,1610612763,1998-1999,4, ,,Q4   - ,1
630,0029800631,1999-04-24T00:00:00,5,0029800631,3,Final,19990424/DENGSW,1610612744,1610612743,1998-1999,4, ,,Q4   - ,1
631,0029800632,1999-04-24T00:00:00,6,0029800632,3,Final,19990424/DALSAC,1610612758,1610612742,1998-1999,4, ,,Q4   - ,1
632,0029800633,1999-04-25T00:00:00,1,0029800633,3,Final,19990425/WASBOS,1610612738,1610612764,1998-1999,4, ,,Q4   - ,1
633,0029800634,1999-04-25T00:00:00,2,0029800634,3,Final,19990425/INDNJN,1610612751,1610612754,1998-1999,4, ,,Q4   - ,1
634,0029800635,1999-04-25T00:00:00,3,0029800635,3,Final,19990425/ORLPHI,1610612755,1610612753,1998-1999,4, ,,Q4   - ,1
635,0029800636,1999-04-25T00:00:00,4,0029800636,3,Final,19990425/NYKMIA,1610612748,1610612752,1998-1999,4, ,,Q4   - ,1
636,0029800637,1999-04-25T00:00:00,5,0029800637,3,Final,19990425/MILATL,1610612737,1610612749,1998-1999,4, ,,Q4   - ,1
637,0029800638,1999-04-25T00:00:00,6,0029800638,3,Final,19990425/DETTOR,1610612761,1610612765,1998-1999,4, ,,Q4   - ,1
638,0029800639,1999-04-25T00:00:00,7,0029800639,3,Final,19990425/SEAUTA,1610612762,1610612760,1998-1999,4, ,,Q4   - ,1
639,0029800640,1999-04-25T00:00:00,8,0029800640,3,Final,19990425/HOUPHX,1610612756,1610612745,1998-1999,4, ,,Q4   - ,1
640,0029800641,1999-04-25T00:00:00,9,0029800641,3,Final,19990425/MINPOR,1610612757,1610612750,1998-1999,4, ,,Q4   - ,1
641,0029800642,1999-04-26T00:00:00,1,0029800642,3,Final,19990426/NYKCHH,1610612766,1610612752,1998-1999,4, ,,Q4   - ,1
642,0029800643,1999-04-26T00:00:00,2,0029800643,3,Final,19990426/MIACLE,1610612739,1610612748,1998-1999,4, ,,Q4   - ,1
643,0029800644,1999-04-26T00:00:00,3,0029800644,3,Final,19990426/WASMIL,1610612749,1610612764,1998-1999,4, ,,Q4   - ,1
644,0029800645,1999-04-26T00:00:00,4,0029800645,3,Final,19990426/CHIDAL,1610612742,1610612741,1998-1999,4, ,,Q4   - ,1
645,0029800646,1999-04-26T00:00:00,5,0029800646,3,Final,19990426/LALHOU,1610612745,1610612747,1998-1999,4, ,,Q4   - ,1
646,0029800647,1999-04-26T00:00:00,6,0029800647,3,Final,19990426/PHXUTA,1610612762,1610612756,1998-1999,4, ,,Q4   - ,1
647,0029800648,1999-04-26T00:00:00,7,0029800648,3,Final,19990426/SASLAC,1610612746,1610612759,1998-1999,4, ,,Q4   - ,1
648,0029800649,1999-04-26T00:00:00,8,0029800649,3,Final,19990426/SACGSW,1610612744,1610612758,1998-1999,4, ,,Q4   - ,1
649,0029800650,1999-04-26T00:00:00,9,0029800650,3,Final,19990426/DENPOR,1610612757,1610612743,1998-1999,4, ,,Q4   - ,1
650,0029800651,1999-04-27T00:00:00,1,0029800651,3,Final,19990427/DETBOS,1610612738,1610612765,1998-1999,4, ,,Q4   - ,1
651,0029800652,1999-04-27T00:00:00,2,0029800652,3,Final,19990427/MIANJN,1610612751,1610612748,1998-1999,4, ,,Q4   - ,1
652,0029800653,1999-04-27T00:00:00,3,0029800653,3,Final,19990427/CLEPHI,1610612755,1610612739,1998-1999,4, ,,Q4   - ,1
653,0029800654,1999-04-27T00:00:00,4,0029800654,3,Final,19990427/CHHTOR,1610612761,1610612766,1998-1999,4, ,,Q4   - ,1
654,0029800655,1999-04-27T00:00:00,5,0029800655,3,Final,19990427/ORLIND,1610612754,1610612753,1998-1999,4, ,,Q4   - ,1
655,0029800656,1999-04-27T00:00:00,6,0029800656,3,Final,19990427/VANDAL,1610612742,1610612763,1998-1999,4, ,,Q4   - ,1
656,0029800657,1999-04-27T00:00:00,7,0029800657,3,Final,19990427/SASSAC,1610612758,1610612759,1998-1999,5, ,,Q5   - ,1
657,0029800658,1999-04-27T00:00:00,8,0029800658,3,Final,19990427/UTASEA,1610612760,1610612762,1998-1999,4, ,,Q4   - ,1
658,0029800659,1999-04-28T00:00:00,1,0029800659,3,Final,19990428/WASORL,1610612753,1610612764,1998-1999,4, ,,Q4   - ,1
659,0029800660,1999-04-28T00:00:00,2,0029800660,3,Final,19990428/NYKATL,1610612737,1610612752,1998-1999,4, ,,Q4   - ,1
660,0029800661,1999-04-28T00:00:00,3,0029800661,3,Final,19990428/NJNDET,1610612765,1610612751,1998-1999,4, ,,Q4   - ,1
661,0029800662,1999-04-28T00:00:00,4,0029800662,3,Final,19990428/TORMIL,1610612749,1610612761,1998-1999,4, ,,Q4   - ,1
662,0029800663,1999-04-28T00:00:00,5,0029800663,3,Final,19990428/PHXMIN,1610612750,1610612756,1998-1999,4, ,,Q4   - ,1
663,0029800664,1999-04-28T00:00:00,6,0029800664,3,Final,19990428/SEAPOR,1610612757,1610612760,1998-1999,4, ,,Q4   - ,1
664,0029800665,1999-04-29T00:00:00,1,0029800665,3,Final,19990429/PHINYK,1610612752,1610612755,1998-1999,4, ,,Q4   - ,1
665,0029800666,1999-04-29T00:00:00,2,0029800666,3,Final,19990429/CLEWAS,1610612764,1610612739,1998-1999,4, ,,Q4   - ,1
666,0029800667,1999-04-29T00:00:00,3,0029800667,3,Final,19990429/BOSMIA,1610612748,1610612738,1998-1999,4, ,,Q4   - ,1
667,0029800668,1999-04-29T00:00:00,4,0029800668,3,Final,19990429/CHHIND,1610612754,1610612766,1998-1999,5, ,,Q5   - ,1
668,0029800669,1999-04-29T00:00:00,5,0029800669,3,Final,19990429/DALHOU,1610612745,1610612742,1998-1999,4, ,,Q4   - ,1
669,0029800670,1999-04-29T00:00:00,6,0029800670,3,Final,19990429/PHXDEN,1610612743,1610612756,1998-1999,4, ,,Q4   - ,1
670,0029800671,1999-04-29T00:00:00,7,0029800671,3,Final,19990429/GSWUTA,1610612762,1610612744,1998-1999,4, ,,Q4   - ,1
671,0029800672,1999-04-29T00:00:00,8,0029800672,3,Final,19990429/PORLAL,1610612747,1610612757,1998-1999,4, ,,Q4   - ,1
672,0029800673,1999-04-29T00:00:00,9,0029800673,3,Final,19990429/LACSAC,1610612758,1610612746,1998-1999,4, ,,Q4   - ,1
673,0029800674,1999-04-29T00:00:00,10,0029800674,3,Final,19990429/SASVAN,1610612763,1610612759,1998-1999,4, ,,Q4   - ,1
674,0029800675,1999-04-30T00:00:00,1,0029800675,3,Final,19990430/NJNORL,1610612753,1610612751,1998-1999,4, ,,Q4   - ,1
675,0029800676,1999-04-30T00:00:00,2,0029800676,3,Final,19990430/CHICHH,1610612766,1610612741,1998-1999,4, ,,Q4   - ,1
676,0029800677,1999-04-30T00:00:00,3,0029800677,3,Final,19990430/INDATL,1610612737,1610612754,1998-1999,5, ,,Q5   - ,1
677,0029800678,1999-04-30T00:00:00,4,0029800678,3,Final,19990430/TORCLE,1610612739,1610612761,1998-1999,4, ,,Q4   - ,1
678,0029800679,1999-04-30T00:00:00,5,0029800679,3,Final,19990430/DETMIL,1610612749,1610612765,1998-1999,4, ,,Q4   - ,1
679,0029800680,1999-04-30T00:00:00,6,0029800680,3,Final,19990430/GSWMIN,1610612750,1610612744,1998-1999,4, ,,Q4   - ,1
680,0029800681,1999-04-30T00:00:00,7,0029800681,3,Final,19990430/UTAHOU,1610612745,1610612762,1998-1999,4, ,,Q4   - ,1
681,0029800682,1999-04-30T00:00:00,8,0029800682,3,Final,19990430/DENSEA,1610612760,1610612743,1998-1999,4, ,,Q4   - ,1
682,0029800683,1999-05-01T00:00:00,1,0029800683,3,Final,19990501/MILBOS,1610612738,1610612749,1998-1999,4, ,,Q4   - ,1
683,0029800684,1999-05-01T00:00:00,2,0029800684,3,Final,19990501/WASNJN,1610612751,1610612764,1998-1999,4, ,,Q4   - ,1
684,0029800685,1999-05-01T00:00:00,3,0029800685,3,Final,19990501/TORPHI,1610612755,1610612761,1998-1999,4, ,,Q4   - ,1
685,0029800686,1999-05-01T00:00:00,4,0029800686,3,Final,19990501/CHIMIA,1610612748,1610612741,1998-1999,4, ,,Q4   - ,1
686,0029800687,1999-05-01T00:00:00,5,0029800687,3,Final,19990501/LACMIN,1610612750,1610612746,1998-1999,4, ,,Q4   - ,1
687,0029800688,1999-05-01T00:00:00,6,0029800688,3,Final,19990501/GSWDAL,1610612742,1610612744,1998-1999,4, ,,Q4   - ,1
688,0029800689,1999-05-01T00:00:00,7,0029800689,3,Final,19990501/PORSAS,1610612759,1610612757,1998-1999,5, ,,Q5   - ,1
689,0029800690,1999-05-01T00:00:00,8,0029800690,3,Final,19990501/VANPHX,1610612756,1610612763,1998-1999,4, ,,Q4   - ,1
690,0029800691,1999-05-02T00:00:00,2,0029800691,3,Final,19990502/CHHMIA,1610612748,1610612766,1998-1999,4, ,,Q4   - ,1
691,0029800692,1999-05-02T00:00:00,3,0029800692,3,Final,19990502/ATLCLE,1610612739,1610612737,1998-1999,4, ,,Q4   - ,1
692,0029800693,1999-05-02T00:00:00,4,0029800693,3,Final,19990502/PHIDET,1610612765,1610612755,1998-1999,4, ,,Q4   - ,1
693,0029800694,1999-05-02T00:00:00,5,0029800694,3,Final,19990502/NYKIND,1610612754,1610612752,1998-1999,4, ,,Q4   - ,1
694,0029800695,1999-05-02T00:00:00,6,0029800695,3,Final,19990502/LACHOU,1610612745,1610612746,1998-1999,4, ,,Q4   - ,1
695,0029800696,1999-05-02T00:00:00,7,0029800696,3,Final,19990502/UTASAS,1610612759,1610612762,1998-1999,4, ,,Q4   - ,1
696,0029800697,1999-05-02T00:00:00,8,0029800697,3,Final,19990502/PHXSAC,1610612758,1610612756,1998-1999,4, ,,Q4   - ,1
697,0029800698,1999-05-02T00:00:00,9,0029800698,3,Final,19990502/LALSEA,1610612760,1610612747,1998-1999,4, ,,Q4   - ,1
698,0029800699,1999-05-03T00:00:00,1,0029800699,3,Final,19990503/BOSNYK,1610612752,1610612738,1998-1999,4, ,,Q4   - ,1
699,0029800700,1999-05-03T00:00:00,2,0029800700,3,Final,19990503/NJNWAS,1610612764,1610612751,1998-1999,4, ,,Q4   - ,1
700,0029800701,1999-05-03T00:00:00,3,0029800701,3,Final,19990503/DETCHI,1610612741,1610612765,1998-1999,4, ,,Q4   - ,1
701,0029800702,1999-05-03T00:00:00,4,0029800702,3,Final,19990503/SACDEN,1610612743,1610612758,1998-1999,4, ,,Q4   - ,1
702,0029800703,1999-05-03T00:00:00,5,0029800703,3,Final,19990503/DALLAL,1610612747,1610612742,1998-1999,4, ,,Q4   - ,1
703,0029800704,1999-05-03T00:00:00,6,0029800704,3,Final,19990503/GSWVAN,1610612763,1610612744,1998-1999,4, ,,Q4   - ,1
704,0029800705,1999-05-04T00:00:00,1,0029800705,3,Final,19990504/ATLMIA,1610612748,1610612737,1998-1999,4, ,,Q4   - ,1
705,0029800706,1999-05-04T00:00:00,2,0029800706,3,Final,19990504/PHICHH,1610612766,1610612755,1998-1999,5, ,,Q5   - ,1
706,0029800707,1999-05-04T00:00:00,3,0029800707,3,Final,19990504/CLEIND,1610612754,1610612739,1998-1999,4, ,,Q4   - ,1
707,0029800708,1999-05-04T00:00:00,4,0029800708,3,Final,19990504/TORMIL,1610612749,1610612761,1998-1999,4, ,,Q4   - ,1
708,0029800709,1999-05-04T00:00:00,5,0029800709,3,Final,19990504/MINHOU,1610612745,1610612750,1998-1999,4, ,,Q4   - ,1
709,0029800710,1999-05-04T00:00:00,6,0029800710,3,Final,19990504/LACUTA,1610612762,1610612746,1998-1999,4, ,,Q4   - ,1
710,0029800711,1999-05-04T00:00:00,7,0029800711,3,Final,19990504/SASPOR,1610612757,1610612759,1998-1999,4, ,,Q4   - ,1
711,0029800712,1999-05-04T00:00:00,8,0029800712,3,Final,19990504/DALSEA,1610612760,1610612742,1998-1999,4, ,,Q4   - ,1
712,0029800713,1999-05-05T00:00:00,1,0029800713,3,Final,19990505/CHHBOS,1610612738,1610612766,1998-1999,6, ,,Q6   - ,1
713,0029800714,1999-05-05T00:00:00,2,0029800714,3,Final,19990505/MIANYK,1610612752,1610612748,1998-1999,4, ,,Q4   - ,1
714,0029800715,1999-05-05T00:00:00,3,0029800715,3,Final,19990505/MILNJN,1610612751,1610612749,1998-1999,4, ,,Q4   - ,1
715,0029800716,1999-05-05T00:00:00,4,0029800716,3,Final,19990505/DETPHI,1610612755,1610612765,1998-1999,5, ,,Q5   - ,1
716,0029800717,1999-05-05T00:00:00,5,0029800717,3,Final,19990505/WASATL,1610612737,1610612764,1998-1999,4, ,,Q4   - ,1
717,0029800718,1999-05-05T00:00:00,6,0029800718,3,Final,19990505/CLETOR,1610612761,1610612739,1998-1999,4, ,,Q4   - ,1
718,0029800719,1999-05-05T00:00:00,7,0029800719,3,Final,19990505/ORLCHI,1610612741,1610612753,1998-1999,4, ,,Q4   - ,1
719,0029800720,1999-05-05T00:00:00,8,0029800720,3,Final,19990505/HOUDEN,1610612743,1610612745,1998-1999,4, ,,Q4   - ,1
720,0029800721,1999-05-05T00:00:00,9,0029800721,3,Final,19990505/MINPHX,1610612756,1610612750,1998-1999,4, ,,Q4   - ,1
721,0029800722,1999-05-05T00:00:00,10,0029800722,3,Final,19990505/SEALAC,1610612746,1610612760,1998-1999,4, ,,Q4   - ,1
722,0029800723,1999-05-05T00:00:00,11,0029800723,3,Final,19990505/PORLAL,1610612747,1610612757,1998-1999,4, ,,Q4   - ,1
723,0029800724,1999-05-05T00:00:00,12,0029800724,3,Final,19990505/SASGSW,1610612744,1610612759,1998-1999,4, ,,Q4   - ,1
724,0029800725,1999-05-05T00:00:00,13,0029800725,3,Final,19990505/VANSAC,1610612758,1610612763,1998-1999,4, ,,Q4   - ,1
