,GID,GAME_ID,LAST_GAME_ID,LAST_GAME_DATE_EST,LAST_GAME_HOME_TEAM_ID,LAST_GAME_HOME_TEAM_CITY,LAST_GAME_HOME_TEAM_NAME,LAST_GAME_HOME_TEAM_ABBREVIATION,LAST_GAME_HOME_TEAM_POINTS,LAST_GAME_VISITOR_TEAM_ID,LAST_GAME_VISITOR_TEAM_CITY,LAST_GAME_VISITOR_TEAM_NAME,LAST_GAME_VISITOR_TEAM_CITY1,LAST_GAME_VISITOR_TEAM_POINTS,SEASON
0,0029800001,0029800001,0029700333,1997-12-17T00:00:00,1610612738,Boston,Celtics,BOS,88,1610612761,Toronto,Raptors,TOR,83,1998-1999
1,0029800002,0029800002,0029700883,1998-03-10T00:00:00,1610612753,Orlando,Magic,ORL,78,1610612752,New York,Knicks,NYK,85,1998-1999
2,0029800003,0029800003,0029700928,1998-03-16T00:00:00,1610612748,Miami,Heat,MIA,90,1610612765,Detroit,Pistons,DET,103,1998-1999
3,0029800004,0029800004,0029701102,1998-04-08T00:00:00,1610612766,Charlotte,Hornets,CHH,101,1610612755,Philadelphia,76ers,PHI,109,1998-1999
4,0029800005,0029800005,0029700872,1998-03-08T00:00:00,1610612737,Atlanta,Hawks,ATL,101,1610612739,Cleveland,Cavaliers,CLE,96,1998-1999
5,0029800006,0029800006,0029700952,1998-03-19T00:00:00,1610612754,Indiana,Pacers,IND,95,1610612764,Washington,Wizards,WAS,91,1998-1999
6,0029800007,0029800007,0029700901,1998-03-12T00:00:00,1610612759,San Antonio,Spurs,SAS,97,1610612758,Sacramento,Kings,SAC,86,1998-1999
7,0029800008,0029800008,0029700965,1998-03-20T00:00:00,1610612743,Denver,Nuggets,DEN,88,1610612750,Minnesota,Timberwolves,MIN,104,1998-1999
8,0029800009,0029800009,0049700088,1998-06-14T00:00:00,1610612762,Utah,Jazz,UTA,86,1610612741,Chicago,Bulls,CHI,87,1998-1999
9,0029800010,0029800010,0029700881,1998-03-09T00:00:00,1610612746,Los Angeles,Clippers,LAC,105,1610612756,Phoenix,Suns,PHX,134,1998-1999
10,0029800011,0029800011,0029700728,1998-02-15T00:00:00,1610612747,Los Angeles,Lakers,LAL,88,1610612745,Houston,Rockets,HOU,90,1998-1999
11,0029800012,0029800012,0029701110,1998-04-09T00:00:00,1610612760,Seattle,SuperSonics,SEA,103,1610612742,Dallas,Mavericks,DAL,101,1998-1999
12,0029800013,0029800013,0029701163,1998-04-17T00:00:00,1610612738,Boston,Celtics,BOS,78,1610612739,Cleveland,Cavaliers,CLE,71,1998-1999
13,0029800014,0029800014,0029701087,1998-04-06T00:00:00,1610612755,Philadelphia,76ers,PHI,92,1610612753,Orlando,Magic,ORL,113,1998-1999
14,0029800015,0029800015,0029701061,1998-04-03T00:00:00,1610612764,Washington,Wizards,WAS,120,1610612761,Toronto,Raptors,TOR,112,1998-1999
15,0029800016,0029800016,0029701144,1998-04-14T00:00:00,1610612766,Charlotte,Hornets,CHH,104,1610612749,Milwaukee,Bucks,MIL,82,1998-1999
16,0029800017,0029800017,0029701037,1998-03-31T00:00:00,1610612737,Atlanta,Hawks,ATL,90,1610612751,New Jersey,Nets,NJN,105,1998-1999
17,0029800018,0029800018,0029700947,1998-03-18T00:00:00,1610612759,San Antonio,Spurs,SAS,92,1610612750,Minnesota,Timberwolves,MIN,76,1998-1999
18,0029800019,0029800019,0029701113,1998-04-09T00:00:00,1610612744,Golden State,Warriors,GSW,89,1610612745,Houston,Rockets,HOU,93,1998-1999
19,0029800020,0029800020,0049700036,1998-05-03T00:00:00,1610612752,New York,Knicks,NYK,98,1610612748,Miami,Heat,MIA,81,1998-1999
20,0029800021,0029800021,0029800017,1999-02-06T00:00:00,1610612751,New Jersey,Nets,NJN,106,1610612737,Atlanta,Hawks,ATL,111,1998-1999
21,0029800022,0029800022,0029700894,1998-03-11T00:00:00,1610612765,Detroit,Pistons,DET,122,1610612754,Indiana,Pacers,IND,91,1998-1999
22,0029800023,0029800023,0029701156,1998-04-15T00:00:00,1610612756,Phoenix,Suns,PHX,96,1610612743,Denver,Nuggets,DEN,89,1998-1999
23,0029800024,0029800024,0029700375,1997-12-23T00:00:00,1610612746,Los Angeles,Clippers,LAC,89,1610612741,Chicago,Bulls,CHI,94,1998-1999
24,0029800025,0029800025,0049700075,1998-05-24T00:00:00,1610612747,Los Angeles,Lakers,LAL,92,1610612762,Utah,Jazz,UTA,96,1998-1999
25,0029800026,0029800026,0029701160,1998-04-16T00:00:00,1610612744,Golden State,Warriors,GSW,88,1610612742,Dallas,Mavericks,DAL,82,1998-1999
26,0029800027,0029800027,0029701188,1998-04-19T00:00:00,1610612758,Sacramento,Kings,SAC,108,1610612763,Vancouver,Grizzlies,VAN,112,1998-1999
27,0029800028,0029800028,0029701189,1998-04-19T00:00:00,1610612760,Seattle,SuperSonics,SEA,90,1610612757,Portland,Trail Blazers,POR,82,1998-1999
28,0029800029,0029800029,0029701114,1998-04-10T00:00:00,1610612753,Orlando,Magic,ORL,80,1610612738,Boston,Celtics,BOS,82,1998-1999
29,0029800030,0029800030,0029701072,1998-04-04T00:00:00,1610612766,Charlotte,Hornets,CHH,88,1610612748,Miami,Heat,MIA,101,1998-1999
30,0029800031,0029800031,0049700027,1998-04-30T00:00:00,1610612739,Cleveland,Cavaliers,CLE,74,1610612754,Indiana,Pacers,IND,80,1998-1999
31,0029800032,0029800032,0029701107,1998-04-09T00:00:00,1610612765,Detroit,Pistons,DET,102,1610612764,Washington,Wizards,WAS,83,1998-1999
32,0029800033,0029800033,0029701146,1998-04-14T00:00:00,1610612745,Houston,Rockets,HOU,94,1610612743,Denver,Nuggets,DEN,88,1998-1999
33,0029800034,0029800034,0029701137,1998-04-13T00:00:00,1610612759,San Antonio,Spurs,SAS,75,1610612747,Los Angeles,Lakers,LAL,99,1998-1999
34,0029800035,0029800035,0029701128,1998-04-11T00:00:00,1610612763,Vancouver,Grizzlies,VAN,105,1610612757,Portland,Trail Blazers,POR,96,1998-1999
35,0029800036,0029800036,0029700982,1998-03-23T00:00:00,1610612755,Philadelphia,76ers,PHI,79,1610612765,Detroit,Pistons,DET,94,1998-1999
36,0029800037,0029800037,0029701038,1998-03-31T00:00:00,1610612748,Miami,Heat,MIA,121,1610612738,Boston,Celtics,BOS,95,1998-1999
37,0029800038,0029800038,0029701104,1998-04-08T00:00:00,1610612761,Toronto,Raptors,TOR,100,1610612749,Milwaukee,Bucks,MIL,107,1998-1999
38,0029800039,0029800039,0029701013,1998-03-27T00:00:00,1610612741,Chicago,Bulls,CHI,89,1610612737,Atlanta,Hawks,ATL,74,1998-1999
39,0029800040,0029800040,0029800018,1999-02-06T00:00:00,1610612750,Minnesota,Timberwolves,MIN,82,1610612759,San Antonio,Spurs,SAS,96,1998-1999
40,0029800041,0029800041,0029701016,1998-03-27T00:00:00,1610612742,Dallas,Mavericks,DAL,90,1610612762,Utah,Jazz,UTA,99,1998-1999
41,0029800042,0029800042,0029701099,1998-04-07T00:00:00,1610612756,Phoenix,Suns,PHX,103,1610612758,Sacramento,Kings,SAC,97,1998-1999
42,0029800043,0029800043,0029701007,1998-03-26T00:00:00,1610612760,Seattle,SuperSonics,SEA,91,1610612744,Golden State,Warriors,GSW,98,1998-1999
43,0029800044,0029800044,0029701140,1998-04-14T00:00:00,1610612752,New York,Knicks,NYK,102,1610612764,Washington,Wizards,WAS,104,1998-1999
44,0029800045,0029800045,0029701165,1998-04-17T00:00:00,1610612751,New Jersey,Nets,NJN,109,1610612753,Orlando,Magic,ORL,121,1998-1999
45,0029800046,0029800046,0029701028,1998-03-29T00:00:00,1610612766,Charlotte,Hornets,CHH,82,1610612739,Cleveland,Cavaliers,CLE,97,1998-1999
46,0029800047,0029800047,0029701121,1998-04-10T00:00:00,1610612745,Houston,Rockets,HOU,97,1610612758,Sacramento,Kings,SAC,85,1998-1999
47,0029800048,0029800048,0029700985,1998-03-23T00:00:00,1610612743,Denver,Nuggets,DEN,86,1610612747,Los Angeles,Lakers,LAL,107,1998-1999
48,0029800049,0029800049,0029800043,1999-02-09T00:00:00,1610612744,Golden State,Warriors,GSW,71,1610612760,Seattle,SuperSonics,SEA,90,1998-1999
49,0029800050,0029800050,0029700812,1998-02-27T00:00:00,1610612757,Portland,Trail Blazers,POR,59,1610612754,Indiana,Pacers,IND,124,1998-1999
50,0029800051,0029800051,0029701097,1998-04-07T00:00:00,1610612763,Vancouver,Grizzlies,VAN,110,1610612746,Los Angeles,Clippers,LAC,94,1998-1999
51,0029800052,0029800052,0029701116,1998-04-10T00:00:00,1610612748,Miami,Heat,MIA,111,1610612761,Toronto,Raptors,TOR,105,1998-1999
52,0029800053,0029800053,0049700031,1998-05-01T00:00:00,1610612737,Atlanta,Hawks,ATL,82,1610612766,Charlotte,Hornets,CHH,91,1998-1999
53,0029800054,0029800054,0029700990,1998-03-24T00:00:00,1610612739,Cleveland,Cavaliers,CLE,85,1610612759,San Antonio,Spurs,SAS,86,1998-1999
54,0029800055,0029800055,0029701103,1998-04-08T00:00:00,1610612765,Detroit,Pistons,DET,87,1610612753,Orlando,Magic,ORL,95,1998-1999
55,0029800056,0029800056,0029701177,1998-04-18T00:00:00,1610612741,Chicago,Bulls,CHI,111,1610612752,New York,Knicks,NYK,109,1998-1999
56,0029800057,0029800057,0029701124,1998-04-11T00:00:00,1610612749,Milwaukee,Bucks,MIL,117,1610612751,New Jersey,Nets,NJN,124,1998-1999
57,0029800058,0029800058,0029700813,1998-02-27T00:00:00,1610612750,Minnesota,Timberwolves,MIN,91,1610612747,Los Angeles,Lakers,LAL,104,1998-1999
58,0029800059,0029800059,0029700969,1998-03-21T00:00:00,1610612742,Dallas,Mavericks,DAL,95,1610612745,Houston,Rockets,HOU,103,1998-1999
59,0029800060,0029800060,0029701172,1998-04-17T00:00:00,1610612756,Phoenix,Suns,PHX,99,1610612762,Utah,Jazz,UTA,102,1998-1999
60,0029800061,0029800061,0029700842,1998-03-03T00:00:00,1610612763,Vancouver,Grizzlies,VAN,103,1610612754,Indiana,Pacers,IND,111,1998-1999
61,0029800062,0029800062,0029701010,1998-03-27T00:00:00,1610612755,Philadelphia,76ers,PHI,85,1610612759,San Antonio,Spurs,SAS,110,1998-1999
62,0029800063,0029800063,0029701126,1998-04-11T00:00:00,1610612743,Denver,Nuggets,DEN,81,1610612742,Dallas,Mavericks,DAL,99,1998-1999
63,0029800064,0029800064,0029701098,1998-04-07T00:00:00,1610612744,Golden State,Warriors,GSW,99,1610612762,Utah,Jazz,UTA,101,1998-1999
64,0029800065,0029800065,0029800010,1999-02-05T00:00:00,1610612756,Phoenix,Suns,PHX,101,1610612746,Los Angeles,Clippers,LAC,92,1998-1999
65,0029800066,0029800066,0029701083,1998-04-05T00:00:00,1610612760,Seattle,SuperSonics,SEA,87,1610612743,Denver,Nuggets,DEN,83,1998-1999
66,0029800067,0029800067,0029701142,1998-04-14T00:00:00,1610612755,Philadelphia,76ers,PHI,94,1610612737,Atlanta,Hawks,ATL,95,1998-1999
67,0029800068,0029800068,0029700566,1998-01-21T00:00:00,1610612753,Orlando,Magic,ORL,84,1610612749,Milwaukee,Bucks,MIL,91,1998-1999
68,0029800069,0029800069,0029700917,1998-03-14T00:00:00,1610612741,Chicago,Bulls,CHI,96,1610612759,San Antonio,Spurs,SAS,86,1998-1999
69,0029800070,0029800070,0029701138,1998-04-13T00:00:00,1610612746,Los Angeles,Clippers,LAC,88,1610612750,Minnesota,Timberwolves,MIN,107,1998-1999
70,0029800071,0029800071,0029700848,1998-03-04T00:00:00,1610612747,Los Angeles,Lakers,LAL,104,1610612754,Indiana,Pacers,IND,95,1998-1999
71,0029800072,0029800072,0029701034,1998-03-29T00:00:00,1610612744,Golden State,Warriors,GSW,83,1610612757,Portland,Trail Blazers,POR,99,1998-1999
72,0029800073,0029800073,0029701047,1998-03-31T00:00:00,1610612763,Vancouver,Grizzlies,VAN,101,1610612742,Dallas,Mavericks,DAL,104,1998-1999
73,0029800074,0029800074,0029700590,1998-01-24T00:00:00,1610612752,New York,Knicks,NYK,99,1610612765,Detroit,Pistons,DET,92,1998-1999
74,0029800075,0029800075,0029700824,1998-03-01T00:00:00,1610612748,Miami,Heat,MIA,85,1610612751,New Jersey,Nets,NJN,84,1998-1999
75,0029800076,0029800076,0029800023,1999-02-07T00:00:00,1610612743,Denver,Nuggets,DEN,108,1610612756,Phoenix,Suns,PHX,115,1998-1999
76,0029800077,0029800077,0029701159,1998-04-16T00:00:00,1610612762,Utah,Jazz,UTA,99,1610612758,Sacramento,Kings,SAC,86,1998-1999
77,0029800078,0029800078,0029700897,1998-03-11T00:00:00,1610612744,Golden State,Warriors,GSW,84,1610612750,Minnesota,Timberwolves,MIN,113,1998-1999
78,0029800079,0029800079,0029701095,1998-04-07T00:00:00,1610612757,Portland,Trail Blazers,POR,99,1610612742,Dallas,Mavericks,DAL,91,1998-1999
79,0029800080,0029800080,0029701158,1998-04-16T00:00:00,1610612752,New York,Knicks,NYK,108,1610612761,Toronto,Raptors,TOR,79,1998-1999
80,0029800081,0029800081,0029701181,1998-04-19T00:00:00,1610612751,New Jersey,Nets,NJN,114,1610612765,Detroit,Pistons,DET,101,1998-1999
81,0029800082,0029800082,0029700914,1998-03-14T00:00:00,1610612755,Philadelphia,76ers,PHI,93,1610612749,Milwaukee,Bucks,MIL,89,1998-1999
82,0029800083,0029800083,0029701041,1998-03-31T00:00:00,1610612739,Cleveland,Cavaliers,CLE,93,1610612753,Orlando,Magic,ORL,86,1998-1999
83,0029800084,0029800084,0029700695,1998-02-11T00:00:00,1610612754,Indiana,Pacers,IND,110,1610612748,Miami,Heat,MIA,101,1998-1999
84,0029800085,0029800085,0029800039,1999-02-09T00:00:00,1610612741,Chicago,Bulls,CHI,71,1610612737,Atlanta,Hawks,ATL,87,1998-1999
85,0029800086,0029800086,0029701185,1998-04-19T00:00:00,1610612745,Houston,Rockets,HOU,93,1610612756,Phoenix,Suns,PHX,123,1998-1999
86,0029800087,0029800087,0029800051,1999-02-10T00:00:00,1610612746,Los Angeles,Clippers,LAC,99,1610612763,Vancouver,Grizzlies,VAN,105,1998-1999
87,0029800088,0029800088,0029700500,1998-01-11T00:00:00,1610612747,Los Angeles,Lakers,LAL,93,1610612766,Charlotte,Hornets,CHH,98,1998-1999
88,0029800089,0029800089,0029700794,1998-02-25T00:00:00,1610612758,Sacramento,Kings,SAC,94,1610612738,Boston,Celtics,BOS,111,1998-1999
89,0029800090,0029800090,0029701046,1998-03-31T00:00:00,1610612760,Seattle,SuperSonics,SEA,88,1610612762,Utah,Jazz,UTA,86,1998-1999
90,0029800091,0029800091,0029701077,1998-04-05T00:00:00,1610612753,Orlando,Magic,ORL,85,1610612764,Washington,Wizards,WAS,88,1998-1999
91,0029800092,0029800092,0029800003,1999-02-05T00:00:00,1610612765,Detroit,Pistons,DET,95,1610612748,Miami,Heat,MIA,81,1998-1999
92,0029800093,0029800093,0029701030,1998-03-29T00:00:00,1610612749,Milwaukee,Bucks,MIL,87,1610612741,Chicago,Bulls,CHI,104,1998-1999
93,0029800094,0029800094,0029701170,1998-04-17T00:00:00,1610612750,Minnesota,Timberwolves,MIN,102,1610612745,Houston,Rockets,HOU,95,1998-1999
94,0029800095,0029800095,0049700024,1998-04-29T00:00:00,1610612759,San Antonio,Spurs,SAS,99,1610612756,Phoenix,Suns,PHX,80,1998-1999
95,0029800096,0029800096,0029701173,1998-04-17T00:00:00,1610612747,Los Angeles,Lakers,LAL,124,1610612742,Dallas,Mavericks,DAL,95,1998-1999
96,0029800097,0029800097,0029700832,1998-03-02T00:00:00,1610612744,Golden State,Warriors,GSW,83,1610612766,Charlotte,Hornets,CHH,112,1998-1999
97,0029800098,0029800098,0029701171,1998-04-17T00:00:00,1610612757,Portland,Trail Blazers,POR,101,1610612743,Denver,Nuggets,DEN,109,1998-1999
98,0029800099,0029800099,0029700986,1998-03-23T00:00:00,1610612760,Seattle,SuperSonics,SEA,109,1610612758,Sacramento,Kings,SAC,83,1998-1999
99,0029800100,0029800100,0029700751,1998-02-18T00:00:00,1610612763,Vancouver,Grizzlies,VAN,105,1610612738,Boston,Celtics,BOS,114,1998-1999
100,0029800101,0029800101,0029700900,1998-03-12T00:00:00,1610612751,New Jersey,Nets,NJN,104,1610612745,Houston,Rockets,HOU,115,1998-1999
101,0029800102,0029800102,0029800015,1999-02-06T00:00:00,1610612761,Toronto,Raptors,TOR,97,1610612764,Washington,Wizards,WAS,98,1998-1999
102,0029800103,0029800103,0029700913,1998-03-14T00:00:00,1610612739,Cleveland,Cavaliers,CLE,88,1610612752,New York,Knicks,NYK,85,1998-1999
103,0029800104,0029800104,0029700774,1998-02-22T00:00:00,1610612754,Indiana,Pacers,IND,97,1610612755,Philadelphia,76ers,PHI,92,1998-1999
104,0029800105,0029800105,0029701067,1998-04-03T00:00:00,1610612762,Utah,Jazz,UTA,97,1610612743,Denver,Nuggets,DEN,75,1998-1999
105,0029800106,0029800106,0029700934,1998-03-17T00:00:00,1610612755,Philadelphia,76ers,PHI,96,1610612752,New York,Knicks,NYK,100,1998-1999
106,0029800107,0029800107,0029701092,1998-04-07T00:00:00,1610612764,Washington,Wizards,WAS,85,1610612741,Chicago,Bulls,CHI,103,1998-1999
107,0029800108,0029800108,0029700988,1998-03-24T00:00:00,1610612737,Atlanta,Hawks,ATL,85,1610612753,Orlando,Magic,ORL,73,1998-1999
108,0029800109,0029800109,0029800038,1999-02-09T00:00:00,1610612761,Toronto,Raptors,TOR,77,1610612749,Milwaukee,Bucks,MIL,91,1998-1999
109,0029800110,0029800110,0029700968,1998-03-21T00:00:00,1610612750,Minnesota,Timberwolves,MIN,102,1610612763,Vancouver,Grizzlies,VAN,88,1998-1999
110,0029800111,0029800111,0029700855,1998-03-05T00:00:00,1610612756,Phoenix,Suns,PHX,102,1610612765,Detroit,Pistons,DET,93,1998-1999
111,0029800112,0029800112,0029800034,1999-02-08T00:00:00,1610612747,Los Angeles,Lakers,LAL,80,1610612759,San Antonio,Spurs,SAS,75,1998-1999
112,0029800113,0029800113,0029800026,1999-02-07T00:00:00,1610612744,Golden State,Warriors,GSW,99,1610612742,Dallas,Mavericks,DAL,102,1998-1999
113,0029800114,0029800114,0029700451,1998-01-04T00:00:00,1610612758,Sacramento,Kings,SAC,106,1610612766,Charlotte,Hornets,CHH,90,1998-1999
114,0029800115,0029800115,0029700822,1998-03-01T00:00:00,1610612757,Portland,Trail Blazers,POR,101,1610612738,Boston,Celtics,BOS,102,1998-1999
115,0029800116,0029800116,0029800067,1999-02-14T00:00:00,1610612755,Philadelphia,76ers,PHI,78,1610612737,Atlanta,Hawks,ATL,70,1998-1999
116,0029800117,0029800117,0029701025,1998-03-29T00:00:00,1610612748,Miami,Heat,MIA,109,1610612745,Houston,Rockets,HOU,77,1998-1999
117,0029800118,0029800118,0029700758,1998-02-20T00:00:00,1610612739,Cleveland,Cavaliers,CLE,109,1610612751,New Jersey,Nets,NJN,95,1998-1999
118,0029800119,0029800119,0029701081,1998-04-05T00:00:00,1610612749,Milwaukee,Bucks,MIL,92,1610612754,Indiana,Pacers,IND,93,1998-1999
119,0029800120,0029800120,0029800090,1999-02-16T00:00:00,1610612762,Utah,Jazz,UTA,56,1610612760,Seattle,SuperSonics,SEA,71,1998-1999
120,0029800121,0029800121,0029701032,1998-03-29T00:00:00,1610612746,Los Angeles,Clippers,LAC,108,1610612742,Dallas,Mavericks,DAL,86,1998-1999
121,0029800122,0029800122,0029800072,1999-02-14T00:00:00,1610612757,Portland,Trail Blazers,POR,100,1610612744,Golden State,Warriors,GSW,105,1998-1999
122,0029800123,0029800123,0029800056,1999-02-11T00:00:00,1610612752,New York,Knicks,NYK,73,1610612741,Chicago,Bulls,CHI,68,1998-1999
123,0029800124,0029800124,0029701175,1998-04-18T00:00:00,1610612764,Washington,Wizards,WAS,112,1610612738,Boston,Celtics,BOS,95,1998-1999
124,0029800125,0029800125,0029701011,1998-03-27T00:00:00,1610612753,Orlando,Magic,ORL,100,1610612745,Houston,Rockets,HOU,75,1998-1999
125,0029800126,0029800126,0029700878,1998-03-08T00:00:00,1610612761,Toronto,Raptors,TOR,106,1610612763,Vancouver,Grizzlies,VAN,113,1998-1999
126,0029800127,0029800127,0029700963,1998-03-20T00:00:00,1610612754,Indiana,Pacers,IND,99,1610612751,New Jersey,Nets,NJN,92,1998-1999
127,0029800128,0029800128,0029701035,1998-03-29T00:00:00,1610612750,Minnesota,Timberwolves,MIN,104,1610612758,Sacramento,Kings,SAC,96,1998-1999
128,0029800129,0029800129,0029700998,1998-03-25T00:00:00,1610612759,San Antonio,Spurs,SAS,94,1610612765,Detroit,Pistons,DET,103,1998-1999
129,0029800130,0029800130,0049700059,1998-05-12T00:00:00,1610612760,Seattle,SuperSonics,SEA,95,1610612747,Los Angeles,Lakers,LAL,110,1998-1999
130,0029800131,0029800131,0029700522,1998-01-14T00:00:00,1610612753,Orlando,Magic,ORL,96,1610612758,Sacramento,Kings,SAC,108,1998-1999
131,0029800132,0029800132,0029800085,1999-02-16T00:00:00,1610612737,Atlanta,Hawks,ATL,83,1610612741,Chicago,Bulls,CHI,67,1998-1999
132,0029800133,0029800133,0029701122,1998-04-11T00:00:00,1610612739,Cleveland,Cavaliers,CLE,106,1610612755,Philadelphia,76ers,PHI,95,1998-1999
133,0029800134,0029800134,0029800040,1999-02-09T00:00:00,1610612750,Minnesota,Timberwolves,MIN,74,1610612759,San Antonio,Spurs,SAS,70,1998-1999
134,0029800135,0029800135,0029800048,1999-02-10T00:00:00,1610612743,Denver,Nuggets,DEN,98,1610612747,Los Angeles,Lakers,LAL,103,1998-1999
135,0029800136,0029800136,0029701119,1998-04-10T00:00:00,1610612762,Utah,Jazz,UTA,126,1610612746,Los Angeles,Clippers,LAC,109,1998-1999
136,0029800137,0029800137,0029700924,1998-03-15T00:00:00,1610612756,Phoenix,Suns,PHX,100,1610612742,Dallas,Mavericks,DAL,90,1998-1999
137,0029800138,0029800138,0029701071,1998-04-04T00:00:00,1610612752,New York,Knicks,NYK,94,1610612751,New Jersey,Nets,NJN,97,1998-1999
138,0029800139,0029800139,0029701166,1998-04-17T00:00:00,1610612764,Washington,Wizards,WAS,97,1610612748,Miami,Heat,MIA,89,1998-1999
139,0029800140,0029800140,0029700962,1998-03-20T00:00:00,1610612765,Detroit,Pistons,DET,105,1610612761,Toronto,Raptors,TOR,99,1998-1999
140,0029800141,0029800141,0029800093,1999-02-17T00:00:00,1610612741,Chicago,Bulls,CHI,83,1610612749,Milwaukee,Bucks,MIL,91,1998-1999
141,0029800142,0029800142,0029700517,1998-01-14T00:00:00,1610612742,Dallas,Mavericks,DAL,82,1610612737,Atlanta,Hawks,ATL,108,1998-1999
142,0029800143,0029800143,0029701134,1998-04-12T00:00:00,1610612745,Houston,Rockets,HOU,95,1610612760,Seattle,SuperSonics,SEA,103,1998-1999
143,0029800144,0029800144,0029701157,1998-04-15T00:00:00,1610612746,Los Angeles,Clippers,LAC,80,1610612744,Golden State,Warriors,GSW,92,1998-1999
144,0029800145,0029800145,0029701106,1998-04-08T00:00:00,1610612763,Vancouver,Grizzlies,VAN,102,1610612747,Los Angeles,Lakers,LAL,113,1998-1999
145,0029800146,0029800146,0029800029,1999-02-08T00:00:00,1610612738,Boston,Celtics,BOS,90,1610612753,Orlando,Magic,ORL,107,1998-1999
146,0029800147,0029800147,0029700666,1998-02-03T00:00:00,1610612751,New Jersey,Nets,NJN,97,1610612757,Portland,Trail Blazers,POR,98,1998-1999
147,0029800148,0029800148,0029700552,1998-01-19T00:00:00,1610612755,Philadelphia,76ers,PHI,98,1610612758,Sacramento,Kings,SAC,85,1998-1999
148,0029800149,0029800149,0029800030,1999-02-08T00:00:00,1610612766,Charlotte,Hornets,CHH,94,1610612748,Miami,Heat,MIA,91,1998-1999
149,0029800150,0029800150,0029701051,1998-04-01T00:00:00,1610612765,Detroit,Pistons,DET,90,1610612739,Cleveland,Cavaliers,CLE,92,1998-1999
150,0029800151,0029800151,0029701169,1998-04-17T00:00:00,1610612754,Indiana,Pacers,IND,107,1610612761,Toronto,Raptors,TOR,98,1998-1999
151,0029800152,0029800152,0029701174,1998-04-17T00:00:00,1610612759,San Antonio,Spurs,SAS,89,1610612760,Seattle,SuperSonics,SEA,87,1998-1999
152,0029800153,0029800153,0029800105,1999-02-18T00:00:00,1610612743,Denver,Nuggets,DEN,86,1610612762,Utah,Jazz,UTA,97,1998-1999
153,0029800154,0029800154,0029700670,1998-02-04T00:00:00,1610612752,New York,Knicks,NYK,88,1610612750,Minnesota,Timberwolves,MIN,95,1998-1999
154,0029800155,0029800155,0029700730,1998-02-15T00:00:00,1610612764,Washington,Wizards,WAS,86,1610612758,Sacramento,Kings,SAC,88,1998-1999
155,0029800156,0029800156,0029800031,1999-02-08T00:00:00,1610612739,Cleveland,Cavaliers,CLE,89,1610612754,Indiana,Pacers,IND,95,1998-1999
156,0029800157,0029800157,0029701164,1998-04-17T00:00:00,1610612741,Chicago,Bulls,CHI,87,1610612755,Philadelphia,76ers,PHI,80,1998-1999
157,0029800158,0029800158,0029800063,1999-02-12T00:00:00,1610612742,Dallas,Mavericks,DAL,94,1610612743,Denver,Nuggets,DEN,100,1998-1999
158,0029800159,0029800159,0029701063,1998-04-03T00:00:00,1610612745,Houston,Rockets,HOU,87,1610612737,Atlanta,Hawks,ATL,107,1998-1999
159,0029800160,0029800160,0029700903,1998-03-12T00:00:00,1610612746,Los Angeles,Clippers,LAC,85,1610612747,Los Angeles,Lakers,LAL,108,1998-1999
160,0029800161,0029800161,0029701135,1998-04-12T00:00:00,1610612763,Vancouver,Grizzlies,VAN,106,1610612756,Phoenix,Suns,PHX,129,1998-1999
161,0029800162,0029800162,0029701075,1998-04-05T00:00:00,1610612738,Boston,Celtics,BOS,102,1610612752,New York,Knicks,NYK,92,1998-1999
162,0029800163,0029800163,0029700759,1998-02-20T00:00:00,1610612753,Orlando,Magic,ORL,93,1610612754,Indiana,Pacers,IND,91,1998-1999
163,0029800164,0029800164,0029700474,1998-01-07T00:00:00,1610612766,Charlotte,Hornets,CHH,91,1610612757,Portland,Trail Blazers,POR,89,1998-1999
164,0029800165,0029800165,0029700862,1998-03-06T00:00:00,1610612761,Toronto,Raptors,TOR,91,1610612750,Minnesota,Timberwolves,MIN,113,1998-1999
165,0029800166,0029800166,0029800092,1999-02-17T00:00:00,1610612765,Detroit,Pistons,DET,80,1610612748,Miami,Heat,MIA,91,1998-1999
166,0029800167,0029800167,0029701052,1998-04-01T00:00:00,1610612743,Denver,Nuggets,DEN,100,1610612749,Milwaukee,Bucks,MIL,106,1998-1999
167,0029800168,0029800168,0029800041,1999-02-09T00:00:00,1610612762,Utah,Jazz,UTA,90,1610612742,Dallas,Mavericks,DAL,79,1998-1999
168,0029800169,0029800169,0029800160,1999-02-25T00:00:00,1610612747,Los Angeles,Lakers,LAL,115,1610612746,Los Angeles,Clippers,LAC,100,1998-1999
169,0029800170,0029800170,0029701139,1998-04-13T00:00:00,1610612744,Golden State,Warriors,GSW,97,1610612756,Phoenix,Suns,PHX,105,1998-1999
170,0029800171,0029800171,0029800152,1999-02-24T00:00:00,1610612760,Seattle,SuperSonics,SEA,81,1610612759,San Antonio,Spurs,SAS,99,1998-1999
171,0029800172,0029800172,0029701100,1998-04-08T00:00:00,1610612751,New Jersey,Nets,NJN,117,1610612738,Boston,Celtics,BOS,104,1998-1999
172,0029800173,0029800173,0029700994,1998-03-24T00:00:00,1610612764,Washington,Wizards,WAS,99,1610612757,Portland,Trail Blazers,POR,87,1998-1999
173,0029800174,0029800174,0049700057,1998-05-13T00:00:00,1610612741,Chicago,Bulls,CHI,93,1610612766,Charlotte,Hornets,CHH,84,1998-1999
174,0029800175,0029800175,0029701084,1998-04-05T00:00:00,1610612742,Dallas,Mavericks,DAL,99,1610612758,Sacramento,Kings,SAC,105,1998-1999
175,0029800176,0029800176,0029700296,1997-12-12T00:00:00,1610612746,Los Angeles,Clippers,LAC,74,1610612737,Atlanta,Hawks,ATL,83,1998-1999
176,0029800177,0029800177,0029700706,1998-02-12T00:00:00,1610612763,Vancouver,Grizzlies,VAN,103,1610612745,Houston,Rockets,HOU,112,1998-1999
177,0029800178,0029800178,0029701152,1998-04-15T00:00:00,1610612748,Miami,Heat,MIA,87,1610612753,Orlando,Magic,ORL,99,1998-1999
178,0029800179,0029800179,0029700977,1998-03-22T00:00:00,1610612761,Toronto,Raptors,TOR,100,1610612741,Chicago,Bulls,CHI,102,1998-1999
179,0029800180,0029800180,0029800074,1999-02-15T00:00:00,1610612765,Detroit,Pistons,DET,69,1610612752,New York,Knicks,NYK,78,1998-1999
180,0029800181,0029800181,0029800082,1999-02-16T00:00:00,1610612749,Milwaukee,Bucks,MIL,93,1610612755,Philadelphia,76ers,PHI,92,1998-1999
181,0029800182,0029800182,0029700904,1998-03-12T00:00:00,1610612750,Minnesota,Timberwolves,MIN,92,1610612757,Portland,Trail Blazers,POR,95,1998-1999
182,0029800183,0029800183,0049700058,1998-05-12T00:00:00,1610612759,San Antonio,Spurs,SAS,77,1610612762,Utah,Jazz,UTA,87,1998-1999
183,0029800184,0029800184,0029700902,1998-03-12T00:00:00,1610612743,Denver,Nuggets,DEN,98,1610612763,Vancouver,Grizzlies,VAN,93,1998-1999
184,0029800185,0029800185,0029800170,1999-02-26T00:00:00,1610612756,Phoenix,Suns,PHX,90,1610612744,Golden State,Warriors,GSW,94,1998-1999
185,0029800186,0029800186,0029800011,1999-02-05T00:00:00,1610612747,Los Angeles,Lakers,LAL,99,1610612745,Houston,Rockets,HOU,91,1998-1999
186,0029800187,0029800187,0029800172,1999-02-27T00:00:00,1610612738,Boston,Celtics,BOS,101,1610612751,New Jersey,Nets,NJN,92,1998-1999
187,0029800188,0029800188,0029800103,1999-02-18T00:00:00,1610612752,New York,Knicks,NYK,74,1610612739,Cleveland,Cavaliers,CLE,98,1998-1999
188,0029800189,0029800189,0029701048,1998-04-01T00:00:00,1610612764,Washington,Wizards,WAS,91,1610612755,Philadelphia,76ers,PHI,112,1998-1999
189,0029800190,0029800190,0029800108,1999-02-19T00:00:00,1610612753,Orlando,Magic,ORL,99,1610612737,Atlanta,Hawks,ATL,94,1998-1999
190,0029800191,0029800191,0029700989,1998-03-24T00:00:00,1610612766,Charlotte,Hornets,CHH,106,1610612761,Toronto,Raptors,TOR,89,1998-1999
191,0029800192,0029800192,0029701120,1998-04-10T00:00:00,1610612756,Phoenix,Suns,PHX,114,1610612747,Los Angeles,Lakers,LAL,105,1998-1999
192,0029800193,0029800193,0029800099,1999-02-17T00:00:00,1610612758,Sacramento,Kings,SAC,109,1610612760,Seattle,SuperSonics,SEA,106,1998-1999
193,0029800194,0029800194,0029800057,1999-02-11T00:00:00,1610612751,New Jersey,Nets,NJN,75,1610612749,Milwaukee,Bucks,MIL,95,1998-1999
194,0029800195,0029800195,0029800020,1999-02-07T00:00:00,1610612748,Miami,Heat,MIA,83,1610612752,New York,Knicks,NYK,79,1998-1999
195,0029800196,0029800196,0029701130,1998-04-12T00:00:00,1610612737,Atlanta,Hawks,ATL,91,1610612764,Washington,Wizards,WAS,81,1998-1999
196,0029800197,0029800197,0029800013,1999-02-06T00:00:00,1610612739,Cleveland,Cavaliers,CLE,73,1610612738,Boston,Celtics,BOS,77,1998-1999
197,0029800198,0029800198,0029700826,1998-03-01T00:00:00,1610612754,Indiana,Pacers,IND,90,1610612743,Denver,Nuggets,DEN,63,1998-1999
198,0029800199,0029800199,0029701154,1998-04-15T00:00:00,1610612741,Chicago,Bulls,CHI,79,1610612765,Detroit,Pistons,DET,87,1998-1999
199,0029800200,0029800200,0029800078,1999-02-15T00:00:00,1610612750,Minnesota,Timberwolves,MIN,99,1610612744,Golden State,Warriors,GSW,101,1998-1999
200,0029800201,0029800201,0029800121,1999-02-20T00:00:00,1610612742,Dallas,Mavericks,DAL,105,1610612746,Los Angeles,Clippers,LAC,90,1998-1999
201,0029800202,0029800202,0029700603,1998-01-26T00:00:00,1610612745,Houston,Rockets,HOU,90,1610612759,San Antonio,Spurs,SAS,115,1998-1999
202,0029800203,0029800203,0029701053,1998-04-01T00:00:00,1610612757,Portland,Trail Blazers,POR,89,1610612762,Utah,Jazz,UTA,98,1998-1999
203,0029800204,0029800204,0029800027,1999-02-07T00:00:00,1610612763,Vancouver,Grizzlies,VAN,87,1610612758,Sacramento,Kings,SAC,109,1998-1999
204,0029800205,0029800205,0029800157,1999-02-25T00:00:00,1610612755,Philadelphia,76ers,PHI,98,1610612741,Chicago,Bulls,CHI,80,1998-1999
205,0029800206,0029800206,0029800006,1999-02-05T00:00:00,1610612764,Washington,Wizards,WAS,81,1610612754,Indiana,Pacers,IND,96,1998-1999
206,0029800207,0029800207,0029701182,1998-04-19T00:00:00,1610612753,Orlando,Magic,ORL,76,1610612766,Charlotte,Hornets,CHH,89,1998-1999
207,0029800208,0029800208,0029701045,1998-03-31T00:00:00,1610612749,Milwaukee,Bucks,MIL,94,1610612744,Golden State,Warriors,GSW,89,1998-1999
208,0029800209,0029800209,0029701085,1998-04-05T00:00:00,1610612762,Utah,Jazz,UTA,99,1610612763,Vancouver,Grizzlies,VAN,93,1998-1999
209,0029800210,0029800210,0029800192,1999-03-01T00:00:00,1610612747,Los Angeles,Lakers,LAL,97,1610612756,Phoenix,Suns,PHX,91,1998-1999
210,0029800211,0029800211,0029701148,1998-04-14T00:00:00,1610612758,Sacramento,Kings,SAC,66,1610612757,Portland,Trail Blazers,POR,92,1998-1999
211,0029800212,0029800212,0029701153,1998-04-15T00:00:00,1610612751,New Jersey,Nets,NJN,103,1610612766,Charlotte,Hornets,CHH,109,1998-1999
212,0029800213,0029800213,0029700485,1998-01-09T00:00:00,1610612748,Miami,Heat,MIA,98,1610612743,Denver,Nuggets,DEN,79,1998-1999
213,0029800214,0029800214,0029701050,1998-04-01T00:00:00,1610612737,Atlanta,Hawks,ATL,105,1610612761,Toronto,Raptors,TOR,91,1998-1999
214,0029800215,0029800215,0029800150,1999-02-24T00:00:00,1610612739,Cleveland,Cavaliers,CLE,73,1610612765,Detroit,Pistons,DET,89,1998-1999
215,0029800216,0029800216,0029700754,1998-02-19T00:00:00,1610612742,Dallas,Mavericks,DAL,81,1610612759,San Antonio,Spurs,SAS,87,1998-1999
216,0029800217,0029800217,0029700840,1998-03-03T00:00:00,1610612745,Houston,Rockets,HOU,107,1610612746,Los Angeles,Clippers,LAC,97,1998-1999
217,0029800218,0029800218,0029701089,1998-04-06T00:00:00,1610612760,Seattle,SuperSonics,SEA,92,1610612756,Phoenix,Suns,PHX,102,1998-1999
218,0029800219,0029800219,0029800110,1999-02-19T00:00:00,1610612763,Vancouver,Grizzlies,VAN,96,1610612750,Minnesota,Timberwolves,MIN,115,1998-1999
219,0029800220,0029800220,0029700689,1998-02-10T00:00:00,1610612738,Boston,Celtics,BOS,99,1610612743,Denver,Nuggets,DEN,112,1998-1999
220,0029800221,0029800221,0029700668,1998-02-04T00:00:00,1610612755,Philadelphia,76ers,PHI,84,1610612748,Miami,Heat,MIA,98,1998-1999
221,0029800222,0029800222,0029700912,1998-03-14T00:00:00,1610612764,Washington,Wizards,WAS,83,1610612766,Charlotte,Hornets,CHH,80,1998-1999
222,0029800223,0029800223,0029701027,1998-03-29T00:00:00,1610612761,Toronto,Raptors,TOR,68,1610612753,Orlando,Magic,ORL,95,1998-1999
223,0029800224,0029800224,0029700864,1998-03-06T00:00:00,1610612754,Indiana,Pacers,IND,101,1610612744,Golden State,Warriors,GSW,87,1998-1999
224,0029800225,0029800225,0029700802,1998-02-26T00:00:00,1610612749,Milwaukee,Bucks,MIL,90,1610612752,New York,Knicks,NYK,102,1998-1999
225,0029800226,0029800226,0029800168,1999-02-26T00:00:00,1610612762,Utah,Jazz,UTA,80,1610612742,Dallas,Mavericks,DAL,65,1998-1999
226,0029800227,0029800227,0029800130,1999-02-21T00:00:00,1610612747,Los Angeles,Lakers,LAL,89,1610612760,Seattle,SuperSonics,SEA,92,1998-1999
227,0029800228,0029800228,0029800182,1999-02-28T00:00:00,1610612757,Portland,Trail Blazers,POR,100,1610612750,Minnesota,Timberwolves,MIN,93,1998-1999
228,0029800229,0029800229,0029800055,1999-02-11T00:00:00,1610612753,Orlando,Magic,ORL,87,1610612765,Detroit,Pistons,DET,81,1998-1999
229,0029800230,0029800230,0029700825,1998-03-01T00:00:00,1610612739,Cleveland,Cavaliers,CLE,102,1610612744,Golden State,Warriors,GSW,82,1998-1999
230,0029800231,0029800231,0029700633,1998-01-30T00:00:00,1610612759,San Antonio,Spurs,SAS,97,1610612746,Los Angeles,Clippers,LAC,87,1998-1999
231,0029800232,0029800232,0029800042,1999-02-09T00:00:00,1610612756,Phoenix,Suns,PHX,95,1610612758,Sacramento,Kings,SAC,112,1998-1999
232,0029800233,0029800233,0029800177,1999-02-27T00:00:00,1610612763,Vancouver,Grizzlies,VAN,74,1610612745,Houston,Rockets,HOU,86,1998-1999
233,0029800234,0029800234,0029800138,1999-02-23T00:00:00,1610612752,New York,Knicks,NYK,82,1610612751,New Jersey,Nets,NJN,74,1998-1999
234,0029800235,0029800235,0029800189,1999-03-01T00:00:00,1610612755,Philadelphia,76ers,PHI,104,1610612764,Washington,Wizards,WAS,91,1998-1999
235,0029800236,0029800236,0029800001,1999-02-05T00:00:00,1610612761,Toronto,Raptors,TOR,103,1610612738,Boston,Celtics,BOS,92,1998-1999
236,0029800237,0029800237,0029800084,1999-02-16T00:00:00,1610612754,Indiana,Pacers,IND,78,1610612748,Miami,Heat,MIA,89,1998-1999
237,0029800238,0029800238,0029701186,1998-04-19T00:00:00,1610612743,Denver,Nuggets,DEN,82,1610612759,San Antonio,Spurs,SAS,96,1998-1999
238,0029800239,0029800239,0029800025,1999-02-07T00:00:00,1610612762,Utah,Jazz,UTA,100,1610612747,Los Angeles,Lakers,LAL,91,1998-1999
239,0029800240,0029800240,0029800175,1999-02-27T00:00:00,1610612758,Sacramento,Kings,SAC,90,1610612742,Dallas,Mavericks,DAL,97,1998-1999
240,0029800241,0029800241,0029700717,1998-02-13T00:00:00,1610612757,Portland,Trail Blazers,POR,105,1610612745,Houston,Rockets,HOU,81,1998-1999
241,0029800242,0029800242,0049700033,1998-05-02T00:00:00,1610612760,Seattle,SuperSonics,SEA,97,1610612750,Minnesota,Timberwolves,MIN,84,1998-1999
242,0029800243,0029800243,0029800190,1999-03-01T00:00:00,1610612753,Orlando,Magic,ORL,70,1610612737,Atlanta,Hawks,ATL,67,1998-1999
243,0029800244,0029800244,0029800221,1999-03-05T00:00:00,1610612748,Miami,Heat,MIA,89,1610612755,Philadelphia,76ers,PHI,78,1998-1999
244,0029800245,0029800245,0029800032,1999-02-08T00:00:00,1610612765,Detroit,Pistons,DET,106,1610612764,Washington,Wizards,WAS,103,1998-1999
245,0029800246,0029800246,0029800141,1999-02-23T00:00:00,1610612749,Milwaukee,Bucks,MIL,90,1610612741,Chicago,Bulls,CHI,88,1998-1999
246,0029800247,0029800247,0029800035,1999-02-08T00:00:00,1610612763,Vancouver,Grizzlies,VAN,76,1610612757,Portland,Trail Blazers,POR,95,1998-1999
247,0029800248,0029800248,0029800225,1999-03-05T00:00:00,1610612752,New York,Knicks,NYK,87,1610612749,Milwaukee,Bucks,MIL,88,1998-1999
248,0029800249,0029800249,0029700659,1998-02-03T00:00:00,1610612766,Charlotte,Hornets,CHH,93,1610612738,Boston,Celtics,BOS,89,1998-1999
249,0029800250,0029800250,0049700023,1998-04-29T00:00:00,1610612741,Chicago,Bulls,CHI,116,1610612751,New Jersey,Nets,NJN,101,1998-1999
250,0029800251,0029800251,0029800242,1999-03-07T00:00:00,1610612750,Minnesota,Timberwolves,MIN,88,1610612760,Seattle,SuperSonics,SEA,77,1998-1999
251,0029800252,0029800252,0029800137,1999-02-22T00:00:00,1610612742,Dallas,Mavericks,DAL,83,1610612756,Phoenix,Suns,PHX,101,1998-1999
252,0029800253,0029800253,0029800033,1999-02-08T00:00:00,1610612745,Houston,Rockets,HOU,99,1610612743,Denver,Nuggets,DEN,80,1998-1999
253,0029800254,0029800254,0029700505,1998-01-12T00:00:00,1610612762,Utah,Jazz,UTA,106,1610612739,Cleveland,Cavaliers,CLE,99,1998-1999
254,0029800255,0029800255,0029800169,1999-02-26T00:00:00,1610612746,Los Angeles,Clippers,LAC,83,1610612747,Los Angeles,Lakers,LAL,99,1998-1999
255,0029800256,0029800256,0029701180,1998-04-18T00:00:00,1610612744,Golden State,Warriors,GSW,112,1610612763,Vancouver,Grizzlies,VAN,100,1998-1999
256,0029800257,0029800257,0029800211,1999-03-03T00:00:00,1610612757,Portland,Trail Blazers,POR,97,1610612758,Sacramento,Kings,SAC,93,1998-1999
257,0029800258,0029800258,0029800004,1999-02-05T00:00:00,1610612755,Philadelphia,76ers,PHI,78,1610612766,Charlotte,Hornets,CHH,66,1998-1999
258,0029800259,0029800259,0029800245,1999-03-08T00:00:00,1610612764,Washington,Wizards,WAS,71,1610612765,Detroit,Pistons,DET,75,1998-1999
259,0029800260,0029800260,0029701183,1998-04-19T00:00:00,1610612748,Miami,Heat,MIA,89,1610612737,Atlanta,Hawks,ATL,101,1998-1999
260,0029800261,0029800261,0029800127,1999-02-21T00:00:00,1610612754,Indiana,Pacers,IND,80,1610612751,New Jersey,Nets,NJN,79,1998-1999
261,0029800262,0029800262,0029700259,1997-12-07T00:00:00,1610612749,Milwaukee,Bucks,MIL,97,1610612760,Seattle,SuperSonics,SEA,91,1998-1999
262,0029800263,0029800263,0029700454,1998-01-05T00:00:00,1610612759,San Antonio,Spurs,SAS,74,1610612753,Orlando,Magic,ORL,69,1998-1999
263,0029800264,0029800264,0029700514,1998-01-13T00:00:00,1610612756,Phoenix,Suns,PHX,84,1610612739,Cleveland,Cavaliers,CLE,102,1998-1999
264,0029800265,0029800265,0029800255,1999-03-09T00:00:00,1610612747,Los Angeles,Lakers,LAL,103,1610612746,Los Angeles,Clippers,LAC,99,1998-1999
265,0029800266,0029800266,0029800044,1999-02-10T00:00:00,1610612752,New York,Knicks,NYK,101,1610612764,Washington,Wizards,WAS,88,1998-1999
266,0029800267,0029800267,0029800052,1999-02-11T00:00:00,1610612748,Miami,Heat,MIA,102,1610612761,Toronto,Raptors,TOR,84,1998-1999
267,0029800268,0029800268,0029700922,1998-03-15T00:00:00,1610612737,Atlanta,Hawks,ATL,93,1610612738,Boston,Celtics,BOS,77,1998-1999
268,0029800269,0029800269,0029700511,1998-01-13T00:00:00,1610612741,Chicago,Bulls,CHI,101,1610612760,Seattle,SuperSonics,SEA,91,1998-1999
269,0029800270,0029800270,0029700795,1998-02-25T00:00:00,1610612742,Dallas,Mavericks,DAL,79,1610612753,Orlando,Magic,ORL,100,1998-1999
270,0029800271,0029800271,0029800233,1999-03-06T00:00:00,1610612745,Houston,Rockets,HOU,107,1610612763,Vancouver,Grizzlies,VAN,92,1998-1999
271,0029800272,0029800272,0029800153,1999-02-24T00:00:00,1610612762,Utah,Jazz,UTA,87,1610612743,Denver,Nuggets,DEN,97,1998-1999
272,0029800273,0029800273,0029701179,1998-04-18T00:00:00,1610612746,Los Angeles,Clippers,LAC,83,1610612758,Sacramento,Kings,SAC,77,1998-1999
273,0029800274,0029800274,0029800200,1999-03-02T00:00:00,1610612744,Golden State,Warriors,GSW,78,1610612750,Minnesota,Timberwolves,MIN,89,1998-1999
274,0029800275,0029800275,0029700996,1998-03-25T00:00:00,1610612755,Philadelphia,76ers,PHI,86,1610612751,New Jersey,Nets,NJN,91,1998-1999
275,0029800276,0029800276,0029800222,1999-03-05T00:00:00,1610612764,Washington,Wizards,WAS,86,1610612766,Charlotte,Hornets,CHH,85,1998-1999
276,0029800277,0029800277,0029701065,1998-04-03T00:00:00,1610612765,Detroit,Pistons,DET,100,1610612738,Boston,Celtics,BOS,101,1998-1999
277,0029800278,0029800278,0029800119,1999-02-20T00:00:00,1610612754,Indiana,Pacers,IND,82,1610612749,Milwaukee,Bucks,MIL,80,1998-1999
278,0029800279,0029800279,0029800123,1999-02-21T00:00:00,1610612741,Chicago,Bulls,CHI,63,1610612752,New York,Knicks,NYK,79,1998-1999
279,0029800280,0029800280,0029800095,1999-02-17T00:00:00,1610612756,Phoenix,Suns,PHX,79,1610612759,San Antonio,Spurs,SAS,76,1998-1999
280,0029800281,0029800281,0029701127,1998-04-11T00:00:00,1610612747,Los Angeles,Lakers,LAL,96,1610612744,Golden State,Warriors,GSW,84,1998-1999
281,0029800282,0029800282,0029800128,1999-02-21T00:00:00,1610612758,Sacramento,Kings,SAC,90,1610612750,Minnesota,Timberwolves,MIN,102,1998-1999
282,0029800283,0029800283,0029800203,1999-03-02T00:00:00,1610612757,Portland,Trail Blazers,POR,102,1610612762,Utah,Jazz,UTA,100,1998-1999
283,0029800284,0029800284,0029800214,1999-03-04T00:00:00,1610612737,Atlanta,Hawks,ATL,77,1610612761,Toronto,Raptors,TOR,86,1998-1999
284,0029800285,0029800285,0029800073,1999-02-14T00:00:00,1610612742,Dallas,Mavericks,DAL,92,1610612763,Vancouver,Grizzlies,VAN,96,1998-1999
285,0029800286,0029800286,0029700457,1998-01-06T00:00:00,1610612745,Houston,Rockets,HOU,70,1610612739,Cleveland,Cavaliers,CLE,100,1998-1999
286,0029800287,0029800287,0029800238,1999-03-07T00:00:00,1610612759,San Antonio,Spurs,SAS,106,1610612743,Denver,Nuggets,DEN,96,1998-1999
287,0029800288,0029800288,0029701147,1998-04-14T00:00:00,1610612762,Utah,Jazz,UTA,126,1610612750,Minnesota,Timberwolves,MIN,109,1998-1999
288,0029800289,0029800289,0029701161,1998-04-16T00:00:00,1610612746,Los Angeles,Clippers,LAC,90,1610612757,Portland,Trail Blazers,POR,99,1998-1999
289,0029800290,0029800290,0029700975,1998-03-22T00:00:00,1610612744,Golden State,Warriors,GSW,83,1610612753,Orlando,Magic,ORL,92,1998-1999
290,0029800291,0029800291,0029700892,1998-03-11T00:00:00,1610612752,New York,Knicks,NYK,78,1610612766,Charlotte,Hornets,CHH,85,1998-1999
291,0029800292,0029800292,0029700885,1998-03-10T00:00:00,1610612764,Washington,Wizards,WAS,93,1610612749,Milwaukee,Bucks,MIL,77,1998-1999
292,0029800293,0029800293,0029800075,1999-02-15T00:00:00,1610612748,Miami,Heat,MIA,95,1610612751,New Jersey,Nets,NJN,72,1998-1999
293,0029800294,0029800294,0029701026,1998-03-29T00:00:00,1610612765,Detroit,Pistons,DET,95,1610612737,Atlanta,Hawks,ATL,118,1998-1999
294,0029800295,0029800295,0029701129,1998-04-12T00:00:00,1610612754,Indiana,Pacers,IND,93,1610612738,Boston,Celtics,BOS,87,1998-1999
295,0029800296,0029800296,0029800086,1999-02-16T00:00:00,1610612756,Phoenix,Suns,PHX,92,1610612745,Houston,Rockets,HOU,109,1998-1999
296,0029800297,0029800297,0029701003,1998-03-25T00:00:00,1610612758,Sacramento,Kings,SAC,91,1610612747,Los Angeles,Lakers,LAL,114,1998-1999
297,0029800298,0029800298,0029700949,1998-03-18T00:00:00,1610612760,Seattle,SuperSonics,SEA,99,1610612746,Los Angeles,Clippers,LAC,80,1998-1999
298,0029800299,0029800299,0029800014,1999-02-06T00:00:00,1610612753,Orlando,Magic,ORL,75,1610612755,Philadelphia,76ers,PHI,95,1998-1999
299,0029800300,0029800300,0029800191,1999-03-01T00:00:00,1610612761,Toronto,Raptors,TOR,88,1610612766,Charlotte,Hornets,CHH,91,1998-1999
300,0029800301,0029800301,0029701109,1998-04-09T00:00:00,1610612741,Chicago,Bulls,CHI,85,1610612739,Cleveland,Cavaliers,CLE,91,1998-1999
301,0029800302,0029800302,0029800248,1999-03-09T00:00:00,1610612749,Milwaukee,Bucks,MIL,87,1610612752,New York,Knicks,NYK,86,1998-1999
302,0029800303,0029800303,0029800288,1999-03-13T00:00:00,1610612750,Minnesota,Timberwolves,MIN,72,1610612762,Utah,Jazz,UTA,99,1998-1999
303,0029800304,0029800304,0029800079,1999-02-15T00:00:00,1610612742,Dallas,Mavericks,DAL,84,1610612757,Portland,Trail Blazers,POR,99,1998-1999
304,0029800305,0029800305,0029800184,1999-02-28T00:00:00,1610612743,Denver,Nuggets,DEN,116,1610612763,Vancouver,Grizzlies,VAN,112,1998-1999
305,0029800306,0029800306,0029700882,1998-03-09T00:00:00,1610612744,Golden State,Warriors,GSW,93,1610612758,Sacramento,Kings,SAC,88,1998-1999
306,0029800307,0029800307,0029701054,1998-04-02T00:00:00,1610612752,New York,Knicks,NYK,81,1610612746,Los Angeles,Clippers,LAC,70,1998-1999
307,0029800308,0029800308,0029800139,1999-02-23T00:00:00,1610612748,Miami,Heat,MIA,96,1610612764,Washington,Wizards,WAS,80,1998-1999
308,0029800309,0029800309,0029701141,1998-04-14T00:00:00,1610612761,Toronto,Raptors,TOR,96,1610612751,New Jersey,Nets,NJN,92,1998-1999
309,0029800310,0029800310,0029800215,1999-03-04T00:00:00,1610612739,Cleveland,Cavaliers,CLE,84,1610612765,Detroit,Pistons,DET,99,1998-1999
310,0029800311,0029800311,0029701155,1998-04-15T00:00:00,1610612754,Indiana,Pacers,IND,82,1610612737,Atlanta,Hawks,ATL,70,1998-1999
311,0029800312,0029800312,0029700223,1997-12-02T00:00:00,1610612749,Milwaukee,Bucks,MIL,86,1610612756,Phoenix,Suns,PHX,90,1998-1999
312,0029800313,0029800313,0029800058,1999-02-11T00:00:00,1610612750,Minnesota,Timberwolves,MIN,86,1610612747,Los Angeles,Lakers,LAL,75,1998-1999
313,0029800314,0029800314,0029800241,1999-03-07T00:00:00,1610612745,Houston,Rockets,HOU,71,1610612757,Portland,Trail Blazers,POR,111,1998-1999
314,0029800315,0029800315,0029800007,1999-02-05T00:00:00,1610612758,Sacramento,Kings,SAC,83,1610612759,San Antonio,Spurs,SAS,101,1998-1999
315,0029800316,0029800316,0029701149,1998-04-14T00:00:00,1610612760,Seattle,SuperSonics,SEA,110,1610612763,Vancouver,Grizzlies,VAN,98,1998-1999
316,0029800317,0029800317,0029700714,1998-02-13T00:00:00,1610612738,Boston,Celtics,BOS,97,1610612746,Los Angeles,Clippers,LAC,96,1998-1999
317,0029800318,0029800318,0029700915,1998-03-14T00:00:00,1610612751,New Jersey,Nets,NJN,108,1610612742,Dallas,Mavericks,DAL,93,1998-1999
318,0029800319,0029800319,0029800104,1999-02-18T00:00:00,1610612755,Philadelphia,76ers,PHI,95,1610612754,Indiana,Pacers,IND,99,1998-1999
319,0029800320,0029800320,0029701123,1998-04-11T00:00:00,1610612753,Orlando,Magic,ORL,78,1610612741,Chicago,Bulls,CHI,87,1998-1999
320,0029800321,0029800321,0029700763,1998-02-20T00:00:00,1610612766,Charlotte,Hornets,CHH,99,1610612756,Phoenix,Suns,PHX,115,1998-1999
321,0029800322,0029800322,0029800260,1999-03-10T00:00:00,1610612737,Atlanta,Hawks,ATL,78,1610612748,Miami,Heat,MIA,88,1998-1999
322,0029800323,0029800323,0029800140,1999-02-23T00:00:00,1610612765,Detroit,Pistons,DET,106,1610612761,Toronto,Raptors,TOR,80,1998-1999
323,0029800324,0029800324,0029800253,1999-03-09T00:00:00,1610612743,Denver,Nuggets,DEN,75,1610612745,Houston,Rockets,HOU,84,1998-1999
324,0029800325,0029800325,0029701073,1998-04-04T00:00:00,1610612744,Golden State,Warriors,GSW,80,1610612759,San Antonio,Spurs,SAS,88,1998-1999
325,0029800326,0029800326,0029800002,1999-02-05T00:00:00,1610612752,New York,Knicks,NYK,85,1610612753,Orlando,Magic,ORL,93,1998-1999
326,0029800327,0029800327,0029700315,1997-12-15T00:00:00,1610612764,Washington,Wizards,WAS,88,1610612762,Utah,Jazz,UTA,86,1998-1999
327,0029800328,0029800328,0029701064,1998-04-03T00:00:00,1610612739,Cleveland,Cavaliers,CLE,93,1610612747,Los Angeles,Lakers,LAL,105,1998-1999
328,0029800329,0029800329,0029800250,1999-03-09T00:00:00,1610612741,Chicago,Bulls,CHI,103,1610612751,New Jersey,Nets,NJN,87,1998-1999
329,0029800330,0029800330,0029701150,1998-04-15T00:00:00,1610612749,Milwaukee,Bucks,MIL,117,1610612738,Boston,Celtics,BOS,109,1998-1999
330,0029800331,0029800331,0029800257,1999-03-09T00:00:00,1610612758,Sacramento,Kings,SAC,98,1610612757,Portland,Trail Blazers,POR,103,1998-1999
331,0029800332,0029800332,0029800219,1999-03-04T00:00:00,1610612763,Vancouver,Grizzlies,VAN,93,1610612750,Minnesota,Timberwolves,MIN,102,1998-1999
332,0029800333,0029800333,0029700450,1998-01-04T00:00:00,1610612755,Philadelphia,76ers,PHI,113,1610612747,Los Angeles,Lakers,LAL,107,1998-1999
333,0029800334,0029800334,0029700945,1998-03-18T00:00:00,1610612766,Charlotte,Hornets,CHH,111,1610612762,Utah,Jazz,UTA,85,1998-1999
334,0029800335,0029800335,0029700601,1998-01-26T00:00:00,1610612737,Atlanta,Hawks,ATL,91,1610612756,Phoenix,Suns,PHX,96,1998-1999
335,0029800336,0029800336,0029700911,1998-03-13T00:00:00,1610612761,Toronto,Raptors,TOR,120,1610612746,Los Angeles,Clippers,LAC,152,1998-1999
336,0029800337,0029800337,0029700833,1998-03-02T00:00:00,1610612765,Detroit,Pistons,DET,100,1610612742,Dallas,Mavericks,DAL,94,1998-1999
337,0029800338,0029800338,0049700082,1998-05-31T00:00:00,1610612754,Indiana,Pacers,IND,83,1610612741,Chicago,Bulls,CHI,88,1998-1999
338,0029800339,0029800339,0029800008,1999-02-05T00:00:00,1610612743,Denver,Nuggets,DEN,92,1610612750,Minnesota,Timberwolves,MIN,110,1998-1999
339,0029800340,0029800340,0029800049,1999-02-10T00:00:00,1610612744,Golden State,Warriors,GSW,82,1610612760,Seattle,SuperSonics,SEA,89,1998-1999
340,0029800341,0029800341,0029701088,1998-04-06T00:00:00,1610612757,Portland,Trail Blazers,POR,79,1610612759,San Antonio,Spurs,SAS,75,1998-1999
341,0029800342,0029800342,0029800162,1999-02-26T00:00:00,1610612752,New York,Knicks,NYK,80,1610612738,Boston,Celtics,BOS,94,1998-1999
342,0029800343,0029800343,0029701151,1998-04-15T00:00:00,1610612764,Washington,Wizards,WAS,101,1610612739,Cleveland,Cavaliers,CLE,93,1998-1999
343,0029800344,0029800344,0029800237,1999-03-07T00:00:00,1610612748,Miami,Heat,MIA,72,1610612754,Indiana,Pacers,IND,85,1998-1999
344,0029800345,0029800345,0029700953,1998-03-19T00:00:00,1610612737,Atlanta,Hawks,ATL,84,1610612749,Milwaukee,Bucks,MIL,81,1998-1999
345,0029800346,0029800346,0029800240,1999-03-07T00:00:00,1610612742,Dallas,Mavericks,DAL,89,1610612758,Sacramento,Kings,SAC,94,1998-1999
346,0029800347,0029800347,0029800296,1999-03-14T00:00:00,1610612745,Houston,Rockets,HOU,90,1610612756,Phoenix,Suns,PHX,104,1998-1999
347,0029800348,0029800348,0029701162,1998-04-16T00:00:00,1610612763,Vancouver,Grizzlies,VAN,97,1610612759,San Antonio,Spurs,SAS,110,1998-1999
348,0029800349,0029800349,0029700983,1998-03-23T00:00:00,1610612738,Boston,Celtics,BOS,88,1610612741,Chicago,Bulls,CHI,111,1998-1999
349,0029800350,0029800350,0029700775,1998-02-22T00:00:00,1610612753,Orlando,Magic,ORL,96,1610612747,Los Angeles,Lakers,LAL,94,1998-1999
350,0029800351,0029800351,0029800080,1999-02-16T00:00:00,1610612761,Toronto,Raptors,TOR,85,1610612752,New York,Knicks,NYK,95,1998-1999
351,0029800352,0029800352,0029800118,1999-02-20T00:00:00,1610612739,Cleveland,Cavaliers,CLE,89,1610612751,New Jersey,Nets,NJN,84,1998-1999
352,0029800353,0029800353,0029700923,1998-03-15T00:00:00,1610612765,Detroit,Pistons,DET,98,1610612762,Utah,Jazz,UTA,109,1998-1999
353,0029800354,0029800354,0029800016,1999-02-06T00:00:00,1610612749,Milwaukee,Bucks,MIL,113,1610612766,Charlotte,Hornets,CHH,107,1998-1999
354,0029800355,0029800355,0029800070,1999-02-14T00:00:00,1610612750,Minnesota,Timberwolves,MIN,95,1610612746,Los Angeles,Clippers,LAC,73,1998-1999
355,0029800356,0029800356,0029800066,1999-02-13T00:00:00,1610612743,Denver,Nuggets,DEN,92,1610612760,Seattle,SuperSonics,SEA,105,1998-1999
356,0029800357,0029800357,0029700579,1998-01-23T00:00:00,1610612757,Portland,Trail Blazers,POR,87,1610612755,Philadelphia,76ers,PHI,98,1998-1999
357,0029800358,0029800358,0029701090,1998-04-07T00:00:00,1610612752,New York,Knicks,NYK,79,1610612737,Atlanta,Hawks,ATL,92,1998-1999
358,0029800359,0029800359,0029800309,1999-03-16T00:00:00,1610612751,New Jersey,Nets,NJN,85,1610612761,Toronto,Raptors,TOR,100,1998-1999
359,0029800360,0029800360,0029800206,1999-03-03T00:00:00,1610612754,Indiana,Pacers,IND,106,1610612764,Washington,Wizards,WAS,95,1998-1999
360,0029800361,0029800361,0029701168,1998-04-17T00:00:00,1610612749,Milwaukee,Bucks,MIL,102,1610612765,Detroit,Pistons,DET,108,1998-1999
361,0029800362,0029800362,0029800096,1999-02-17T00:00:00,1610612742,Dallas,Mavericks,DAL,88,1610612747,Los Angeles,Lakers,LAL,101,1998-1999
362,0029800363,0029800363,0029800047,1999-02-10T00:00:00,1610612745,Houston,Rockets,HOU,92,1610612758,Sacramento,Kings,SAC,82,1998-1999
363,0029800364,0029800364,0029800161,1999-02-25T00:00:00,1610612756,Phoenix,Suns,PHX,94,1610612763,Vancouver,Grizzlies,VAN,86,1998-1999
364,0029800365,0029800365,0029700438,1998-01-02T00:00:00,1610612760,Seattle,SuperSonics,SEA,90,1610612755,Philadelphia,76ers,PHI,73,1998-1999
365,0029800366,0029800366,0029800207,1999-03-03T00:00:00,1610612753,Orlando,Magic,ORL,93,1610612766,Charlotte,Hornets,CHH,76,1998-1999
366,0029800367,0029800367,0029800197,1999-03-02T00:00:00,1610612739,Cleveland,Cavaliers,CLE,116,1610612738,Boston,Celtics,BOS,99,1998-1999
367,0029800368,0029800368,0029800179,1999-02-28T00:00:00,1610612741,Chicago,Bulls,CHI,90,1610612761,Toronto,Raptors,TOR,88,1998-1999
368,0029800369,0029800369,0029800287,1999-03-13T00:00:00,1610612759,San Antonio,Spurs,SAS,92,1610612743,Denver,Nuggets,DEN,61,1998-1999
369,0029800370,0029800370,0029700792,1998-02-24T00:00:00,1610612762,Utah,Jazz,UTA,102,1610612748,Miami,Heat,MIA,104,1998-1999
370,0029800371,0029800371,0029800122,1999-02-20T00:00:00,1610612757,Portland,Trail Blazers,POR,90,1610612744,Golden State,Warriors,GSW,84,1998-1999
371,0029800372,0029800372,0029700570,1998-01-21T00:00:00,1610612738,Boston,Celtics,BOS,95,1610612750,Minnesota,Timberwolves,MIN,104,1998-1999
372,0029800373,0029800373,0029800081,1999-02-16T00:00:00,1610612751,New Jersey,Nets,NJN,97,1610612765,Detroit,Pistons,DET,82,1998-1999
373,0029800374,0029800374,0029800174,1999-02-27T00:00:00,1610612766,Charlotte,Hornets,CHH,77,1610612741,Chicago,Bulls,CHI,94,1998-1999
374,0029800375,0029800375,0029800311,1999-03-16T00:00:00,1610612737,Atlanta,Hawks,ATL,85,1610612754,Indiana,Pacers,IND,79,1998-1999
375,0029800376,0029800376,0029701012,1998-03-27T00:00:00,1610612749,Milwaukee,Bucks,MIL,77,1610612748,Miami,Heat,MIA,102,1998-1999
376,0029800377,0029800377,0029800059,1999-02-11T00:00:00,1610612742,Dallas,Mavericks,DAL,95,1610612745,Houston,Rockets,HOU,105,1998-1999
377,0029800378,0029800378,0029800144,1999-02-23T00:00:00,1610612746,Los Angeles,Clippers,LAC,89,1610612744,Golden State,Warriors,GSW,94,1998-1999
378,0029800379,0029800379,0029800210,1999-03-03T00:00:00,1610612747,Los Angeles,Lakers,LAL,101,1610612756,Phoenix,Suns,PHX,95,1998-1999
379,0029800380,0029800380,0029700111,1997-11-15T00:00:00,1610612758,Sacramento,Kings,SAC,87,1610612752,New York,Knicks,NYK,114,1998-1999
380,0029800381,0029800381,0029701004,1998-03-25T00:00:00,1610612760,Seattle,SuperSonics,SEA,133,1610612764,Washington,Wizards,WAS,109,1998-1999
381,0029800382,0029800382,0029700509,1998-01-13T00:00:00,1610612763,Vancouver,Grizzlies,VAN,89,1610612755,Philadelphia,76ers,PHI,107,1998-1999
382,0029800383,0029800383,0029800083,1999-02-16T00:00:00,1610612753,Orlando,Magic,ORL,78,1610612739,Cleveland,Cavaliers,CLE,90,1998-1999
383,0029800384,0029800384,0029700455,1998-01-05T00:00:00,1610612745,Houston,Rockets,HOU,120,1610612761,Toronto,Raptors,TOR,96,1998-1999
384,0029800385,0029800385,0029800369,1999-03-23T00:00:00,1610612743,Denver,Nuggets,DEN,82,1610612759,San Antonio,Spurs,SAS,112,1998-1999
385,0029800386,0029800386,0029701074,1998-04-04T00:00:00,1610612757,Portland,Trail Blazers,POR,83,1610612756,Phoenix,Suns,PHX,90,1998-1999
386,0029800387,0029800387,0029800261,1999-03-10T00:00:00,1610612751,New Jersey,Nets,NJN,82,1610612754,Indiana,Pacers,IND,93,1998-1999
387,0029800388,0029800388,0029701024,1998-03-29T00:00:00,1610612755,Philadelphia,76ers,PHI,99,1610612738,Boston,Celtics,BOS,94,1998-1999
388,0029800389,0029800389,0029800366,1999-03-23T00:00:00,1610612766,Charlotte,Hornets,CHH,78,1610612753,Orlando,Magic,ORL,86,1998-1999
389,0029800390,0029800390,0029800132,1999-02-22T00:00:00,1610612737,Atlanta,Hawks,ATL,68,1610612741,Chicago,Bulls,CHI,77,1998-1999
390,0029800391,0029800391,0029800361,1999-03-22T00:00:00,1610612765,Detroit,Pistons,DET,86,1610612749,Milwaukee,Bucks,MIL,115,1998-1999
391,0029800392,0029800392,0029701094,1998-04-07T00:00:00,1610612750,Minnesota,Timberwolves,MIN,92,1610612748,Miami,Heat,MIA,89,1998-1999
392,0029800393,0029800393,0029800158,1999-02-25T00:00:00,1610612742,Dallas,Mavericks,DAL,90,1610612743,Denver,Nuggets,DEN,81,1998-1999
393,0029800394,0029800394,0029700807,1998-02-26T00:00:00,1610612759,San Antonio,Spurs,SAS,97,1610612761,Toronto,Raptors,TOR,86,1998-1999
394,0029800395,0029800395,0029700205,1997-11-29T00:00:00,1610612756,Phoenix,Suns,PHX,80,1610612752,New York,Knicks,NYK,102,1998-1999
395,0029800396,0029800396,0029800297,1999-03-14T00:00:00,1610612747,Los Angeles,Lakers,LAL,101,1610612758,Sacramento,Kings,SAC,105,1998-1999
396,0029800397,0029800397,0029700804,1998-02-26T00:00:00,1610612744,Golden State,Warriors,GSW,87,1610612764,Washington,Wizards,WAS,110,1998-1999
397,0029800398,0029800398,0029800298,1999-03-14T00:00:00,1610612760,Seattle,SuperSonics,SEA,108,1610612746,Los Angeles,Clippers,LAC,89,1998-1999
398,0029800399,0029800399,0029800209,1999-03-03T00:00:00,1610612763,Vancouver,Grizzlies,VAN,86,1610612762,Utah,Jazz,UTA,109,1998-1999
399,0029800400,0029800400,0029800352,1999-03-21T00:00:00,1610612751,New Jersey,Nets,NJN,85,1610612739,Cleveland,Cavaliers,CLE,88,1998-1999
400,0029800401,0029800401,0029800116,1999-02-20T00:00:00,1610612737,Atlanta,Hawks,ATL,76,1610612755,Philadelphia,76ers,PHI,69,1998-1999
401,0029800402,0029800402,0029800216,1999-03-04T00:00:00,1610612759,San Antonio,Spurs,SAS,95,1610612742,Dallas,Mavericks,DAL,79,1998-1999
402,0029800403,0029800403,0029700935,1998-03-17T00:00:00,1610612743,Denver,Nuggets,DEN,90,1610612764,Washington,Wizards,WAS,89,1998-1999
403,0029800404,0029800404,0029800136,1999-02-22T00:00:00,1610612746,Los Angeles,Clippers,LAC,89,1610612762,Utah,Jazz,UTA,104,1998-1999
404,0029800405,0029800405,0029800019,1999-02-06T00:00:00,1610612744,Golden State,Warriors,GSW,84,1610612745,Houston,Rockets,HOU,86,1998-1999
405,0029800406,0029800406,0029800295,1999-03-14T00:00:00,1610612738,Boston,Celtics,BOS,96,1610612754,Indiana,Pacers,IND,99,1998-1999
406,0029800407,0029800407,0029800178,1999-02-28T00:00:00,1610612753,Orlando,Magic,ORL,78,1610612748,Miami,Heat,MIA,84,1998-1999
407,0029800408,0029800408,0029800046,1999-02-10T00:00:00,1610612766,Charlotte,Hornets,CHH,77,1610612739,Cleveland,Cavaliers,CLE,87,1998-1999
408,0029800409,0029800409,0029800368,1999-03-23T00:00:00,1610612761,Toronto,Raptors,TOR,113,1610612741,Chicago,Bulls,CHI,90,1998-1999
409,0029800410,0029800410,0029700244,1997-12-05T00:00:00,1610612765,Detroit,Pistons,DET,89,1610612760,Seattle,SuperSonics,SEA,94,1998-1999
410,0029800411,0029800411,0029701178,1998-04-18T00:00:00,1610612750,Minnesota,Timberwolves,MIN,111,1610612749,Milwaukee,Bucks,MIL,109,1998-1999
411,0029800412,0029800412,0029800386,1999-03-25T00:00:00,1610612756,Phoenix,Suns,PHX,84,1610612757,Portland,Trail Blazers,POR,97,1998-1999
412,0029800413,0029800413,0029700823,1998-03-01T00:00:00,1610612747,Los Angeles,Lakers,LAL,89,1610612752,New York,Knicks,NYK,101,1998-1999
413,0029800414,0029800414,0029800363,1999-03-22T00:00:00,1610612758,Sacramento,Kings,SAC,100,1610612745,Houston,Rockets,HOU,110,1998-1999
414,0029800415,0029800415,0029800375,1999-03-24T00:00:00,1610612754,Indiana,Pacers,IND,102,1610612737,Atlanta,Hawks,ATL,103,1998-1999
415,0029800416,0029800416,0029800012,1999-02-05T00:00:00,1610612742,Dallas,Mavericks,DAL,86,1610612760,Seattle,SuperSonics,SEA,92,1998-1999
416,0029800417,0029800417,0029700875,1998-03-08T00:00:00,1610612743,Denver,Nuggets,DEN,89,1610612746,Los Angeles,Clippers,LAC,100,1998-1999
417,0029800418,0029800418,0029800145,1999-02-23T00:00:00,1610612747,Los Angeles,Lakers,LAL,83,1610612763,Vancouver,Grizzlies,VAN,93,1998-1999
418,0029800419,0029800419,0049700060,1998-05-13T00:00:00,1610612752,New York,Knicks,NYK,88,1610612754,Indiana,Pacers,IND,99,1998-1999
419,0029800420,0029800420,0029800045,1999-02-10T00:00:00,1610612753,Orlando,Magic,ORL,89,1610612751,New Jersey,Nets,NJN,81,1998-1999
420,0029800421,0029800421,0029800249,1999-03-09T00:00:00,1610612766,Charlotte,Hornets,CHH,105,1610612738,Boston,Celtics,BOS,87,1998-1999
421,0029800422,0029800422,0029800294,1999-03-14T00:00:00,1610612737,Atlanta,Hawks,ATL,85,1610612765,Detroit,Pistons,DET,72,1998-1999
422,0029800423,0029800423,0029701006,1998-03-26T00:00:00,1610612739,Cleveland,Cavaliers,CLE,97,1610612761,Toronto,Raptors,TOR,96,1998-1999
423,0029800424,0029800424,0029800205,1999-03-03T00:00:00,1610612741,Chicago,Bulls,CHI,86,1610612755,Philadelphia,76ers,PHI,102,1998-1999
424,0029800425,0029800425,0029800292,1999-03-14T00:00:00,1610612749,Milwaukee,Bucks,MIL,86,1610612764,Washington,Wizards,WAS,98,1998-1999
425,0029800426,0029800426,0029700984,1998-03-23T00:00:00,1610612750,Minnesota,Timberwolves,MIN,87,1610612742,Dallas,Mavericks,DAL,91,1998-1999
426,0029800427,0029800427,0029800171,1999-02-26T00:00:00,1610612759,San Antonio,Spurs,SAS,82,1610612760,Seattle,SuperSonics,SEA,92,1998-1999
427,0029800428,0029800428,0029800217,1999-03-04T00:00:00,1610612746,Los Angeles,Clippers,LAC,77,1610612745,Houston,Rockets,HOU,96,1998-1999
428,0029800429,0029800429,0029800371,1999-03-23T00:00:00,1610612744,Golden State,Warriors,GSW,72,1610612757,Portland,Trail Blazers,POR,79,1998-1999
429,0029800430,0029800430,0029800077,1999-02-15T00:00:00,1610612758,Sacramento,Kings,SAC,112,1610612762,Utah,Jazz,UTA,120,1998-1999
430,0029800431,0029800431,0029800305,1999-03-15T00:00:00,1610612763,Vancouver,Grizzlies,VAN,84,1610612743,Denver,Nuggets,DEN,110,1998-1999
431,0029800432,0029800432,0029800277,1999-03-12T00:00:00,1610612738,Boston,Celtics,BOS,83,1610612765,Detroit,Pistons,DET,93,1998-1999
432,0029800433,0029800433,0029800091,1999-02-17T00:00:00,1610612764,Washington,Wizards,WAS,85,1610612753,Orlando,Magic,ORL,96,1998-1999
433,0029800434,0029800434,0029800354,1999-03-21T00:00:00,1610612766,Charlotte,Hornets,CHH,94,1610612749,Milwaukee,Bucks,MIL,87,1998-1999
434,0029800435,0029800435,0029800185,1999-02-28T00:00:00,1610612756,Phoenix,Suns,PHX,102,1610612744,Golden State,Warriors,GSW,89,1998-1999
435,0029800436,0029800436,0029800331,1999-03-18T00:00:00,1610612757,Portland,Trail Blazers,POR,88,1610612758,Sacramento,Kings,SAC,78,1998-1999
436,0029800437,0029800437,0029800188,1999-03-01T00:00:00,1610612752,New York,Knicks,NYK,85,1610612739,Cleveland,Cavaliers,CLE,78,1998-1999
437,0029800438,0029800438,0029800021,1999-02-07T00:00:00,1610612751,New Jersey,Nets,NJN,79,1610612737,Atlanta,Hawks,ATL,69,1998-1999
438,0029800439,0029800439,0029800244,1999-03-08T00:00:00,1610612748,Miami,Heat,MIA,91,1610612755,Philadelphia,76ers,PHI,89,1998-1999
439,0029800440,0029800440,0029800151,1999-02-24T00:00:00,1610612761,Toronto,Raptors,TOR,84,1610612754,Indiana,Pacers,IND,104,1998-1999
440,0029800441,0029800441,0029800199,1999-03-02T00:00:00,1610612765,Detroit,Pistons,DET,108,1610612741,Chicago,Bulls,CHI,78,1998-1999
441,0029800442,0029800442,0029800201,1999-03-02T00:00:00,1610612742,Dallas,Mavericks,DAL,112,1610612746,Los Angeles,Clippers,LAC,99,1998-1999
442,0029800443,0029800443,0029800348,1999-03-20T00:00:00,1610612759,San Antonio,Spurs,SAS,92,1610612763,Vancouver,Grizzlies,VAN,88,1998-1999
443,0029800444,0029800444,0029800356,1999-03-21T00:00:00,1610612743,Denver,Nuggets,DEN,102,1610612760,Seattle,SuperSonics,SEA,98,1998-1999
444,0029800445,0029800445,0049700039,1998-05-03T00:00:00,1610612762,Utah,Jazz,UTA,84,1610612745,Houston,Rockets,HOU,70,1998-1999
445,0029800446,0029800446,0029800330,1999-03-18T00:00:00,1610612738,Boston,Celtics,BOS,83,1610612749,Milwaukee,Bucks,MIL,99,1998-1999
446,0029800447,0029800447,0029800133,1999-02-22T00:00:00,1610612755,Philadelphia,76ers,PHI,106,1610612739,Cleveland,Cavaliers,CLE,97,1998-1999
447,0029800448,0029800448,0029701062,1998-04-03T00:00:00,1610612766,Charlotte,Hornets,CHH,96,1610612754,Indiana,Pacers,IND,89,1998-1999
448,0029800449,0029800449,0029700830,1998-03-01T00:00:00,1610612737,Atlanta,Hawks,ATL,101,1610612763,Vancouver,Grizzlies,VAN,76,1998-1999
449,0029800450,0029800450,0029800320,1999-03-17T00:00:00,1610612741,Chicago,Bulls,CHI,94,1610612753,Orlando,Magic,ORL,103,1998-1999
450,0029800451,0029800451,0029800339,1999-03-19T00:00:00,1610612750,Minnesota,Timberwolves,MIN,105,1610612743,Denver,Nuggets,DEN,101,1998-1999
451,0029800452,0029800452,0029800379,1999-03-24T00:00:00,1610612756,Phoenix,Suns,PHX,106,1610612747,Los Angeles,Lakers,LAL,101,1998-1999
452,0029800453,0029800453,0029800064,1999-02-12T00:00:00,1610612744,Golden State,Warriors,GSW,81,1610612762,Utah,Jazz,UTA,97,1998-1999
453,0029800454,0029800454,0029800028,1999-02-07T00:00:00,1610612757,Portland,Trail Blazers,POR,88,1610612760,Seattle,SuperSonics,SEA,91,1998-1999
454,0029800455,0029800455,0029800293,1999-03-14T00:00:00,1610612751,New Jersey,Nets,NJN,76,1610612748,Miami,Heat,MIA,102,1998-1999
455,0029800456,0029800456,0029800102,1999-02-18T00:00:00,1610612761,Toronto,Raptors,TOR,88,1610612764,Washington,Wizards,WAS,95,1998-1999
456,0029800457,0029800457,0029800229,1999-03-06T00:00:00,1610612765,Detroit,Pistons,DET,82,1610612753,Orlando,Magic,ORL,87,1998-1999
457,0029800458,0029800458,0029800282,1999-03-12T00:00:00,1610612750,Minnesota,Timberwolves,MIN,101,1610612758,Sacramento,Kings,SAC,95,1998-1999
458,0029800459,0029800459,0029800231,1999-03-06T00:00:00,1610612759,San Antonio,Spurs,SAS,114,1610612746,Los Angeles,Clippers,LAC,85,1998-1999
459,0029800460,0029800460,0029800281,1999-03-12T00:00:00,1610612747,Los Angeles,Lakers,LAL,89,1610612744,Golden State,Warriors,GSW,78,1998-1999
460,0029800461,0029800461,0029800412,1999-03-28T00:00:00,1610612757,Portland,Trail Blazers,POR,88,1610612756,Phoenix,Suns,PHX,86,1998-1999
461,0029800462,0029800462,0029800187,1999-03-01T00:00:00,1610612738,Boston,Celtics,BOS,97,1610612751,New Jersey,Nets,NJN,99,1998-1999
462,0029800463,0029800463,0029800308,1999-03-16T00:00:00,1610612764,Washington,Wizards,WAS,85,1610612748,Miami,Heat,MIA,94,1998-1999
463,0029800464,0029800464,0029800053,1999-02-11T00:00:00,1610612737,Atlanta,Hawks,ATL,100,1610612766,Charlotte,Hornets,CHH,88,1998-1999
464,0029800465,0029800465,0029701184,1998-04-19T00:00:00,1610612761,Toronto,Raptors,TOR,78,1610612755,Philadelphia,76ers,PHI,107,1998-1999
465,0029800466,0029800466,0029700893,1998-03-11T00:00:00,1610612739,Cleveland,Cavaliers,CLE,95,1610612749,Milwaukee,Bucks,MIL,83,1998-1999
466,0029800467,0029800467,0029800419,1999-03-30T00:00:00,1610612754,Indiana,Pacers,IND,93,1610612752,New York,Knicks,NYK,94,1998-1999
467,0029800468,0029800468,0029700964,1998-03-20T00:00:00,1610612741,Chicago,Bulls,CHI,98,1610612763,Vancouver,Grizzlies,VAN,92,1998-1999
468,0029800469,0029800469,0029800417,1999-03-29T00:00:00,1610612743,Denver,Nuggets,DEN,100,1610612746,Los Angeles,Clippers,LAC,88,1998-1999
469,0029800470,0029800470,0029800143,1999-02-23T00:00:00,1610612760,Seattle,SuperSonics,SEA,86,1610612745,Houston,Rockets,HOU,98,1998-1999
470,0029800471,0029800471,0029800146,1999-02-24T00:00:00,1610612753,Orlando,Magic,ORL,79,1610612738,Boston,Celtics,BOS,111,1998-1999
471,0029800472,0029800472,0029800464,1999-04-04T00:00:00,1610612766,Charlotte,Hornets,CHH,83,1610612737,Atlanta,Hawks,ATL,85,1998-1999
472,0029800473,0029800473,0029800022,1999-02-07T00:00:00,1610612765,Detroit,Pistons,DET,107,1610612754,Indiana,Pacers,IND,98,1998-1999
473,0029800474,0029800474,0029800426,1999-03-30T00:00:00,1610612750,Minnesota,Timberwolves,MIN,98,1610612742,Dallas,Mavericks,DAL,78,1998-1999
474,0029800475,0029800475,0029800325,1999-03-17T00:00:00,1610612759,San Antonio,Spurs,SAS,82,1610612744,Golden State,Warriors,GSW,78,1998-1999
475,0029800476,0029800476,0029800135,1999-02-22T00:00:00,1610612747,Los Angeles,Lakers,LAL,113,1610612743,Denver,Nuggets,DEN,117,1998-1999
476,0029800477,0029800477,0029800326,1999-03-18T00:00:00,1610612752,New York,Knicks,NYK,78,1610612753,Orlando,Magic,ORL,86,1998-1999
477,0029800478,0029800478,0029800181,1999-02-28T00:00:00,1610612755,Philadelphia,76ers,PHI,87,1610612749,Milwaukee,Bucks,MIL,76,1998-1999
478,0029800479,0029800479,0029700974,1998-03-22T00:00:00,1610612764,Washington,Wizards,WAS,102,1610612751,New Jersey,Nets,NJN,100,1998-1999
479,0029800480,0029800480,0029800267,1999-03-11T00:00:00,1610612761,Toronto,Raptors,TOR,73,1610612748,Miami,Heat,MIA,83,1998-1999
480,0029800481,0029800481,0029800301,1999-03-15T00:00:00,1610612739,Cleveland,Cavaliers,CLE,89,1610612741,Chicago,Bulls,CHI,85,1998-1999
481,0029800482,0029800482,0029800405,1999-03-27T00:00:00,1610612745,Houston,Rockets,HOU,87,1610612744,Golden State,Warriors,GSW,86,1998-1999
482,0029800483,0029800483,0029800065,1999-02-13T00:00:00,1610612746,Los Angeles,Clippers,LAC,104,1610612756,Phoenix,Suns,PHX,107,1998-1999
483,0029800484,0029800484,0029800239,1999-03-07T00:00:00,1610612747,Los Angeles,Lakers,LAL,97,1610612762,Utah,Jazz,UTA,89,1998-1999
484,0029800485,0029800485,0029800247,1999-03-08T00:00:00,1610612757,Portland,Trail Blazers,POR,92,1610612763,Vancouver,Grizzlies,VAN,73,1998-1999
485,0029800486,0029800486,0029800193,1999-03-01T00:00:00,1610612760,Seattle,SuperSonics,SEA,105,1610612758,Sacramento,Kings,SAC,102,1998-1999
486,0029800487,0029800487,0029800124,1999-02-21T00:00:00,1610612738,Boston,Celtics,BOS,75,1610612764,Washington,Wizards,WAS,86,1998-1999
487,0029800488,0029800488,0029800275,1999-03-12T00:00:00,1610612751,New Jersey,Nets,NJN,93,1610612755,Philadelphia,76ers,PHI,100,1998-1999
488,0029800489,0029800489,0029700867,1998-03-07T00:00:00,1610612748,Miami,Heat,MIA,94,1610612742,Dallas,Mavericks,DAL,88,1998-1999
489,0029800490,0029800490,0029800291,1999-03-14T00:00:00,1610612766,Charlotte,Hornets,CHH,86,1610612752,New York,Knicks,NYK,94,1998-1999
490,0029800491,0029800491,0029800422,1999-03-30T00:00:00,1610612765,Detroit,Pistons,DET,93,1610612737,Atlanta,Hawks,ATL,77,1998-1999
491,0029800492,0029800492,0029800338,1999-03-19T00:00:00,1610612741,Chicago,Bulls,CHI,87,1610612754,Indiana,Pacers,IND,96,1998-1999
492,0029800493,0029800493,0029800466,1999-04-04T00:00:00,1610612749,Milwaukee,Bucks,MIL,74,1610612739,Cleveland,Cavaliers,CLE,98,1998-1999
493,0029800494,0029800494,0029701001,1998-03-25T00:00:00,1610612756,Phoenix,Suns,PHX,97,1610612750,Minnesota,Timberwolves,MIN,99,1998-1999
494,0029800495,0029800495,0029800396,1999-03-26T00:00:00,1610612758,Sacramento,Kings,SAC,111,1610612747,Los Angeles,Lakers,LAL,109,1998-1999
495,0029800496,0029800496,0029800431,1999-03-30T00:00:00,1610612763,Vancouver,Grizzlies,VAN,101,1610612743,Denver,Nuggets,DEN,87,1998-1999
496,0029800497,0029800497,0029800236,1999-03-07T00:00:00,1610612761,Toronto,Raptors,TOR,105,1610612738,Boston,Celtics,BOS,92,1998-1999
497,0029800498,0029800498,0029800383,1999-03-25T00:00:00,1610612739,Cleveland,Cavaliers,CLE,86,1610612753,Orlando,Magic,ORL,96,1998-1999
498,0029800499,0029800499,0029800202,1999-03-02T00:00:00,1610612745,Houston,Rockets,HOU,82,1610612759,San Antonio,Spurs,SAS,99,1998-1999
499,0029800500,0029800500,0029800453,1999-04-02T00:00:00,1610612762,Utah,Jazz,UTA,92,1610612744,Golden State,Warriors,GSW,85,1998-1999
500,0029800501,0029800501,0029800355,1999-03-21T00:00:00,1610612746,Los Angeles,Clippers,LAC,100,1610612750,Minnesota,Timberwolves,MIN,85,1998-1999
501,0029800502,0029800502,0029800454,1999-04-02T00:00:00,1610612760,Seattle,SuperSonics,SEA,95,1610612757,Portland,Trail Blazers,POR,107,1998-1999
502,0029800503,0029800503,0029800388,1999-03-26T00:00:00,1610612738,Boston,Celtics,BOS,90,1610612755,Philadelphia,76ers,PHI,84,1998-1999
503,0029800504,0029800504,0029800359,1999-03-22T00:00:00,1610612751,New Jersey,Nets,NJN,106,1610612761,Toronto,Raptors,TOR,87,1998-1999
504,0029800505,0029800505,0029800068,1999-02-14T00:00:00,1610612753,Orlando,Magic,ORL,85,1610612749,Milwaukee,Bucks,MIL,82,1998-1999
505,0029800506,0029800506,0029800276,1999-03-12T00:00:00,1610612766,Charlotte,Hornets,CHH,92,1610612764,Washington,Wizards,WAS,83,1998-1999
506,0029800507,0029800507,0029800358,1999-03-22T00:00:00,1610612737,Atlanta,Hawks,ATL,80,1610612752,New York,Knicks,NYK,71,1998-1999
507,0029800508,0029800508,0029800473,1999-04-05T00:00:00,1610612754,Indiana,Pacers,IND,88,1610612765,Detroit,Pistons,DET,86,1998-1999
508,0029800509,0029800509,0029800060,1999-02-11T00:00:00,1610612762,Utah,Jazz,UTA,82,1610612756,Phoenix,Suns,PHX,74,1998-1999
509,0029800510,0029800510,0029800313,1999-03-16T00:00:00,1610612747,Los Angeles,Lakers,LAL,107,1610612750,Minnesota,Timberwolves,MIN,101,1998-1999
510,0029800511,0029800511,0029800316,1999-03-16T00:00:00,1610612763,Vancouver,Grizzlies,VAN,85,1610612760,Seattle,SuperSonics,SEA,87,1998-1999
511,0029800512,0029800512,0029800005,1999-02-05T00:00:00,1610612739,Cleveland,Cavaliers,CLE,83,1610612737,Atlanta,Hawks,ATL,100,1998-1999
512,0029800513,0029800513,0029800448,1999-04-02T00:00:00,1610612754,Indiana,Pacers,IND,87,1610612766,Charlotte,Hornets,CHH,81,1998-1999
513,0029800514,0029800514,0029700884,1998-03-10T00:00:00,1610612741,Chicago,Bulls,CHI,106,1610612748,Miami,Heat,MIA,91,1998-1999
514,0029800515,0029800515,0029800113,1999-02-19T00:00:00,1610612742,Dallas,Mavericks,DAL,79,1610612744,Golden State,Warriors,GSW,84,1998-1999
515,0029800516,0029800516,0029800280,1999-03-12T00:00:00,1610612756,Phoenix,Suns,PHX,97,1610612759,San Antonio,Spurs,SAS,99,1998-1999
516,0029800517,0029800517,0029800289,1999-03-13T00:00:00,1610612746,Los Angeles,Clippers,LAC,96,1610612757,Portland,Trail Blazers,POR,106,1998-1999
517,0029800518,0029800518,0029701111,1998-04-09T00:00:00,1610612758,Sacramento,Kings,SAC,103,1610612743,Denver,Nuggets,DEN,128,1998-1999
518,0029800519,0029800519,0029800349,1999-03-21T00:00:00,1610612738,Boston,Celtics,BOS,92,1610612741,Chicago,Bulls,CHI,95,1998-1999
519,0029800520,0029800520,0029800234,1999-03-07T00:00:00,1610612751,New Jersey,Nets,NJN,86,1610612752,New York,Knicks,NYK,97,1998-1999
520,0029800521,0029800521,0029800235,1999-03-07T00:00:00,1610612764,Washington,Wizards,WAS,103,1610612755,Philadelphia,76ers,PHI,95,1998-1999
521,0029800522,0029800522,0029800376,1999-03-24T00:00:00,1610612748,Miami,Heat,MIA,84,1610612749,Milwaukee,Bucks,MIL,76,1998-1999
522,0029800523,0029800523,0029700827,1998-03-01T00:00:00,1610612750,Minnesota,Timberwolves,MIN,115,1610612765,Detroit,Pistons,DET,113,1998-1999
523,0029800524,0029800524,0029800445,1999-04-01T00:00:00,1610612762,Utah,Jazz,UTA,88,1610612745,Houston,Rockets,HOU,87,1998-1999
524,0029800525,0029800525,0029800227,1999-03-05T00:00:00,1610612747,Los Angeles,Lakers,LAL,103,1610612760,Seattle,SuperSonics,SEA,100,1998-1999
525,0029800526,0029800526,0029800517,1999-04-10T00:00:00,1610612757,Portland,Trail Blazers,POR,97,1610612746,Los Angeles,Clippers,LAC,70,1998-1999
526,0029800527,0029800527,0029800204,1999-03-02T00:00:00,1610612763,Vancouver,Grizzlies,VAN,101,1610612758,Sacramento,Kings,SAC,111,1998-1999
527,0029800528,0029800528,0029800367,1999-03-23T00:00:00,1610612738,Boston,Celtics,BOS,86,1610612739,Cleveland,Cavaliers,CLE,113,1998-1999
528,0029800529,0029800529,0029800440,1999-04-01T00:00:00,1610612761,Toronto,Raptors,TOR,88,1610612754,Indiana,Pacers,IND,87,1998-1999
529,0029800530,0029800530,0029701132,1998-04-12T00:00:00,1610612765,Detroit,Pistons,DET,86,1610612766,Charlotte,Hornets,CHH,88,1998-1999
530,0029800531,0029800531,0029800094,1999-02-17T00:00:00,1610612750,Minnesota,Timberwolves,MIN,116,1610612745,Houston,Rockets,HOU,102,1998-1999
531,0029800532,0029800532,0029800516,1999-04-10T00:00:00,1610612759,San Antonio,Spurs,SAS,84,1610612756,Phoenix,Suns,PHX,110,1998-1999
532,0029800533,0029800533,0029701017,1998-03-27T00:00:00,1610612743,Denver,Nuggets,DEN,97,1610612744,Golden State,Warriors,GSW,89,1998-1999
533,0029800534,0029800534,0029800399,1999-03-26T00:00:00,1610612762,Utah,Jazz,UTA,85,1610612763,Vancouver,Grizzlies,VAN,80,1998-1999
534,0029800535,0029800535,0029800106,1999-02-19T00:00:00,1610612752,New York,Knicks,NYK,78,1610612755,Philadelphia,76ers,PHI,67,1998-1999
535,0029800536,0029800536,0029800514,1999-04-10T00:00:00,1610612748,Miami,Heat,MIA,82,1610612741,Chicago,Bulls,CHI,49,1998-1999
536,0029800537,0029800537,0029800343,1999-03-20T00:00:00,1610612739,Cleveland,Cavaliers,CLE,83,1610612764,Washington,Wizards,WAS,113,1998-1999
537,0029800538,0029800538,0029800345,1999-03-20T00:00:00,1610612749,Milwaukee,Bucks,MIL,83,1610612737,Atlanta,Hawks,ATL,77,1998-1999
538,0029800539,0029800539,0029800402,1999-03-27T00:00:00,1610612742,Dallas,Mavericks,DAL,77,1610612759,San Antonio,Spurs,SAS,99,1998-1999
539,0029800540,0029800540,0029700524,1998-01-15T00:00:00,1610612746,Los Angeles,Clippers,LAC,119,1610612751,New Jersey,Nets,NJN,116,1998-1999
540,0029800541,0029800541,0029800430,1999-03-30T00:00:00,1610612758,Sacramento,Kings,SAC,104,1610612762,Utah,Jazz,UTA,101,1998-1999
541,0029800542,0029800542,0049700029,1998-04-30T00:00:00,1610612757,Portland,Trail Blazers,POR,99,1610612747,Los Angeles,Lakers,LAL,110,1998-1999
542,0029800543,0029800543,0029800268,1999-03-11T00:00:00,1610612738,Boston,Celtics,BOS,85,1610612737,Atlanta,Hawks,ATL,99,1998-1999
543,0029800544,0029800544,0029800465,1999-04-04T00:00:00,1610612755,Philadelphia,76ers,PHI,82,1610612761,Toronto,Raptors,TOR,97,1998-1999
544,0029800545,0029800545,0029800266,1999-03-11T00:00:00,1610612764,Washington,Wizards,WAS,86,1610612752,New York,Knicks,NYK,98,1998-1999
545,0029800546,0029800546,0029800530,1999-04-12T00:00:00,1610612766,Charlotte,Hornets,CHH,92,1610612765,Detroit,Pistons,DET,86,1998-1999
546,0029800547,0029800547,0029800163,1999-02-26T00:00:00,1610612754,Indiana,Pacers,IND,100,1610612753,Orlando,Magic,ORL,103,1998-1999
547,0029800548,0029800548,0029800481,1999-04-06T00:00:00,1610612741,Chicago,Bulls,CHI,89,1610612739,Cleveland,Cavaliers,CLE,96,1998-1999
548,0029800549,0029800549,0029800522,1999-04-11T00:00:00,1610612749,Milwaukee,Bucks,MIL,92,1610612748,Miami,Heat,MIA,95,1998-1999
549,0029800550,0029800550,0029800271,1999-03-11T00:00:00,1610612745,Houston,Rockets,HOU,102,1610612763,Vancouver,Grizzlies,VAN,91,1998-1999
550,0029800551,0029800551,0029800134,1999-02-22T00:00:00,1610612759,San Antonio,Spurs,SAS,89,1610612750,Minnesota,Timberwolves,MIN,95,1998-1999
551,0029800552,0029800552,0029700611,1998-01-27T00:00:00,1610612743,Denver,Nuggets,DEN,87,1610612751,New Jersey,Nets,NJN,120,1998-1999
552,0029800553,0029800553,0029800218,1999-03-04T00:00:00,1610612760,Seattle,SuperSonics,SEA,93,1610612756,Phoenix,Suns,PHX,101,1998-1999
553,0029800554,0029800554,0029800474,1999-04-05T00:00:00,1610612742,Dallas,Mavericks,DAL,93,1610612750,Minnesota,Timberwolves,MIN,100,1998-1999
554,0029800555,0029800555,0029800314,1999-03-16T00:00:00,1610612745,Houston,Rockets,HOU,101,1610612757,Portland,Trail Blazers,POR,93,1998-1999
555,0029800556,0029800556,0029800404,1999-03-27T00:00:00,1610612746,Los Angeles,Clippers,LAC,103,1610612762,Utah,Jazz,UTA,77,1998-1999
556,0029800557,0029800557,0029800533,1999-04-12T00:00:00,1610612744,Golden State,Warriors,GSW,104,1610612743,Denver,Nuggets,DEN,96,1998-1999
557,0029800558,0029800558,0029800486,1999-04-06T00:00:00,1610612758,Sacramento,Kings,SAC,112,1610612760,Seattle,SuperSonics,SEA,106,1998-1999
558,0029800559,0029800559,0029800037,1999-02-09T00:00:00,1610612738,Boston,Celtics,BOS,108,1610612748,Miami,Heat,MIA,101,1998-1999
559,0029800560,0029800560,0029800319,1999-03-17T00:00:00,1610612755,Philadelphia,76ers,PHI,114,1610612754,Indiana,Pacers,IND,110,1998-1999
560,0029800561,0029800561,0029800107,1999-02-19T00:00:00,1610612764,Washington,Wizards,WAS,93,1610612741,Chicago,Bulls,CHI,91,1998-1999
561,0029800562,0029800562,0029800243,1999-03-08T00:00:00,1610612737,Atlanta,Hawks,ATL,114,1610612753,Orlando,Magic,ORL,110,1998-1999
562,0029800563,0029800563,0029800423,1999-03-30T00:00:00,1610612761,Toronto,Raptors,TOR,101,1610612739,Cleveland,Cavaliers,CLE,91,1998-1999
563,0029800564,0029800564,0029800180,1999-02-28T00:00:00,1610612765,Detroit,Pistons,DET,89,1610612752,New York,Knicks,NYK,68,1998-1999
564,0029800565,0029800565,0029800434,1999-03-31T00:00:00,1610612749,Milwaukee,Bucks,MIL,102,1610612766,Charlotte,Hornets,CHH,94,1998-1999
565,0029800566,0029800566,0029800332,1999-03-18T00:00:00,1610612750,Minnesota,Timberwolves,MIN,81,1610612763,Vancouver,Grizzlies,VAN,86,1998-1999
566,0029800567,0029800567,0029800341,1999-03-19T00:00:00,1610612759,San Antonio,Spurs,SAS,85,1610612757,Portland,Trail Blazers,POR,90,1998-1999
567,0029800568,0029800568,0029800252,1999-03-09T00:00:00,1610612756,Phoenix,Suns,PHX,103,1610612742,Dallas,Mavericks,DAL,91,1998-1999
568,0029800569,0029800569,0029800378,1999-03-24T00:00:00,1610612744,Golden State,Warriors,GSW,92,1610612746,Los Angeles,Clippers,LAC,80,1998-1999
569,0029800570,0029800570,0029700651,1998-02-01T00:00:00,1610612760,Seattle,SuperSonics,SEA,97,1610612751,New Jersey,Nets,NJN,87,1998-1999
570,0029800571,0029800571,0029800351,1999-03-21T00:00:00,1610612752,New York,Knicks,NYK,81,1610612761,Toronto,Raptors,TOR,85,1998-1999
571,0029800572,0029800572,0029800408,1999-03-28T00:00:00,1610612739,Cleveland,Cavaliers,CLE,84,1610612766,Charlotte,Hornets,CHH,105,1998-1999
572,0029800573,0029800573,0029800304,1999-03-15T00:00:00,1610612742,Dallas,Mavericks,DAL,91,1610612757,Portland,Trail Blazers,POR,106,1998-1999
573,0029800574,0029800574,0029800484,1999-04-06T00:00:00,1610612762,Utah,Jazz,UTA,106,1610612747,Los Angeles,Lakers,LAL,93,1998-1999
574,0029800575,0029800575,0029800518,1999-04-10T00:00:00,1610612758,Sacramento,Kings,SAC,110,1610612743,Denver,Nuggets,DEN,104,1998-1999
575,0029800576,0029800576,0029800488,1999-04-07T00:00:00,1610612751,New Jersey,Nets,NJN,92,1610612755,Philadelphia,76ers,PHI,96,1998-1999
576,0029800577,0029800577,0029800487,1999-04-07T00:00:00,1610612764,Washington,Wizards,WAS,87,1610612738,Boston,Celtics,BOS,108,1998-1999
577,0029800578,0029800578,0029800457,1999-04-03T00:00:00,1610612753,Orlando,Magic,ORL,92,1610612765,Detroit,Pistons,DET,77,1998-1999
578,0029800579,0029800579,0029800344,1999-03-20T00:00:00,1610612748,Miami,Heat,MIA,89,1610612754,Indiana,Pacers,IND,94,1998-1999
579,0029800580,0029800580,0029800246,1999-03-08T00:00:00,1610612741,Chicago,Bulls,CHI,76,1610612749,Milwaukee,Bucks,MIL,81,1998-1999
580,0029800581,0029800581,0029800303,1999-03-15T00:00:00,1610612750,Minnesota,Timberwolves,MIN,83,1610612762,Utah,Jazz,UTA,90,1998-1999
581,0029800582,0029800582,0029800499,1999-04-08T00:00:00,1610612759,San Antonio,Spurs,SAS,92,1610612745,Houston,Rockets,HOU,83,1998-1999
582,0029800583,0029800583,0029800553,1999-04-14T00:00:00,1610612756,Phoenix,Suns,PHX,101,1610612760,Seattle,SuperSonics,SEA,94,1998-1999
583,0029800584,0029800584,0029800469,1999-04-04T00:00:00,1610612746,Los Angeles,Clippers,LAC,80,1610612743,Denver,Nuggets,DEN,82,1998-1999
584,0029800585,0029800585,0029800256,1999-03-09T00:00:00,1610612763,Vancouver,Grizzlies,VAN,82,1610612744,Golden State,Warriors,GSW,92,1998-1999
585,0029800586,0029800586,0029800406,1999-03-28T00:00:00,1610612738,Boston,Celtics,BOS,93,1610612754,Indiana,Pacers,IND,101,1998-1999
586,0029800587,0029800587,0029800212,1999-03-04T00:00:00,1610612751,New Jersey,Nets,NJN,82,1610612766,Charlotte,Hornets,CHH,96,1998-1999
587,0029800588,0029800588,0029800535,1999-04-13T00:00:00,1610612755,Philadelphia,76ers,PHI,72,1610612752,New York,Knicks,NYK,91,1998-1999
588,0029800589,0029800589,0029800223,1999-03-05T00:00:00,1610612761,Toronto,Raptors,TOR,84,1610612753,Orlando,Magic,ORL,89,1998-1999
589,0029800590,0029800590,0029700898,1998-03-12T00:00:00,1610612739,Cleveland,Cavaliers,CLE,74,1610612748,Miami,Heat,MIA,97,1998-1999
590,0029800591,0029800591,0029800470,1999-04-04T00:00:00,1610612745,Houston,Rockets,HOU,84,1610612760,Seattle,SuperSonics,SEA,101,1998-1999
591,0029800592,0029800592,0029800273,1999-03-11T00:00:00,1610612746,Los Angeles,Clippers,LAC,106,1610612758,Sacramento,Kings,SAC,92,1998-1999
592,0029800593,0029800593,0029800418,1999-03-29T00:00:00,1610612747,Los Angeles,Lakers,LAL,116,1610612763,Vancouver,Grizzlies,VAN,98,1998-1999
593,0029800594,0029800594,0029800284,1999-03-13T00:00:00,1610612761,Toronto,Raptors,TOR,75,1610612737,Atlanta,Hawks,ATL,86,1998-1999
594,0029800595,0029800595,0029800561,1999-04-16T00:00:00,1610612741,Chicago,Bulls,CHI,70,1610612764,Washington,Wizards,WAS,87,1998-1999
595,0029800596,0029800596,0029800505,1999-04-09T00:00:00,1610612749,Milwaukee,Bucks,MIL,83,1610612753,Orlando,Magic,ORL,95,1998-1999
596,0029800597,0029800597,0029800568,1999-04-16T00:00:00,1610612742,Dallas,Mavericks,DAL,85,1610612756,Phoenix,Suns,PHX,92,1998-1999
597,0029800598,0029800598,0029800650,1999-04-26T00:00:00,1610612743,Denver,Nuggets,DEN,77,1610612757,Portland,Trail Blazers,POR,93,1998-1999
598,0029800599,0029800599,0029800183,1999-02-28T00:00:00,1610612762,Utah,Jazz,UTA,101,1610612759,San Antonio,Spurs,SAS,87,1998-1999
599,0029800600,0029800600,0029800460,1999-04-03T00:00:00,1610612744,Golden State,Warriors,GSW,81,1610612747,Los Angeles,Lakers,LAL,76,1998-1999
600,0029800601,0029800601,0029800503,1999-04-09T00:00:00,1610612738,Boston,Celtics,BOS,67,1610612755,Philadelphia,76ers,PHI,83,1998-1999
601,0029800602,0029800602,0029800329,1999-03-18T00:00:00,1610612751,New Jersey,Nets,NJN,95,1610612741,Chicago,Bulls,CHI,104,1998-1999
602,0029800603,0029800603,0029800456,1999-04-03T00:00:00,1610612764,Washington,Wizards,WAS,85,1610612761,Toronto,Raptors,TOR,87,1998-1999
603,0029800604,0029800604,0029800590,1999-04-19T00:00:00,1610612748,Miami,Heat,MIA,94,1610612739,Cleveland,Cavaliers,CLE,87,1998-1999
604,0029800605,0029800605,0029800546,1999-04-14T00:00:00,1610612766,Charlotte,Hornets,CHH,83,1610612765,Detroit,Pistons,DET,79,1998-1999
605,0029800606,0029800606,0029800278,1999-03-12T00:00:00,1610612754,Indiana,Pacers,IND,109,1610612749,Milwaukee,Bucks,MIL,104,1998-1999
606,0029800607,0029800607,0029800377,1999-03-24T00:00:00,1610612745,Houston,Rockets,HOU,88,1610612742,Dallas,Mavericks,DAL,78,1998-1999
607,0029800608,0029800608,0029800509,1999-04-09T00:00:00,1610612756,Phoenix,Suns,PHX,92,1610612762,Utah,Jazz,UTA,93,1998-1999
608,0029800609,0029800609,0029800306,1999-03-15T00:00:00,1610612758,Sacramento,Kings,SAC,111,1610612744,Golden State,Warriors,GSW,105,1998-1999
609,0029800610,0029800610,0029800542,1999-04-13T00:00:00,1610612757,Portland,Trail Blazers,POR,113,1610612747,Los Angeles,Lakers,LAL,86,1998-1999
610,0029800611,0029800611,0029800251,1999-03-09T00:00:00,1610612760,Seattle,SuperSonics,SEA,84,1610612750,Minnesota,Timberwolves,MIN,85,1998-1999
611,0029800612,0029800612,0029800087,1999-02-16T00:00:00,1610612763,Vancouver,Grizzlies,VAN,93,1610612746,Los Angeles,Clippers,LAC,89,1998-1999
612,0029800613,0029800613,0029800407,1999-03-28T00:00:00,1610612753,Orlando,Magic,ORL,94,1610612748,Miami,Heat,MIA,87,1998-1999
613,0029800614,0029800614,0029800543,1999-04-14T00:00:00,1610612737,Atlanta,Hawks,ATL,77,1610612738,Boston,Celtics,BOS,70,1998-1999
614,0029800615,0029800615,0029800036,1999-02-09T00:00:00,1610612765,Detroit,Pistons,DET,86,1610612755,Philadelphia,76ers,PHI,90,1998-1999
615,0029800616,0029800616,0029800539,1999-04-13T00:00:00,1610612759,San Antonio,Spurs,SAS,86,1610612742,Dallas,Mavericks,DAL,92,1998-1999
616,0029800617,0029800617,0029800490,1999-04-07T00:00:00,1610612752,New York,Knicks,NYK,82,1610612766,Charlotte,Hornets,CHH,106,1998-1999
617,0029800618,0029800618,0029800196,1999-03-02T00:00:00,1610612764,Washington,Wizards,WAS,97,1610612737,Atlanta,Hawks,ATL,77,1998-1999
618,0029800619,0029800619,0029800589,1999-04-19T00:00:00,1610612753,Orlando,Magic,ORL,72,1610612761,Toronto,Raptors,TOR,90,1998-1999
619,0029800620,0029800620,0029800519,1999-04-11T00:00:00,1610612741,Chicago,Bulls,CHI,81,1610612738,Boston,Celtics,BOS,87,1998-1999
620,0029800621,0029800621,0029800493,1999-04-07T00:00:00,1610612749,Milwaukee,Bucks,MIL,99,1610612739,Cleveland,Cavaliers,CLE,91,1998-1999
621,0029800622,0029800622,0029800557,1999-04-15T00:00:00,1610612743,Denver,Nuggets,DEN,79,1610612744,Golden State,Warriors,GSW,85,1998-1999
622,0029800623,0029800623,0029800283,1999-03-12T00:00:00,1610612762,Utah,Jazz,UTA,91,1610612757,Portland,Trail Blazers,POR,77,1998-1999
623,0029800624,0029800624,0029800428,1999-03-30T00:00:00,1610612746,Los Angeles,Clippers,LAC,95,1610612745,Houston,Rockets,HOU,104,1998-1999
624,0029800625,0029800625,0029800458,1999-04-03T00:00:00,1610612758,Sacramento,Kings,SAC,96,1610612750,Minnesota,Timberwolves,MIN,105,1998-1999
625,0029800626,0029800626,0029800511,1999-04-09T00:00:00,1610612763,Vancouver,Grizzlies,VAN,98,1610612760,Seattle,SuperSonics,SEA,93,1998-1999
626,0029800627,0029800627,0029800587,1999-04-19T00:00:00,1610612766,Charlotte,Hornets,CHH,120,1610612751,New Jersey,Nets,NJN,113,1998-1999
627,0029800628,0029800628,0029800492,1999-04-07T00:00:00,1610612754,Indiana,Pacers,IND,91,1610612741,Chicago,Bulls,CHI,74,1998-1999
628,0029800629,0029800629,0029800112,1999-02-19T00:00:00,1610612759,San Antonio,Spurs,SAS,94,1610612747,Los Angeles,Lakers,LAL,106,1998-1999
629,0029800630,0029800630,0029800612,1999-04-21T00:00:00,1610612746,Los Angeles,Clippers,LAC,94,1610612763,Vancouver,Grizzlies,VAN,97,1998-1999
630,0029800631,0029800631,0029800622,1999-04-23T00:00:00,1610612744,Golden State,Warriors,GSW,84,1610612743,Denver,Nuggets,DEN,96,1998-1999
631,0029800632,0029800632,0029800346,1999-03-20T00:00:00,1610612758,Sacramento,Kings,SAC,90,1610612742,Dallas,Mavericks,DAL,104,1998-1999
632,0029800633,0029800633,0029800577,1999-04-18T00:00:00,1610612738,Boston,Celtics,BOS,101,1610612764,Washington,Wizards,WAS,98,1998-1999
633,0029800634,0029800634,0029800387,1999-03-26T00:00:00,1610612751,New Jersey,Nets,NJN,91,1610612754,Indiana,Pacers,IND,100,1998-1999
634,0029800635,0029800635,0029800299,1999-03-15T00:00:00,1610612755,Philadelphia,76ers,PHI,73,1610612753,Orlando,Magic,ORL,74,1998-1999
635,0029800636,0029800636,0029800195,1999-03-02T00:00:00,1610612748,Miami,Heat,MIA,85,1610612752,New York,Knicks,NYK,84,1998-1999
636,0029800637,0029800637,0029800538,1999-04-13T00:00:00,1610612737,Atlanta,Hawks,ATL,84,1610612749,Milwaukee,Bucks,MIL,91,1998-1999
637,0029800638,0029800638,0029800323,1999-03-17T00:00:00,1610612761,Toronto,Raptors,TOR,103,1610612765,Detroit,Pistons,DET,101,1998-1999
638,0029800639,0029800639,0029800120,1999-02-20T00:00:00,1610612762,Utah,Jazz,UTA,110,1610612760,Seattle,SuperSonics,SEA,80,1998-1999
639,0029800640,0029800640,0029800347,1999-03-20T00:00:00,1610612756,Phoenix,Suns,PHX,93,1610612745,Houston,Rockets,HOU,103,1998-1999
640,0029800641,0029800641,0029800228,1999-03-05T00:00:00,1610612757,Portland,Trail Blazers,POR,97,1610612750,Minnesota,Timberwolves,MIN,85,1998-1999
641,0029800642,0029800642,0029800617,1999-04-23T00:00:00,1610612766,Charlotte,Hornets,CHH,105,1610612752,New York,Knicks,NYK,110,1998-1999
642,0029800643,0029800643,0029800604,1999-04-21T00:00:00,1610612739,Cleveland,Cavaliers,CLE,80,1610612748,Miami,Heat,MIA,93,1998-1999
643,0029800644,0029800644,0029800425,1999-03-30T00:00:00,1610612749,Milwaukee,Bucks,MIL,107,1610612764,Washington,Wizards,WAS,105,1998-1999
644,0029800645,0029800645,0029700899,1998-03-12T00:00:00,1610612742,Dallas,Mavericks,DAL,104,1610612741,Chicago,Bulls,CHI,97,1998-1999
645,0029800646,0029800646,0029800186,1999-02-28T00:00:00,1610612745,Houston,Rockets,HOU,90,1610612747,Los Angeles,Lakers,LAL,106,1998-1999
646,0029800647,0029800647,0029800608,1999-04-21T00:00:00,1610612762,Utah,Jazz,UTA,82,1610612756,Phoenix,Suns,PHX,91,1998-1999
647,0029800648,0029800648,0029800459,1999-04-03T00:00:00,1610612746,Los Angeles,Clippers,LAC,82,1610612759,San Antonio,Spurs,SAS,103,1998-1999
648,0029800649,0029800649,0029800609,1999-04-21T00:00:00,1610612744,Golden State,Warriors,GSW,94,1610612758,Sacramento,Kings,SAC,103,1998-1999
649,0029800650,0029800650,0029800098,1999-02-17T00:00:00,1610612757,Portland,Trail Blazers,POR,100,1610612743,Denver,Nuggets,DEN,85,1998-1999
650,0029800651,0029800651,0029800432,1999-03-31T00:00:00,1610612738,Boston,Celtics,BOS,72,1610612765,Detroit,Pistons,DET,87,1998-1999
651,0029800652,0029800652,0029800455,1999-04-03T00:00:00,1610612751,New Jersey,Nets,NJN,88,1610612748,Miami,Heat,MIA,77,1998-1999
652,0029800653,0029800653,0029800447,1999-04-02T00:00:00,1610612755,Philadelphia,76ers,PHI,80,1610612739,Cleveland,Cavaliers,CLE,85,1998-1999
653,0029800654,0029800654,0029800300,1999-03-15T00:00:00,1610612761,Toronto,Raptors,TOR,89,1610612766,Charlotte,Hornets,CHH,82,1998-1999
654,0029800655,0029800655,0029800547,1999-04-14T00:00:00,1610612754,Indiana,Pacers,IND,83,1610612753,Orlando,Magic,ORL,80,1998-1999
655,0029800656,0029800656,0029800285,1999-03-13T00:00:00,1610612742,Dallas,Mavericks,DAL,91,1610612763,Vancouver,Grizzlies,VAN,74,1998-1999
656,0029800657,0029800657,0029800315,1999-03-16T00:00:00,1610612758,Sacramento,Kings,SAC,109,1610612759,San Antonio,Spurs,SAS,121,1998-1999
657,0029800658,0029800658,0029800639,1999-04-25T00:00:00,1610612760,Seattle,SuperSonics,SEA,81,1610612762,Utah,Jazz,UTA,98,1998-1999
658,0029800659,0029800659,0029800433,1999-03-31T00:00:00,1610612753,Orlando,Magic,ORL,73,1610612764,Washington,Wizards,WAS,84,1998-1999
659,0029800660,0029800660,0029800507,1999-04-09T00:00:00,1610612737,Atlanta,Hawks,ATL,78,1610612752,New York,Knicks,NYK,86,1998-1999
660,0029800661,0029800661,0029800373,1999-03-24T00:00:00,1610612765,Detroit,Pistons,DET,84,1610612751,New Jersey,Nets,NJN,71,1998-1999
661,0029800662,0029800662,0029800109,1999-02-19T00:00:00,1610612749,Milwaukee,Bucks,MIL,82,1610612761,Toronto,Raptors,TOR,90,1998-1999
662,0029800663,0029800663,0029800494,1999-04-07T00:00:00,1610612750,Minnesota,Timberwolves,MIN,82,1610612756,Phoenix,Suns,PHX,90,1998-1999
663,0029800664,0029800664,0029800502,1999-04-08T00:00:00,1610612757,Portland,Trail Blazers,POR,86,1610612760,Seattle,SuperSonics,SEA,87,1998-1999
664,0029800665,0029800665,0029800588,1999-04-19T00:00:00,1610612752,New York,Knicks,NYK,67,1610612755,Philadelphia,76ers,PHI,72,1998-1999
665,0029800666,0029800666,0029800537,1999-04-13T00:00:00,1610612764,Washington,Wizards,WAS,77,1610612739,Cleveland,Cavaliers,CLE,86,1998-1999
666,0029800667,0029800667,0029800559,1999-04-16T00:00:00,1610612748,Miami,Heat,MIA,81,1610612738,Boston,Celtics,BOS,82,1998-1999
667,0029800668,0029800668,0029800513,1999-04-10T00:00:00,1610612754,Indiana,Pacers,IND,90,1610612766,Charlotte,Hornets,CHH,92,1998-1999
668,0029800669,0029800669,0029800607,1999-04-21T00:00:00,1610612745,Houston,Rockets,HOU,95,1610612742,Dallas,Mavericks,DAL,109,1998-1999
669,0029800670,0029800670,0029800076,1999-02-15T00:00:00,1610612743,Denver,Nuggets,DEN,106,1610612756,Phoenix,Suns,PHX,115,1998-1999
670,0029800671,0029800671,0029800500,1999-04-08T00:00:00,1610612762,Utah,Jazz,UTA,92,1610612744,Golden State,Warriors,GSW,85,1998-1999
671,0029800672,0029800672,0029800610,1999-04-21T00:00:00,1610612747,Los Angeles,Lakers,LAL,82,1610612757,Portland,Trail Blazers,POR,88,1998-1999
672,0029800673,0029800673,0029800592,1999-04-19T00:00:00,1610612758,Sacramento,Kings,SAC,102,1610612746,Los Angeles,Clippers,LAC,98,1998-1999
673,0029800674,0029800674,0029800443,1999-04-01T00:00:00,1610612763,Vancouver,Grizzlies,VAN,91,1610612759,San Antonio,Spurs,SAS,103,1998-1999
674,0029800675,0029800675,0029800420,1999-03-30T00:00:00,1610612753,Orlando,Magic,ORL,100,1610612751,New Jersey,Nets,NJN,98,1998-1999
675,0029800676,0029800676,0029800374,1999-03-24T00:00:00,1610612766,Charlotte,Hornets,CHH,110,1610612741,Chicago,Bulls,CHI,81,1998-1999
676,0029800677,0029800677,0029800415,1999-03-29T00:00:00,1610612737,Atlanta,Hawks,ATL,83,1610612754,Indiana,Pacers,IND,82,1998-1999
677,0029800678,0029800678,0029800563,1999-04-16T00:00:00,1610612739,Cleveland,Cavaliers,CLE,91,1610612761,Toronto,Raptors,TOR,90,1998-1999
678,0029800679,0029800679,0029800391,1999-03-26T00:00:00,1610612749,Milwaukee,Bucks,MIL,85,1610612765,Detroit,Pistons,DET,90,1998-1999
679,0029800680,0029800680,0029800274,1999-03-11T00:00:00,1610612750,Minnesota,Timberwolves,MIN,82,1610612744,Golden State,Warriors,GSW,89,1998-1999
680,0029800681,0029800681,0029800524,1999-04-11T00:00:00,1610612745,Houston,Rockets,HOU,76,1610612762,Utah,Jazz,UTA,85,1998-1999
681,0029800682,0029800682,0029800444,1999-04-01T00:00:00,1610612760,Seattle,SuperSonics,SEA,110,1610612743,Denver,Nuggets,DEN,113,1998-1999
682,0029800683,0029800683,0029800446,1999-04-02T00:00:00,1610612738,Boston,Celtics,BOS,83,1610612749,Milwaukee,Bucks,MIL,84,1998-1999
683,0029800684,0029800684,0029800479,1999-04-06T00:00:00,1610612751,New Jersey,Nets,NJN,97,1610612764,Washington,Wizards,WAS,93,1998-1999
684,0029800685,0029800685,0029800544,1999-04-14T00:00:00,1610612755,Philadelphia,76ers,PHI,96,1610612761,Toronto,Raptors,TOR,78,1998-1999
685,0029800686,0029800686,0029800536,1999-04-13T00:00:00,1610612748,Miami,Heat,MIA,90,1610612741,Chicago,Bulls,CHI,74,1998-1999
686,0029800687,0029800687,0029800501,1999-04-08T00:00:00,1610612750,Minnesota,Timberwolves,MIN,91,1610612746,Los Angeles,Clippers,LAC,99,1998-1999
687,0029800688,0029800688,0029800515,1999-04-10T00:00:00,1610612742,Dallas,Mavericks,DAL,90,1610612744,Golden State,Warriors,GSW,91,1998-1999
688,0029800689,0029800689,0029800567,1999-04-16T00:00:00,1610612759,San Antonio,Spurs,SAS,81,1610612757,Portland,Trail Blazers,POR,80,1998-1999
689,0029800690,0029800690,0029800364,1999-03-22T00:00:00,1610612756,Phoenix,Suns,PHX,89,1610612763,Vancouver,Grizzlies,VAN,84,1998-1999
690,0029800691,0029800691,0029800149,1999-02-24T00:00:00,1610612748,Miami,Heat,MIA,91,1610612766,Charlotte,Hornets,CHH,83,1998-1999
691,0029800692,0029800692,0029800512,1999-04-10T00:00:00,1610612739,Cleveland,Cavaliers,CLE,81,1610612737,Atlanta,Hawks,ATL,67,1998-1999
692,0029800693,0029800693,0029800615,1999-04-22T00:00:00,1610612765,Detroit,Pistons,DET,96,1610612755,Philadelphia,76ers,PHI,104,1998-1999
693,0029800694,0029800694,0029800467,1999-04-04T00:00:00,1610612754,Indiana,Pacers,IND,108,1610612752,New York,Knicks,NYK,95,1998-1999
694,0029800695,0029800695,0029800624,1999-04-23T00:00:00,1610612745,Houston,Rockets,HOU,101,1610612746,Los Angeles,Clippers,LAC,106,1998-1999
695,0029800696,0029800696,0029800599,1999-04-20T00:00:00,1610612759,San Antonio,Spurs,SAS,83,1610612762,Utah,Jazz,UTA,69,1998-1999
696,0029800697,0029800697,0029800232,1999-03-06T00:00:00,1610612758,Sacramento,Kings,SAC,111,1610612756,Phoenix,Suns,PHX,99,1998-1999
697,0029800698,0029800698,0029800525,1999-04-11T00:00:00,1610612760,Seattle,SuperSonics,SEA,113,1610612747,Los Angeles,Lakers,LAL,109,1998-1999
698,0029800699,0029800699,0029800342,1999-03-20T00:00:00,1610612752,New York,Knicks,NYK,96,1610612738,Boston,Celtics,BOS,78,1998-1999
699,0029800700,0029800700,0029800684,1999-05-01T00:00:00,1610612764,Washington,Wizards,WAS,91,1610612751,New Jersey,Nets,NJN,102,1998-1999
700,0029800701,0029800701,0029800441,1999-04-01T00:00:00,1610612741,Chicago,Bulls,CHI,75,1610612765,Detroit,Pistons,DET,107,1998-1999
701,0029800702,0029800702,0029800575,1999-04-17T00:00:00,1610612743,Denver,Nuggets,DEN,97,1610612758,Sacramento,Kings,SAC,119,1998-1999
702,0029800703,0029800703,0029800362,1999-03-22T00:00:00,1610612747,Los Angeles,Lakers,LAL,96,1610612742,Dallas,Mavericks,DAL,93,1998-1999
703,0029800704,0029800704,0029800585,1999-04-18T00:00:00,1610612763,Vancouver,Grizzlies,VAN,85,1610612744,Golden State,Warriors,GSW,90,1998-1999
704,0029800705,0029800705,0029800322,1999-03-17T00:00:00,1610612748,Miami,Heat,MIA,86,1610612737,Atlanta,Hawks,ATL,85,1998-1999
705,0029800706,0029800706,0029800258,1999-03-10T00:00:00,1610612766,Charlotte,Hornets,CHH,70,1610612755,Philadelphia,76ers,PHI,85,1998-1999
706,0029800707,0029800707,0029800156,1999-02-25T00:00:00,1610612754,Indiana,Pacers,IND,81,1610612739,Cleveland,Cavaliers,CLE,74,1998-1999
707,0029800708,0029800708,0029800662,1999-04-28T00:00:00,1610612749,Milwaukee,Bucks,MIL,115,1610612761,Toronto,Raptors,TOR,102,1998-1999
708,0029800709,0029800709,0029800531,1999-04-12T00:00:00,1610612745,Houston,Rockets,HOU,95,1610612750,Minnesota,Timberwolves,MIN,90,1998-1999
709,0029800710,0029800710,0029800556,1999-04-15T00:00:00,1610612762,Utah,Jazz,UTA,103,1610612746,Los Angeles,Clippers,LAC,89,1998-1999
710,0029800711,0029800711,0029800689,1999-05-01T00:00:00,1610612757,Portland,Trail Blazers,POR,90,1610612759,San Antonio,Spurs,SAS,98,1998-1999
711,0029800712,0029800712,0029800416,1999-03-29T00:00:00,1610612760,Seattle,SuperSonics,SEA,109,1610612742,Dallas,Mavericks,DAL,101,1998-1999
712,0029800713,0029800713,0029800421,1999-03-30T00:00:00,1610612738,Boston,Celtics,BOS,109,1610612766,Charlotte,Hornets,CHH,99,1998-1999
713,0029800714,0029800714,0029800636,1999-04-25T00:00:00,1610612752,New York,Knicks,NYK,82,1610612748,Miami,Heat,MIA,80,1998-1999
714,0029800715,0029800715,0029800194,1999-03-02T00:00:00,1610612751,New Jersey,Nets,NJN,86,1610612749,Milwaukee,Bucks,MIL,94,1998-1999
715,0029800716,0029800716,0029800693,1999-05-02T00:00:00,1610612755,Philadelphia,76ers,PHI,96,1610612765,Detroit,Pistons,DET,100,1998-1999
716,0029800717,0029800717,0029800618,1999-04-23T00:00:00,1610612737,Atlanta,Hawks,ATL,89,1610612764,Washington,Wizards,WAS,78,1998-1999
717,0029800718,0029800718,0029800678,1999-04-30T00:00:00,1610612761,Toronto,Raptors,TOR,83,1610612739,Cleveland,Cavaliers,CLE,91,1998-1999
718,0029800719,0029800719,0029800450,1999-04-02T00:00:00,1610612741,Chicago,Bulls,CHI,68,1610612753,Orlando,Magic,ORL,115,1998-1999
719,0029800720,0029800720,0029800324,1999-03-17T00:00:00,1610612743,Denver,Nuggets,DEN,109,1610612745,Houston,Rockets,HOU,114,1998-1999
720,0029800721,0029800721,0029800663,1999-04-28T00:00:00,1610612756,Phoenix,Suns,PHX,92,1610612750,Minnesota,Timberwolves,MIN,97,1998-1999
721,0029800722,0029800722,0029800398,1999-03-26T00:00:00,1610612746,Los Angeles,Clippers,LAC,98,1610612760,Seattle,SuperSonics,SEA,104,1998-1999
722,0029800723,0029800723,0029800672,1999-04-29T00:00:00,1610612747,Los Angeles,Lakers,LAL,108,1610612757,Portland,Trail Blazers,POR,89,1998-1999
723,0029800724,0029800724,0029800475,1999-04-05T00:00:00,1610612744,Golden State,Warriors,GSW,86,1610612759,San Antonio,Spurs,SAS,93,1998-1999
724,0029800725,0029800725,0029800527,1999-04-11T00:00:00,1610612758,Sacramento,Kings,SAC,91,1610612763,Vancouver,Grizzlies,VAN,88,1998-1999
