,GID,LEAGUE_ID,TEAM_ID,TEAM_ABBREVIATION,TEAM_CITY,PTS_PAINT,PTS_2ND_CHANCE,PTS_FB,LARGEST_LEAD,LEAD_CHANGES,TIMES_TIED,TEAM_TURNOVERS,TOTAL_TURNOVERS,TEAM_REBOUNDS,PTS_OFF_TO,SEASON
0,0021900001,00,1610612740,NOP,New Orleans,38,9,13,11,15,14,0,19,4,22,2019-2020
1,0021900001,00,1610612761,TOR,Toronto,56,19,20,8,15,14,1,17,15,20,2019-2020
2,0021900002,00,1610612747,LAL,Los Angeles,40,6,5,11,5,5,1,15,9,25,2019-2020
3,0021900002,00,1610612746,LAC,LA,42,12,22,14,5,5,0,14,5,17,2019-2020
4,0021900003,00,1610612741,CHI,Chicago,78,17,21,10,11,9,2,12,9,13,2019-2020
5,0021900003,00,1610612766,CHA,Charlotte,42,10,25,16,11,9,0,19,7,29,2019-2020
6,0021900004,00,1610612765,DET,Detroit,46,17,12,10,8,6,0,18,7,17,2019-2020
7,0021900004,00,1610612754,IND,Indiana,50,17,8,9,8,6,0,15,8,14,2019-2020
8,0021900005,00,1610612753,ORL,Orlando,50,8,14,20,11,0,0,13,11,11,2019-2020
9,0021900005,00,1610612739,CLE,Cleveland,42,7,10,2,11,0,0,16,6,11,2019-2020
10,0021900006,00,1610612750,MIN,Minnesota,60,14,8,18,22,7,0,13,17,14,2019-2020
11,0021900006,00,1610612751,BKN,Brooklyn,60,8,20,8,22,7,0,16,15,15,2019-2020
12,0021900007,00,1610612763,MEM,Memphis,56,15,20,8,10,15,0,24,14,24,2019-2020
13,0021900007,00,1610612748,MIA,Miami,60,16,12,23,10,15,0,21,7,24,2019-2020
14,0021900008,00,1610612738,BOS,Boston,44,14,8,8,6,8,1,11,13,11,2019-2020
15,0021900008,00,1610612755,PHI,Philadelphia,58,17,14,17,6,8,2,17,13,20,2019-2020
16,0021900009,00,1610612742,DAL,Dallas,36,10,14,23,2,1,1,20,8,17,2019-2020
17,0021900009,00,1610612764,WAS,Washington,44,19,20,7,2,1,0,17,5,18,2019-2020
18,0021900010,00,1610612752,NYK,New York,58,4,29,7,9,4,0,14,7,16,2019-2020
19,0021900010,00,1610612759,SAS,San Antonio,54,13,30,16,9,4,0,21,6,32,2019-2020
20,0021900011,00,1610612760,OKC,Oklahoma City,34,11,7,8,8,5,3,16,13,10,2019-2020
21,0021900011,00,1610612762,UTA,Utah,58,8,18,13,8,5,0,11,7,8,2019-2020
22,0021900012,00,1610612756,PHX,Phoenix,68,18,27,32,7,9,0,14,13,6,2019-2020
23,0021900012,00,1610612758,SAC,Sacramento,34,15,11,11,7,9,1,27,10,35,2019-2020
24,0021900013,00,1610612757,POR,Portland,54,19,12,12,15,6,0,20,7,12,2019-2020
25,0021900013,00,1610612743,DEN,Denver,22,7,10,10,15,6,1,20,5,18,2019-2020
26,0021900014,00,1610612765,DET,Detroit,36,10,4,5,4,6,1,14,7,20,2019-2020
27,0021900014,00,1610612737,ATL,Atlanta,60,10,18,17,4,6,0,13,9,13,2019-2020
28,0021900015,00,1610612745,HOU,Houston,34,13,27,16,3,0,0,14,9,21,2019-2020
29,0021900015,00,1610612749,MIL,Milwaukee,46,9,17,6,3,0,0,11,10,10,2019-2020
30,0021900016,00,1610612746,LAC,LA,58,6,19,31,0,0,3,20,10,20,2019-2020
31,0021900016,00,1610612744,GSW,Golden State,40,13,25,0,0,0,0,13,7,14,2019-2020
32,0021900017,00,1610612761,TOR,Toronto,36,2,11,7,19,12,0,23,5,26,2019-2020
33,0021900017,00,1610612738,BOS,Boston,54,21,11,6,19,12,1,10,5,8,2019-2020
34,0021900018,00,1610612766,CHA,Charlotte,44,7,14,15,9,6,1,20,10,22,2019-2020
35,0021900018,00,1610612750,MIN,Minnesota,56,17,8,27,9,6,2,17,12,16,2019-2020
36,0021900019,00,1610612752,NYK,New York,32,15,13,3,2,1,0,26,12,31,2019-2020
37,0021900019,00,1610612751,BKN,Brooklyn,34,12,21,19,3,1,0,26,10,22,2019-2020
38,0021900020,00,1610612763,MEM,Memphis,56,19,16,14,5,4,0,18,7,17,2019-2020
39,0021900020,00,1610612741,CHI,Chicago,52,15,25,8,5,4,1,14,12,11,2019-2020
40,0021900021,00,1610612740,NOP,New Orleans,54,9,15,16,2,4,0,14,9,20,2019-2020
41,0021900021,00,1610612742,DAL,Dallas,56,12,28,11,2,4,0,11,6,17,2019-2020
42,0021900022,00,1610612760,OKC,Oklahoma City,42,3,7,8,1,2,1,19,9,17,2019-2020
43,0021900022,00,1610612764,WAS,Washington,46,13,10,14,1,2,0,15,13,11,2019-2020
44,0021900023,00,1610612756,PHX,Phoenix,48,7,10,14,6,8,1,18,5,23,2019-2020
45,0021900023,00,1610612743,DEN,Denver,48,10,14,9,7,9,0,14,12,14,2019-2020
46,0021900024,00,1610612758,SAC,Sacramento,38,19,10,7,10,8,0,17,7,24,2019-2020
47,0021900024,00,1610612757,POR,Portland,46,10,4,18,10,8,0,16,6,21,2019-2020
48,0021900025,00,1610612747,LAL,Los Angeles,40,15,13,22,5,4,0,14,10,17,2019-2020
49,0021900025,00,1610612762,UTA,Utah,38,4,14,3,5,4,1,23,7,22,2019-2020
50,0021900026,00,1610612749,MIL,Milwaukee,42,7,25,21,6,5,0,18,10,27,2019-2020
51,0021900026,00,1610612748,MIA,Miami,48,13,11,9,6,5,2,18,18,16,2019-2020
52,0021900027,00,1610612765,DET,Detroit,54,12,10,13,8,11,0,23,14,31,2019-2020
53,0021900027,00,1610612755,PHI,Philadelphia,50,6,7,12,8,11,0,22,18,23,2019-2020
54,0021900028,00,1610612737,ATL,Atlanta,60,13,14,9,14,10,0,18,7,19,2019-2020
55,0021900028,00,1610612753,ORL,Orlando,50,23,8,5,14,10,0,10,9,10,2019-2020
56,0021900029,00,1610612738,BOS,Boston,50,12,16,29,6,11,1,13,8,16,2019-2020
57,0021900029,00,1610612752,NYK,New York,40,23,2,12,6,11,1,24,11,36,2019-2020
58,0021900030,00,1610612754,IND,Indiana,48,9,13,5,5,5,0,17,7,13,2019-2020
59,0021900030,00,1610612739,CLE,Cleveland,50,14,4,24,5,5,1,19,13,27,2019-2020
60,0021900031,00,1610612741,CHI,Chicago,38,15,7,5,5,3,0,15,11,18,2019-2020
61,0021900031,00,1610612761,TOR,Toronto,38,4,25,26,5,3,2,24,6,20,2019-2020
62,0021900032,00,1610612745,HOU,Houston,60,19,17,10,16,14,0,19,13,25,2019-2020
63,0021900032,00,1610612740,NOP,New Orleans,48,16,13,8,16,14,0,17,11,20,2019-2020
64,0021900033,00,1610612764,WAS,Washington,46,14,12,5,23,17,1,13,10,13,2019-2020
65,0021900033,00,1610612759,SAS,San Antonio,62,18,13,9,23,17,0,9,10,15,2019-2020
66,0021900034,00,1610612758,SAC,Sacramento,36,6,4,4,3,0,1,18,10,17,2019-2020
67,0021900034,00,1610612762,UTA,Utah,46,7,12,37,3,0,0,21,9,20,2019-2020
68,0021900035,00,1610612746,LAC,LA,44,10,15,3,9,5,0,12,8,20,2019-2020
69,0021900035,00,1610612756,PHX,Phoenix,48,10,16,15,9,5,0,16,7,20,2019-2020
70,0021900036,00,1610612760,OKC,Oklahoma City,46,10,18,42,0,0,1,24,6,21,2019-2020
71,0021900036,00,1610612744,GSW,Golden State,40,10,3,0,0,0,1,15,10,26,2019-2020
72,0021900037,00,1610612751,BKN,Brooklyn,56,19,18,8,11,10,0,17,12,18,2019-2020
73,0021900037,00,1610612763,MEM,Memphis,54,11,18,14,12,10,0,12,8,16,2019-2020
74,0021900038,00,1610612742,DAL,Dallas,34,17,8,19,10,8,1,12,11,16,2019-2020
75,0021900038,00,1610612757,POR,Portland,48,9,24,6,11,8,0,16,7,21,2019-2020
76,0021900039,00,1610612750,MIN,Minnesota,48,21,9,13,11,8,0,16,9,7,2019-2020
77,0021900039,00,1610612748,MIA,Miami,46,8,3,10,11,8,2,23,12,24,2019-2020
78,0021900040,00,1610612747,LAL,Los Angeles,74,15,16,20,11,10,1,14,6,9,2019-2020
79,0021900040,00,1610612766,CHA,Charlotte,44,20,26,9,11,10,2,16,7,11,2019-2020
80,0021900041,00,1610612765,DET,Detroit,40,15,3,12,2,0,0,20,4,23,2019-2020
81,0021900041,00,1610612754,IND,Indiana,54,18,16,4,1,0,1,8,6,7,2019-2020
82,0021900042,00,1610612752,NYK,New York,50,26,8,7,1,2,0,17,11,18,2019-2020
83,0021900042,00,1610612741,CHI,Chicago,46,13,13,18,0,2,1,10,6,14,2019-2020
84,0021900043,00,1610612737,ATL,Atlanta,42,8,2,13,9,9,0,21,13,24,2019-2020
85,0021900043,00,1610612755,PHI,Philadelphia,46,14,8,4,9,9,1,22,7,17,2019-2020
86,0021900044,00,1610612753,ORL,Orlando,36,11,12,2,8,2,0,16,5,13,2019-2020
87,0021900044,00,1610612761,TOR,Toronto,36,4,21,14,8,2,1,17,8,18,2019-2020
88,0021900045,00,1610612760,OKC,Oklahoma City,54,20,12,15,5,4,2,15,12,18,2019-2020
89,0021900045,00,1610612745,HOU,Houston,56,14,10,13,5,4,0,14,12,13,2019-2020
90,0021900046,00,1610612749,MIL,Milwaukee,58,14,24,21,8,6,0,12,8,9,2019-2020
91,0021900046,00,1610612739,CLE,Cleveland,50,13,11,4,8,6,1,12,3,22,2019-2020
92,0021900047,00,1610612744,GSW,Golden State,66,30,15,29,0,0,0,18,11,21,2019-2020
93,0021900047,00,1610612740,NOP,New Orleans,62,13,19,0,0,0,0,15,11,20,2019-2020
94,0021900048,00,1610612757,POR,Portland,46,15,18,19,5,3,0,10,12,16,2019-2020
95,0021900048,00,1610612759,SAS,San Antonio,54,14,22,19,5,3,0,18,7,16,2019-2020
96,0021900049,00,1610612762,UTA,Utah,32,9,17,9,14,10,0,23,12,13,2019-2020
97,0021900049,00,1610612756,PHX,Phoenix,34,0,11,7,14,10,0,16,4,18,2019-2020
98,0021900050,00,1610612758,SAC,Sacramento,38,10,18,9,6,2,1,13,7,16,2019-2020
99,0021900050,00,1610612743,DEN,Denver,44,20,4,12,6,2,2,12,16,7,2019-2020
100,0021900051,00,1610612746,LAC,LA,50,18,15,17,6,1,1,22,6,24,2019-2020
101,0021900051,00,1610612766,CHA,Charlotte,42,10,9,5,6,1,1,22,8,33,2019-2020
102,0021900052,00,1610612737,ATL,Atlanta,44,13,6,2,7,3,0,20,11,17,2019-2020
103,0021900052,00,1610612748,MIA,Miami,34,13,12,20,7,3,2,28,15,24,2019-2020
104,0021900053,00,1610612742,DAL,Dallas,50,11,11,9,4,5,1,9,5,10,2019-2020
105,0021900053,00,1610612743,DEN,Denver,50,19,6,11,4,5,1,11,8,7,2019-2020
106,0021900054,00,1610612763,MEM,Memphis,44,17,12,13,7,10,0,21,8,30,2019-2020
107,0021900054,00,1610612747,LAL,Los Angeles,46,16,27,29,7,10,0,18,9,10,2019-2020
108,0021900055,00,1610612741,CHI,Chicago,46,22,13,10,9,10,1,7,9,11,2019-2020
109,0021900055,00,1610612739,CLE,Cleveland,58,14,10,8,9,10,2,19,10,19,2019-2020
110,0021900056,00,1610612752,NYK,New York,26,13,0,6,13,9,0,11,11,13,2019-2020
111,0021900056,00,1610612753,ORL,Orlando,32,15,11,13,13,9,2,9,4,13,2019-2020
112,0021900057,00,1610612750,MIN,Minnesota,42,4,18,3,2,2,1,22,11,29,2019-2020
113,0021900057,00,1610612755,PHI,Philadelphia,60,30,15,25,2,2,0,22,10,12,2019-2020
114,0021900058,00,1610612749,MIL,Milwaukee,34,10,7,19,3,1,0,15,9,18,2019-2020
115,0021900058,00,1610612738,BOS,Boston,34,8,11,13,3,1,1,10,9,9,2019-2020
116,0021900059,00,1610612751,BKN,Brooklyn,60,11,7,7,12,7,1,20,12,28,2019-2020
117,0021900059,00,1610612754,IND,Indiana,52,12,5,16,12,7,0,9,9,16,2019-2020
118,0021900060,00,1610612765,DET,Detroit,48,10,11,4,5,4,0,20,10,29,2019-2020
119,0021900060,00,1610612761,TOR,Toronto,60,5,23,22,5,4,1,15,4,14,2019-2020
120,0021900061,00,1610612745,HOU,Houston,60,26,21,10,20,10,0,13,4,14,2019-2020
121,0021900061,00,1610612764,WAS,Washington,54,11,9,12,20,10,0,19,6,26,2019-2020
122,0021900062,00,1610612757,POR,Portland,26,5,18,9,15,9,2,19,6,18,2019-2020
123,0021900062,00,1610612760,OKC,Oklahoma City,48,16,5,5,15,9,1,19,8,9,2019-2020
124,0021900063,00,1610612762,UTA,Utah,52,6,11,23,6,5,1,15,7,13,2019-2020
125,0021900063,00,1610612746,LAC,LA,48,12,7,5,6,5,1,20,7,27,2019-2020
126,0021900064,00,1610612766,CHA,Charlotte,60,12,8,15,4,5,1,21,3,29,2019-2020
127,0021900064,00,1610612758,SAC,Sacramento,54,26,19,14,4,5,0,15,9,17,2019-2020
128,0021900065,00,1610612756,PHX,Phoenix,58,16,20,34,4,2,1,17,10,20,2019-2020
129,0021900065,00,1610612744,GSW,Golden State,54,14,23,1,4,2,0,18,9,29,2019-2020
130,0021900066,00,1610612737,ATL,Atlanta,54,17,16,6,1,1,0,16,10,17,2019-2020
131,0021900066,00,1610612748,MIA,Miami,48,14,14,18,1,1,1,14,10,26,2019-2020
132,0021900067,00,1610612743,DEN,Denver,60,5,20,2,4,4,1,15,8,17,2019-2020
133,0021900067,00,1610612740,NOP,New Orleans,48,5,37,22,4,4,1,16,11,25,2019-2020
134,0021900068,00,1610612746,LAC,LA,54,17,13,13,4,10,1,12,6,9,2019-2020
135,0021900068,00,1610612759,SAS,San Antonio,44,4,20,1,4,10,0,19,10,23,2019-2020
136,0021900069,00,1610612751,BKN,Brooklyn,46,5,17,15,4,5,2,22,9,25,2019-2020
137,0021900069,00,1610612745,HOU,Houston,52,12,15,15,4,5,0,12,10,22,2019-2020
138,0021900070,00,1610612754,IND,Indiana,56,14,18,11,11,1,1,14,8,14,2019-2020
139,0021900070,00,1610612739,CLE,Cleveland,38,2,16,9,11,1,0,16,8,10,2019-2020
140,0021900071,00,1610612749,MIL,Milwaukee,54,12,36,34,2,2,1,14,5,18,2019-2020
141,0021900071,00,1610612753,ORL,Orlando,32,9,2,13,2,2,0,16,12,27,2019-2020
142,0021900072,00,1610612752,NYK,New York,38,20,17,4,24,10,0,13,7,6,2019-2020
143,0021900072,00,1610612738,BOS,Boston,34,5,16,7,24,10,0,14,4,12,2019-2020
144,0021900073,00,1610612765,DET,Detroit,66,11,13,2,3,2,0,16,8,19,2019-2020
145,0021900073,00,1610612741,CHI,Chicago,40,14,8,16,3,2,0,17,8,19,2019-2020
146,0021900074,00,1610612747,LAL,Los Angeles,66,10,19,10,14,8,0,11,9,15,2019-2020
147,0021900074,00,1610612742,DAL,Dallas,46,15,6,15,14,8,1,23,12,30,2019-2020
148,0021900075,00,1610612758,SAC,Sacramento,52,13,10,12,12,11,1,17,7,14,2019-2020
149,0021900075,00,1610612762,UTA,Utah,38,8,5,3,11,11,0,17,12,28,2019-2020
150,0021900076,00,1610612759,SAS,San Antonio,40,23,14,25,9,8,0,11,5,10,2019-2020
151,0021900076,00,1610612744,GSW,Golden State,44,8,16,6,9,8,0,11,4,14,2019-2020
152,0021900077,00,1610612760,OKC,Oklahoma City,46,14,8,11,9,7,0,12,8,15,2019-2020
153,0021900077,00,1610612740,NOP,New Orleans,52,19,7,6,9,7,0,16,9,21,2019-2020
154,0021900078,00,1610612765,DET,Detroit,54,13,8,13,2,2,0,8,9,9,2019-2020
155,0021900078,00,1610612751,BKN,Brooklyn,58,16,13,14,2,2,1,15,12,14,2019-2020
156,0021900079,00,1610612743,DEN,Denver,30,13,3,8,1,7,1,14,14,21,2019-2020
157,0021900079,00,1610612753,ORL,Orlando,48,9,11,12,1,7,1,16,8,18,2019-2020
158,0021900080,00,1610612764,WAS,Washington,24,9,8,0,0,0,0,17,9,20,2019-2020
159,0021900080,00,1610612750,MIN,Minnesota,56,13,16,34,0,0,1,22,15,22,2019-2020
160,0021900081,00,1610612763,MEM,Memphis,62,15,14,4,8,7,0,20,8,24,2019-2020
161,0021900081,00,1610612756,PHX,Phoenix,48,17,17,16,8,7,0,17,13,14,2019-2020
162,0021900082,00,1610612749,MIL,Milwaukee,50,18,14,26,0,0,1,12,6,11,2019-2020
163,0021900082,00,1610612761,TOR,Toronto,30,5,16,0,0,0,1,14,7,19,2019-2020
164,0021900083,00,1610612766,CHA,Charlotte,56,15,7,6,12,7,1,13,8,11,2019-2020
165,0021900083,00,1610612744,GSW,Golden State,34,8,10,10,11,7,0,18,6,15,2019-2020
166,0021900084,00,1610612755,PHI,Philadelphia,84,17,23,1,3,5,0,11,6,11,2019-2020
167,0021900084,00,1610612757,POR,Portland,40,5,14,21,2,5,0,18,6,24,2019-2020
168,0021900085,00,1610612741,CHI,Chicago,52,9,11,2,3,2,0,18,13,15,2019-2020
169,0021900085,00,1610612754,IND,Indiana,52,15,6,16,3,2,2,18,7,20,2019-2020
170,0021900086,00,1610612745,HOU,Houston,30,7,6,0,0,0,0,22,7,27,2019-2020
171,0021900086,00,1610612748,MIA,Miami,52,11,25,41,0,0,3,18,11,22,2019-2020
172,0021900087,00,1610612752,NYK,New York,40,18,9,5,3,1,0,13,13,12,2019-2020
173,0021900087,00,1610612758,SAC,Sacramento,42,10,9,32,3,1,0,14,11,17,2019-2020
174,0021900088,00,1610612759,SAS,San Antonio,36,3,20,5,3,4,1,18,8,5,2019-2020
175,0021900088,00,1610612747,LAL,Los Angeles,50,14,15,19,3,4,0,18,5,23,2019-2020
176,0021900089,00,1610612742,DAL,Dallas,52,19,10,22,8,7,1,14,8,16,2019-2020
177,0021900089,00,1610612739,CLE,Cleveland,28,14,9,8,8,7,0,9,10,15,2019-2020
178,0021900090,00,1610612762,UTA,Utah,34,8,4,10,3,8,1,15,12,15,2019-2020
179,0021900090,00,1610612746,LAC,LA,46,27,11,12,3,8,0,9,17,9,2019-2020
180,0021900091,00,1610612765,DET,Detroit,34,9,11,4,11,7,2,21,14,17,2019-2020
181,0021900091,00,1610612764,WAS,Washington,48,19,7,18,11,7,1,12,10,12,2019-2020
182,0021900092,00,1610612751,BKN,Brooklyn,58,20,23,20,2,2,0,23,12,22,2019-2020
183,0021900092,00,1610612740,NOP,New Orleans,48,11,16,1,2,2,0,21,8,32,2019-2020
184,0021900093,00,1610612745,HOU,Houston,36,16,12,13,7,15,0,18,14,29,2019-2020
185,0021900093,00,1610612763,MEM,Memphis,66,10,25,6,7,15,1,15,9,17,2019-2020
186,0021900094,00,1610612749,MIL,Milwaukee,62,21,14,32,0,0,0,17,10,15,2019-2020
187,0021900094,00,1610612750,MIN,Minnesota,38,9,10,0,0,0,1,16,8,20,2019-2020
188,0021900095,00,1610612756,PHX,Phoenix,48,4,15,8,9,12,1,20,10,19,2019-2020
189,0021900095,00,1610612755,PHI,Philadelphia,32,6,8,7,9,12,0,20,9,23,2019-2020
190,0021900096,00,1610612757,POR,Portland,60,14,17,5,11,9,0,6,8,3,2019-2020
191,0021900096,00,1610612744,GSW,Golden State,44,12,8,12,11,9,0,10,9,6,2019-2020
192,0021900097,00,1610612754,IND,Indiana,58,7,10,19,5,11,0,18,6,20,2019-2020
193,0021900097,00,1610612766,CHA,Charlotte,60,17,12,6,5,11,0,13,18,19,2019-2020
194,0021900098,00,1610612738,BOS,Boston,60,7,6,13,1,1,0,14,5,11,2019-2020
195,0021900098,00,1610612739,CLE,Cleveland,44,15,11,2,1,1,0,9,5,5,2019-2020
196,0021900099,00,1610612737,ATL,Atlanta,50,10,11,10,20,13,0,18,13,14,2019-2020
197,0021900099,00,1610612759,SAS,San Antonio,34,11,8,10,20,13,0,15,10,15,2019-2020
198,0021900100,00,1610612747,LAL,Los Angeles,52,14,14,13,10,4,1,16,6,23,2019-2020
199,0021900100,00,1610612741,CHI,Chicago,48,13,26,19,10,4,0,16,10,20,2019-2020
200,0021900101,00,1610612760,OKC,Oklahoma City,42,16,5,11,8,4,0,9,10,15,2019-2020
201,0021900101,00,1610612753,ORL,Orlando,44,16,4,1,8,4,0,14,6,21,2019-2020
202,0021900102,00,1610612743,DEN,Denver,56,12,18,27,8,4,1,20,8,20,2019-2020
203,0021900102,00,1610612748,MIA,Miami,46,9,11,4,8,4,2,15,13,20,2019-2020
204,0021900103,00,1610612765,DET,Detroit,54,10,14,25,2,8,1,17,6,15,2019-2020
205,0021900103,00,1610612752,NYK,New York,42,8,7,3,2,8,1,14,10,19,2019-2020
206,0021900104,00,1610612754,IND,Indiana,46,21,24,25,6,5,0,13,9,22,2019-2020
207,0021900104,00,1610612764,WAS,Washington,40,15,15,4,6,5,1,17,8,28,2019-2020
208,0021900105,00,1610612737,ATL,Atlanta,46,9,6,4,1,1,0,24,8,31,2019-2020
209,0021900105,00,1610612741,CHI,Chicago,48,8,18,28,1,1,3,20,10,23,2019-2020
210,0021900106,00,1610612761,TOR,Toronto,52,2,18,15,1,1,0,14,11,12,2019-2020
211,0021900106,00,1610612758,SAC,Sacramento,32,13,10,6,1,1,0,14,7,19,2019-2020
212,0021900107,00,1610612745,HOU,Houston,44,23,12,23,7,2,1,13,11,20,2019-2020
213,0021900107,00,1610612744,GSW,Golden State,40,16,9,6,7,2,1,11,7,17,2019-2020
214,0021900108,00,1610612750,MIN,Minnesota,50,12,13,5,3,5,0,11,10,9,2019-2020
215,0021900108,00,1610612763,MEM,Memphis,66,17,26,16,3,5,0,17,8,18,2019-2020
216,0021900109,00,1610612742,DAL,Dallas,46,17,12,7,8,7,0,17,7,15,2019-2020
217,0021900109,00,1610612753,ORL,Orlando,60,15,22,11,8,7,0,18,7,9,2019-2020
218,0021900110,00,1610612755,PHI,Philadelphia,44,10,9,8,9,6,2,16,11,18,2019-2020
219,0021900110,00,1610612762,UTA,Utah,48,13,13,13,9,6,0,13,4,17,2019-2020
220,0021900111,00,1610612746,LAC,LA,50,13,16,3,4,7,0,19,10,14,2019-2020
221,0021900111,00,1610612749,MIL,Milwaukee,42,16,17,17,4,7,0,15,9,23,2019-2020
222,0021900112,00,1610612738,BOS,Boston,54,6,13,24,1,3,1,13,6,12,2019-2020
223,0021900112,00,1610612766,CHA,Charlotte,50,7,8,5,1,3,1,21,10,17,2019-2020
224,0021900113,00,1610612760,OKC,Oklahoma City,48,2,18,7,7,8,0,13,5,18,2019-2020
225,0021900113,00,1610612759,SAS,San Antonio,48,4,13,13,7,8,0,13,5,6,2019-2020
226,0021900114,00,1610612748,MIA,Miami,50,7,10,19,2,1,2,15,7,12,2019-2020
227,0021900114,00,1610612756,PHX,Phoenix,52,12,12,1,2,1,1,15,9,22,2019-2020
228,0021900115,00,1610612757,POR,Portland,40,12,16,8,6,5,1,14,7,16,2019-2020
229,0021900115,00,1610612746,LAC,LA,60,23,20,11,6,5,0,17,9,18,2019-2020
230,0021900116,00,1610612765,DET,Detroit,40,18,14,15,1,0,2,17,8,22,2019-2020
231,0021900116,00,1610612754,IND,Indiana,58,15,20,17,1,0,1,13,1,17,2019-2020
232,0021900117,00,1610612763,MEM,Memphis,34,8,14,5,4,3,0,18,10,22,2019-2020
233,0021900117,00,1610612753,ORL,Orlando,62,20,13,35,4,3,0,9,6,16,2019-2020
234,0021900118,00,1610612739,CLE,Cleveland,62,21,10,21,0,0,1,13,5,11,2019-2020
235,0021900118,00,1610612764,WAS,Washington,54,19,8,0,0,0,1,19,7,19,2019-2020
236,0021900119,00,1610612758,SAC,Sacramento,36,12,15,21,1,2,1,15,4,12,2019-2020
237,0021900119,00,1610612737,ATL,Atlanta,66,15,6,6,1,2,1,13,10,21,2019-2020
238,0021900120,00,1610612744,GSW,Golden State,34,13,8,8,20,13,0,20,11,30,2019-2020
239,0021900120,00,1610612750,MIN,Minnesota,70,35,4,6,20,13,1,19,14,18,2019-2020
240,0021900121,00,1610612761,TOR,Toronto,42,13,38,29,8,4,0,17,6,21,2019-2020
241,0021900121,00,1610612740,NOP,New Orleans,56,18,14,3,8,4,0,18,9,25,2019-2020
242,0021900122,00,1610612742,DAL,Dallas,38,3,9,4,9,7,0,13,7,15,2019-2020
243,0021900122,00,1610612752,NYK,New York,28,10,15,12,9,7,0,12,11,5,2019-2020
244,0021900123,00,1610612743,DEN,Denver,46,4,18,3,3,2,0,10,7,14,2019-2020
245,0021900123,00,1610612755,PHI,Philadelphia,32,12,6,21,2,2,1,18,12,21,2019-2020
246,0021900124,00,1610612749,MIL,Milwaukee,46,18,12,1,2,2,1,13,8,18,2019-2020
247,0021900124,00,1610612762,UTA,Utah,32,12,10,22,2,2,0,20,10,21,2019-2020
248,0021900125,00,1610612757,POR,Portland,48,12,14,5,9,7,1,11,13,9,2019-2020
249,0021900125,00,1610612751,BKN,Brooklyn,48,27,11,10,9,7,0,9,13,14,2019-2020
250,0021900126,00,1610612747,LAL,Los Angeles,54,15,4,17,2,3,0,18,11,17,2019-2020
251,0021900126,00,1610612748,MIA,Miami,44,8,12,1,2,3,1,13,12,11,2019-2020
252,0021900127,00,1610612759,SAS,San Antonio,30,19,10,7,1,1,0,15,10,19,2019-2020
253,0021900127,00,1610612738,BOS,Boston,60,10,21,24,1,1,1,9,6,7,2019-2020
254,0021900128,00,1610612740,NOP,New Orleans,44,5,14,10,6,8,0,26,5,31,2019-2020
255,0021900128,00,1610612766,CHA,Charlotte,46,16,15,9,6,8,1,22,12,25,2019-2020
256,0021900129,00,1610612741,CHI,Chicago,64,10,25,9,6,3,0,15,7,20,2019-2020
257,0021900129,00,1610612745,HOU,Houston,34,12,28,28,6,3,2,24,7,23,2019-2020
258,0021900130,00,1610612742,DAL,Dallas,60,18,12,22,6,8,1,15,6,21,2019-2020
259,0021900130,00,1610612763,MEM,Memphis,60,9,12,5,6,8,1,16,6,33,2019-2020
260,0021900131,00,1610612760,OKC,Oklahoma City,42,12,7,23,2,5,1,19,1,32,2019-2020
261,0021900131,00,1610612744,GSW,Golden State,50,9,11,2,2,5,0,15,5,18,2019-2020
262,0021900132,00,1610612750,MIN,Minnesota,52,14,8,9,7,12,1,13,16,13,2019-2020
263,0021900132,00,1610612743,DEN,Denver,48,14,5,16,7,12,0,20,14,19,2019-2020
264,0021900133,00,1610612753,ORL,Orlando,42,12,12,13,11,5,1,11,7,20,2019-2020
265,0021900133,00,1610612754,IND,Indiana,48,14,3,14,11,5,0,9,6,16,2019-2020
266,0021900134,00,1610612755,PHI,Philadelphia,58,12,8,19,6,5,1,21,5,26,2019-2020
267,0021900134,00,1610612766,CHA,Charlotte,42,10,14,5,6,5,0,13,9,15,2019-2020
268,0021900135,00,1610612749,MIL,Milwaukee,66,12,11,13,4,7,0,22,2,23,2019-2020
269,0021900135,00,1610612760,OKC,Oklahoma City,38,3,5,9,4,7,0,15,4,10,2019-2020
270,0021900136,00,1610612752,NYK,New York,32,15,11,0,0,0,0,21,12,27,2019-2020
271,0021900136,00,1610612739,CLE,Cleveland,50,11,23,30,0,0,0,14,4,14,2019-2020
272,0021900137,00,1610612751,BKN,Brooklyn,70,15,12,1,1,0,0,17,5,32,2019-2020
273,0021900137,00,1610612756,PHX,Phoenix,46,4,20,30,1,0,0,7,9,10,2019-2020
274,0021900138,00,1610612737,ATL,Atlanta,54,9,16,5,14,19,0,16,15,15,2019-2020
275,0021900138,00,1610612757,POR,Portland,54,15,14,12,14,19,0,17,10,10,2019-2020
276,0021900139,00,1610612747,LAL,Los Angeles,48,9,8,11,5,5,0,12,9,15,2019-2020
277,0021900139,00,1610612761,TOR,Toronto,54,10,32,12,5,5,2,15,10,16,2019-2020
278,0021900140,00,1610612750,MIN,Minnesota,42,10,15,19,10,3,1,17,4,20,2019-2020
279,0021900140,00,1610612765,DET,Detroit,42,12,22,4,10,3,0,17,13,20,2019-2020
280,0021900141,00,1610612742,DAL,Dallas,48,18,11,2,2,4,2,8,11,13,2019-2020
281,0021900141,00,1610612738,BOS,Boston,48,7,7,14,2,4,0,9,7,15,2019-2020
282,0021900142,00,1610612745,HOU,Houston,52,11,16,17,6,3,2,19,10,18,2019-2020
283,0021900142,00,1610612740,NOP,New Orleans,52,18,26,4,6,3,1,17,9,15,2019-2020
284,0021900143,00,1610612763,MEM,Memphis,48,14,7,16,6,7,0,11,6,14,2019-2020
285,0021900143,00,1610612759,SAS,San Antonio,32,9,12,5,6,7,1,14,6,5,2019-2020
286,0021900144,00,1610612762,UTA,Utah,46,3,4,20,4,2,0,12,8,19,2019-2020
287,0021900144,00,1610612744,GSW,Golden State,42,12,20,5,4,2,0,10,7,6,2019-2020
288,0021900145,00,1610612761,TOR,Toronto,44,7,19,8,12,9,0,15,9,22,2019-2020
289,0021900145,00,1610612746,LAC,LA,46,15,19,10,12,9,3,22,10,26,2019-2020
290,0021900146,00,1610612760,OKC,Oklahoma City,36,4,9,2,2,4,0,15,6,18,2019-2020
291,0021900146,00,1610612754,IND,Indiana,54,12,15,31,2,4,1,15,9,11,2019-2020
292,0021900147,00,1610612739,CLE,Cleveland,58,14,13,7,2,5,1,14,8,14,2019-2020
293,0021900147,00,1610612755,PHI,Philadelphia,56,19,25,9,3,5,0,14,5,18,2019-2020
294,0021900148,00,1610612765,DET,Detroit,36,12,17,0,0,0,0,16,11,20,2019-2020
295,0021900148,00,1610612748,MIA,Miami,48,14,8,29,0,0,1,20,13,26,2019-2020
296,0021900149,00,1610612741,CHI,Chicago,52,17,10,20,9,4,1,20,12,26,2019-2020
297,0021900149,00,1610612752,NYK,New York,46,8,20,6,9,4,0,18,14,24,2019-2020
298,0021900150,00,1610612743,DEN,Denver,54,16,12,12,1,1,0,3,8,6,2019-2020
299,0021900150,00,1610612737,ATL,Atlanta,56,10,18,13,1,1,1,15,20,15,2019-2020
300,0021900151,00,1610612756,PHX,Phoenix,46,15,10,9,29,14,0,11,10,22,2019-2020
301,0021900151,00,1610612747,LAL,Los Angeles,70,17,12,8,29,14,1,10,13,18,2019-2020
302,0021900152,00,1610612751,BKN,Brooklyn,52,12,13,15,16,14,1,17,9,16,2019-2020
303,0021900152,00,1610612762,UTA,Utah,56,15,9,5,16,14,0,11,12,16,2019-2020
304,0021900153,00,1610612758,SAC,Sacramento,40,11,17,15,4,6,0,14,8,10,2019-2020
305,0021900153,00,1610612757,POR,Portland,30,8,9,11,4,6,0,17,10,18,2019-2020
306,0021900154,00,1610612763,MEM,Memphis,58,12,7,10,16,9,1,24,5,35,2019-2020
307,0021900154,00,1610612766,CHA,Charlotte,46,10,17,12,16,9,0,15,8,8,2019-2020
308,0021900155,00,1610612755,PHI,Philadelphia,56,6,14,8,13,7,0,15,6,19,2019-2020
309,0021900155,00,1610612753,ORL,Orlando,48,6,20,18,13,7,0,13,10,13,2019-2020
310,0021900156,00,1610612738,BOS,Boston,50,15,17,16,10,11,1,12,12,15,2019-2020
311,0021900156,00,1610612764,WAS,Washington,64,6,26,5,10,11,1,9,9,16,2019-2020
312,0021900157,00,1610612745,HOU,Houston,34,10,10,17,4,3,0,10,7,7,2019-2020
313,0021900157,00,1610612746,LAC,LA,44,14,9,4,4,3,0,13,12,16,2019-2020
314,0021900158,00,1610612750,MIN,Minnesota,58,10,5,22,9,13,0,10,6,14,2019-2020
315,0021900158,00,1610612759,SAS,San Antonio,58,7,6,4,9,13,1,12,4,10,2019-2020
316,0021900159,00,1610612747,LAL,Los Angeles,64,16,14,27,4,2,0,19,9,22,2019-2020
317,0021900159,00,1610612744,GSW,Golden State,36,8,13,1,4,2,0,17,8,26,2019-2020
318,0021900160,00,1610612757,POR,Portland,22,12,10,12,9,6,0,12,12,21,2019-2020
319,0021900160,00,1610612761,TOR,Toronto,50,13,18,14,9,6,2,14,7,13,2019-2020
320,0021900161,00,1610612748,MIA,Miami,50,4,18,27,0,0,1,19,4,21,2019-2020
321,0021900161,00,1610612739,CLE,Cleveland,44,14,13,0,0,0,0,18,4,28,2019-2020
322,0021900162,00,1610612742,DAL,Dallas,50,23,2,1,4,7,1,12,4,22,2019-2020
323,0021900162,00,1610612752,NYK,New York,44,29,5,10,4,7,0,15,9,13,2019-2020
324,0021900163,00,1610612741,CHI,Chicago,32,14,19,8,13,9,0,20,9,26,2019-2020
325,0021900163,00,1610612749,MIL,Milwaukee,70,18,23,11,13,9,0,22,6,19,2019-2020
326,0021900164,00,1610612740,NOP,New Orleans,50,22,14,14,12,16,0,14,8,13,2019-2020
327,0021900164,00,1610612746,LAC,LA,58,7,13,7,12,16,0,16,9,17,2019-2020
328,0021900165,00,1610612737,ATL,Atlanta,60,21,9,9,12,8,0,22,7,24,2019-2020
329,0021900165,00,1610612756,PHX,Phoenix,50,9,21,19,12,8,0,20,13,18,2019-2020
330,0021900166,00,1610612751,BKN,Brooklyn,46,9,11,16,7,5,0,7,8,6,2019-2020
331,0021900166,00,1610612743,DEN,Denver,52,13,12,9,7,5,0,7,4,8,2019-2020
332,0021900167,00,1610612765,DET,Detroit,44,5,11,14,4,3,2,21,7,27,2019-2020
333,0021900167,00,1610612766,CHA,Charlotte,58,17,15,8,5,4,1,11,10,11,2019-2020
334,0021900168,00,1610612759,SAS,San Antonio,44,13,16,16,13,7,0,11,8,20,2019-2020
335,0021900168,00,1610612753,ORL,Orlando,38,18,17,5,13,7,0,10,9,21,2019-2020
336,0021900169,00,1610612754,IND,Indiana,52,7,13,9,14,10,1,17,18,16,2019-2020
337,0021900169,00,1610612745,HOU,Houston,44,13,10,10,14,10,0,8,4,7,2019-2020
338,0021900170,00,1610612763,MEM,Memphis,56,10,21,11,18,13,0,11,5,8,2019-2020
339,0021900170,00,1610612762,UTA,Utah,48,22,9,9,18,13,1,15,16,16,2019-2020
340,0021900171,00,1610612750,MIN,Minnesota,62,11,9,3,7,7,0,20,8,27,2019-2020
341,0021900171,00,1610612764,WAS,Washington,76,20,18,23,7,7,1,14,5,13,2019-2020
342,0021900172,00,1610612755,PHI,Philadelphia,50,16,8,11,9,6,2,16,9,19,2019-2020
343,0021900172,00,1610612760,OKC,Oklahoma City,52,10,10,10,9,6,0,13,5,19,2019-2020
344,0021900173,00,1610612738,BOS,Boston,44,16,23,7,9,7,0,14,3,19,2019-2020
345,0021900173,00,1610612744,GSW,Golden State,44,10,15,15,9,7,1,20,9,22,2019-2020
346,0021900174,00,1610612758,SAC,Sacramento,36,5,14,13,5,7,1,18,4,11,2019-2020
347,0021900174,00,1610612747,LAL,Los Angeles,42,15,15,8,5,7,0,13,7,11,2019-2020
348,0021900175,00,1610612751,BKN,Brooklyn,56,7,16,13,6,7,0,15,8,24,2019-2020
349,0021900175,00,1610612741,CHI,Chicago,36,19,11,11,6,7,1,20,10,18,2019-2020
350,0021900176,00,1610612754,IND,Indiana,26,10,11,4,6,2,2,15,6,23,2019-2020
351,0021900176,00,1610612749,MIL,Milwaukee,56,11,24,25,6,2,1,15,10,8,2019-2020
352,0021900177,00,1610612752,NYK,New York,46,19,4,15,8,4,0,11,8,14,2019-2020
353,0021900177,00,1610612766,CHA,Charlotte,36,10,14,2,9,4,0,10,10,14,2019-2020
354,0021900178,00,1610612748,MIA,Miami,60,13,18,15,3,3,1,21,5,18,2019-2020
355,0021900178,00,1610612740,NOP,New Orleans,42,9,10,3,3,3,0,18,4,16,2019-2020
356,0021900179,00,1610612745,HOU,Houston,48,17,13,20,8,10,0,12,8,11,2019-2020
357,0021900179,00,1610612750,MIN,Minnesota,44,16,15,11,8,10,1,19,9,21,2019-2020
358,0021900180,00,1610612761,TOR,Toronto,38,10,19,9,11,1,1,15,6,18,2019-2020
359,0021900180,00,1610612742,DAL,Dallas,50,17,7,14,11,1,1,13,10,17,2019-2020
360,0021900181,00,1610612757,POR,Portland,42,7,9,23,2,2,0,12,5,15,2019-2020
361,0021900181,00,1610612759,SAS,San Antonio,44,10,12,15,2,2,0,10,9,6,2019-2020
362,0021900182,00,1610612746,LAC,LA,58,23,37,52,0,0,2,21,11,16,2019-2020
363,0021900182,00,1610612737,ATL,Atlanta,52,20,15,0,0,0,0,19,9,34,2019-2020
364,0021900183,00,1610612755,PHI,Philadelphia,58,2,17,31,5,3,1,14,5,14,2019-2020
365,0021900183,00,1610612739,CLE,Cleveland,48,18,8,5,5,3,1,15,10,16,2019-2020
366,0021900184,00,1610612738,BOS,Boston,40,12,8,6,23,8,1,15,8,19,2019-2020
367,0021900184,00,1610612758,SAC,Sacramento,28,17,15,13,24,9,0,12,5,8,2019-2020
368,0021900185,00,1610612753,ORL,Orlando,42,8,4,18,4,2,0,14,5,17,2019-2020
369,0021900185,00,1610612764,WAS,Washington,34,15,9,2,4,2,0,9,4,11,2019-2020
370,0021900186,00,1610612743,DEN,Denver,50,9,29,33,4,5,0,12,6,10,2019-2020
371,0021900186,00,1610612763,MEM,Memphis,40,8,10,11,4,5,0,16,7,25,2019-2020
372,0021900187,00,1610612740,NOP,New Orleans,36,17,8,17,0,1,2,15,8,19,2019-2020
373,0021900187,00,1610612744,GSW,Golden State,44,13,18,0,0,1,2,12,15,17,2019-2020
374,0021900188,00,1610612747,LAL,Los Angeles,52,14,22,30,0,1,1,17,6,19,2019-2020
375,0021900188,00,1610612737,ATL,Atlanta,50,15,15,0,0,1,2,20,15,19,2019-2020
376,0021900189,00,1610612752,NYK,New York,54,30,9,27,0,0,0,7,13,4,2019-2020
377,0021900189,00,1610612739,CLE,Cleveland,34,8,4,0,0,0,1,20,15,32,2019-2020
378,0021900190,00,1610612751,BKN,Brooklyn,34,12,5,8,3,3,1,10,12,13,2019-2020
379,0021900190,00,1610612754,IND,Indiana,48,16,14,30,3,3,0,10,9,14,2019-2020
380,0021900191,00,1610612766,CHA,Charlotte,30,8,5,3,8,4,1,20,10,39,2019-2020
381,0021900191,00,1610612761,TOR,Toronto,58,19,20,38,8,4,1,11,4,15,2019-2020
382,0021900192,00,1610612749,MIL,Milwaukee,46,10,16,14,20,4,0,15,12,20,2019-2020
383,0021900192,00,1610612741,CHI,Chicago,50,16,11,6,20,4,1,15,6,17,2019-2020
384,0021900193,00,1610612757,POR,Portland,46,19,11,5,7,3,0,17,11,23,2019-2020
385,0021900193,00,1610612745,HOU,Houston,58,23,11,28,7,3,0,16,7,19,2019-2020
386,0021900194,00,1610612742,DAL,Dallas,34,12,16,18,0,1,0,13,8,14,2019-2020
387,0021900194,00,1610612759,SAS,San Antonio,50,20,7,0,0,1,1,10,6,8,2019-2020
388,0021900195,00,1610612756,PHX,Phoenix,44,5,21,7,3,2,0,19,4,15,2019-2020
389,0021900195,00,1610612738,BOS,Boston,46,12,16,21,3,2,0,17,7,16,2019-2020
390,0021900196,00,1610612762,UTA,Utah,42,13,10,7,16,14,0,14,7,12,2019-2020
391,0021900196,00,1610612750,MIN,Minnesota,44,6,8,13,16,14,0,15,7,18,2019-2020
392,0021900197,00,1610612746,LAC,LA,38,15,5,6,10,12,0,17,5,14,2019-2020
393,0021900197,00,1610612760,OKC,Oklahoma City,26,7,7,5,9,12,0,17,7,18,2019-2020
394,0021900198,00,1610612763,MEM,Memphis,52,5,14,3,8,4,2,14,8,23,2019-2020
395,0021900198,00,1610612744,GSW,Golden State,46,14,12,23,8,4,1,15,11,15,2019-2020
396,0021900199,00,1610612757,POR,Portland,38,24,14,4,18,6,0,17,6,13,2019-2020
397,0021900199,00,1610612740,NOP,New Orleans,48,16,14,17,18,6,0,13,6,16,2019-2020
398,0021900200,00,1610612756,PHX,Phoenix,44,12,3,0,0,2,2,12,9,15,2019-2020
399,0021900200,00,1610612758,SAC,Sacramento,50,6,7,26,0,2,1,19,5,21,2019-2020
400,0021900201,00,1610612760,OKC,Oklahoma City,42,4,16,1,2,0,1,16,8,27,2019-2020
401,0021900201,00,1610612747,LAL,Los Angeles,50,25,30,12,2,0,0,16,5,11,2019-2020
402,0021900202,00,1610612755,PHI,Philadelphia,40,13,19,7,16,6,0,10,10,14,2019-2020
403,0021900202,00,1610612752,NYK,New York,30,11,9,17,16,6,0,14,10,20,2019-2020
404,0021900203,00,1610612764,WAS,Washington,52,7,14,12,6,7,0,17,6,19,2019-2020
405,0021900203,00,1610612759,SAS,San Antonio,52,10,16,11,6,7,0,12,7,15,2019-2020
406,0021900204,00,1610612749,MIL,Milwaukee,50,9,13,19,8,3,0,19,8,25,2019-2020
407,0021900204,00,1610612737,ATL,Atlanta,50,10,12,6,8,3,0,13,10,16,2019-2020
408,0021900205,00,1610612766,CHA,Charlotte,36,9,8,3,3,6,0,16,9,16,2019-2020
409,0021900205,00,1610612751,BKN,Brooklyn,46,17,9,12,3,6,2,17,12,18,2019-2020
410,0021900206,00,1610612748,MIA,Miami,32,19,7,30,1,2,1,24,14,21,2019-2020
411,0021900206,00,1610612739,CLE,Cleveland,40,15,11,2,1,2,0,19,5,14,2019-2020
412,0021900207,00,1610612761,TOR,Toronto,68,10,5,20,2,5,2,13,12,17,2019-2020
413,0021900207,00,1610612753,ORL,Orlando,40,9,16,8,2,5,3,14,11,17,2019-2020
414,0021900208,00,1610612742,DAL,Dallas,48,11,16,50,0,0,1,12,13,11,2019-2020
415,0021900208,00,1610612744,GSW,Golden State,44,13,15,0,0,0,1,10,11,15,2019-2020
416,0021900209,00,1610612741,CHI,Chicago,48,23,18,22,2,2,1,15,14,18,2019-2020
417,0021900209,00,1610612765,DET,Detroit,36,10,9,4,2,2,1,17,8,24,2019-2020
418,0021900210,00,1610612750,MIN,Minnesota,42,17,8,6,19,4,1,14,14,20,2019-2020
419,0021900210,00,1610612762,UTA,Utah,38,18,16,11,19,4,0,11,7,15,2019-2020
420,0021900211,00,1610612743,DEN,Denver,60,17,20,18,2,1,1,15,8,17,2019-2020
421,0021900211,00,1610612745,HOU,Houston,38,8,20,6,2,1,1,21,8,32,2019-2020
422,0021900212,00,1610612746,LAC,LA,32,8,8,7,18,7,0,23,7,23,2019-2020
423,0021900212,00,1610612738,BOS,Boston,52,14,17,10,18,7,1,18,12,14,2019-2020
424,0021900213,00,1610612749,MIL,Milwaukee,64,25,19,16,0,0,0,12,10,19,2019-2020
425,0021900213,00,1610612757,POR,Portland,38,9,24,0,0,0,0,8,7,19,2019-2020
426,0021900214,00,1610612740,NOP,New Orleans,46,12,12,12,11,8,1,18,11,19,2019-2020
427,0021900214,00,1610612756,PHX,Phoenix,46,12,15,7,11,8,0,14,6,18,2019-2020
428,0021900215,00,1610612765,DET,Detroit,62,19,14,29,1,0,1,19,7,18,2019-2020
429,0021900215,00,1610612737,ATL,Atlanta,54,19,13,10,1,0,1,20,7,21,2019-2020
430,0021900216,00,1610612766,CHA,Charlotte,64,8,17,13,15,13,0,16,5,20,2019-2020
431,0021900216,00,1610612764,WAS,Washington,54,8,15,7,15,13,0,11,3,11,2019-2020
432,0021900217,00,1610612751,BKN,Brooklyn,52,19,12,22,0,1,0,18,12,21,2019-2020
433,0021900217,00,1610612758,SAC,Sacramento,56,5,13,0,0,1,0,16,7,18,2019-2020
434,0021900218,00,1610612755,PHI,Philadelphia,44,16,17,13,2,2,0,15,7,7,2019-2020
435,0021900218,00,1610612759,SAS,San Antonio,48,6,15,2,2,2,0,11,5,12,2019-2020
436,0021900219,00,1610612741,CHI,Chicago,58,13,10,0,0,0,0,13,3,22,2019-2020
437,0021900219,00,1610612748,MIA,Miami,44,15,6,26,0,0,0,19,9,26,2019-2020
438,0021900220,00,1610612747,LAL,Los Angeles,50,17,19,15,19,13,1,16,6,19,2019-2020
439,0021900220,00,1610612760,OKC,Oklahoma City,62,8,7,6,19,13,1,12,7,14,2019-2020
440,0021900221,00,1610612739,CLE,Cleveland,44,2,23,3,5,4,0,10,5,13,2019-2020
441,0021900221,00,1610612742,DAL,Dallas,70,15,14,42,5,4,0,5,7,10,2019-2020
442,0021900222,00,1610612743,DEN,Denver,44,14,7,19,0,1,1,18,9,23,2019-2020
443,0021900222,00,1610612738,BOS,Boston,46,14,20,0,0,1,2,13,6,12,2019-2020
444,0021900223,00,1610612762,UTA,Utah,46,0,8,21,6,7,4,21,8,31,2019-2020
445,0021900223,00,1610612744,GSW,Golden State,52,10,18,5,6,7,1,9,4,13,2019-2020
446,0021900224,00,1610612746,LAC,LA,52,14,24,14,8,7,0,19,8,16,2019-2020
447,0021900224,00,1610612745,HOU,Houston,46,7,15,11,7,7,0,15,6,19,2019-2020
448,0021900225,00,1610612750,MIN,Minnesota,52,9,4,7,6,3,0,14,8,13,2019-2020
449,0021900225,00,1610612756,PHX,Phoenix,30,9,7,12,6,3,0,7,4,9,2019-2020
450,0021900226,00,1610612741,CHI,Chicago,38,18,8,14,3,0,0,13,8,14,2019-2020
451,0021900226,00,1610612766,CHA,Charlotte,60,10,4,12,2,0,1,20,9,22,2019-2020
452,0021900227,00,1610612754,IND,Indiana,50,12,8,15,11,10,0,19,6,21,2019-2020
453,0021900227,00,1610612753,ORL,Orlando,46,7,19,7,11,10,1,14,7,15,2019-2020
454,0021900228,00,1610612761,TOR,Toronto,50,21,16,12,14,5,2,17,12,22,2019-2020
455,0021900228,00,1610612737,ATL,Atlanta,58,14,14,10,14,5,0,15,6,22,2019-2020
456,0021900229,00,1610612759,SAS,San Antonio,38,15,10,28,0,0,0,22,10,23,2019-2020
457,0021900229,00,1610612752,NYK,New York,42,6,7,0,0,0,0,11,9,19,2019-2020
458,0021900230,00,1610612755,PHI,Philadelphia,34,8,16,41,0,1,1,15,7,14,2019-2020
459,0021900230,00,1610612748,MIA,Miami,36,15,7,0,0,1,1,18,6,24,2019-2020
460,0021900231,00,1610612739,CLE,Cleveland,50,14,7,15,3,3,0,13,14,9,2019-2020
461,0021900231,00,1610612757,POR,Portland,36,3,2,6,3,3,0,10,4,11,2019-2020
462,0021900232,00,1610612763,MEM,Memphis,52,20,27,15,11,6,3,22,8,29,2019-2020
463,0021900232,00,1610612747,LAL,Los Angeles,46,16,17,7,11,6,0,16,11,23,2019-2020
464,0021900233,00,1610612749,MIL,Milwaukee,54,13,25,22,0,0,0,21,11,20,2019-2020
465,0021900233,00,1610612765,DET,Detroit,48,15,12,0,0,0,1,16,10,22,2019-2020
466,0021900234,00,1610612762,UTA,Utah,48,6,12,20,0,0,1,18,8,18,2019-2020
467,0021900234,00,1610612740,NOP,New Orleans,42,10,6,0,0,0,0,10,9,13,2019-2020
468,0021900235,00,1610612745,HOU,Houston,66,13,20,0,0,0,0,11,8,19,2019-2020
469,0021900235,00,1610612742,DAL,Dallas,60,16,18,22,0,0,0,12,12,18,2019-2020
470,0021900236,00,1610612752,NYK,New York,30,10,10,5,5,3,3,19,11,23,2019-2020
471,0021900236,00,1610612751,BKN,Brooklyn,32,11,8,14,5,3,1,12,14,14,2019-2020
472,0021900237,00,1610612764,WAS,Washington,52,19,7,7,10,12,1,17,7,15,2019-2020
473,0021900237,00,1610612758,SAC,Sacramento,46,8,10,9,10,12,1,14,8,17,2019-2020
474,0021900238,00,1610612743,DEN,Denver,48,24,12,15,5,12,1,11,5,10,2019-2020
475,0021900238,00,1610612756,PHX,Phoenix,46,9,5,8,5,12,0,12,5,12,2019-2020
476,0021900239,00,1610612740,NOP,New Orleans,50,19,13,4,4,1,0,9,12,10,2019-2020
477,0021900239,00,1610612746,LAC,LA,56,24,10,27,4,1,2,8,9,5,2019-2020
478,0021900240,00,1610612751,BKN,Brooklyn,60,17,8,9,13,8,1,10,6,11,2019-2020
479,0021900240,00,1610612739,CLE,Cleveland,48,14,12,4,13,8,2,12,14,16,2019-2020
480,0021900241,00,1610612765,DET,Detroit,38,17,11,15,11,5,2,15,6,15,2019-2020
481,0021900241,00,1610612753,ORL,Orlando,30,10,7,11,11,5,1,10,11,8,2019-2020
482,0021900242,00,1610612763,MEM,Memphis,62,13,23,5,3,2,1,9,6,20,2019-2020
483,0021900242,00,1610612754,IND,Indiana,50,11,16,29,3,2,0,13,8,13,2019-2020
484,0021900243,00,1610612737,ATL,Atlanta,50,18,9,12,2,5,1,18,16,20,2019-2020
485,0021900243,00,1610612750,MIN,Minnesota,46,17,3,14,2,5,1,14,10,15,2019-2020
486,0021900244,00,1610612738,BOS,Boston,50,14,13,7,22,7,1,12,13,13,2019-2020
487,0021900244,00,1610612758,SAC,Sacramento,26,18,7,11,21,7,3,17,10,14,2019-2020
488,0021900245,00,1610612766,CHA,Charlotte,52,15,15,7,3,1,1,14,5,17,2019-2020
489,0021900245,00,1610612748,MIA,Miami,44,12,9,23,3,1,1,19,9,29,2019-2020
490,0021900246,00,1610612761,TOR,Toronto,44,11,13,8,12,9,0,10,13,6,2019-2020
491,0021900246,00,1610612755,PHI,Philadelphia,28,7,7,8,11,8,0,16,9,14,2019-2020
492,0021900247,00,1610612741,CHI,Chicago,48,6,8,3,10,7,0,17,7,24,2019-2020
493,0021900247,00,1610612757,POR,Portland,50,16,11,28,10,7,0,15,6,13,2019-2020
494,0021900248,00,1610612749,MIL,Milwaukee,58,28,22,10,9,9,0,9,9,18,2019-2020
495,0021900248,00,1610612762,UTA,Utah,38,2,11,13,9,9,1,17,5,20,2019-2020
496,0021900249,00,1610612747,LAL,Los Angeles,48,17,12,13,8,6,0,9,9,16,2019-2020
497,0021900249,00,1610612759,SAS,San Antonio,28,12,6,6,8,6,0,13,11,15,2019-2020
498,0021900250,00,1610612760,OKC,Oklahoma City,46,9,14,9,2,3,1,16,8,18,2019-2020
499,0021900250,00,1610612744,GSW,Golden State,34,16,14,15,1,3,1,13,9,20,2019-2020
500,0021900251,00,1610612746,LAC,LA,48,14,20,24,5,4,0,14,11,9,2019-2020
501,0021900251,00,1610612742,DAL,Dallas,28,8,13,3,5,4,0,20,8,18,2019-2020
502,0021900252,00,1610612764,WAS,Washington,56,6,8,4,11,4,0,12,8,16,2019-2020
503,0021900252,00,1610612743,DEN,Denver,70,6,15,20,11,4,1,21,9,21,2019-2020
504,0021900253,00,1610612751,BKN,Brooklyn,38,10,13,9,9,11,2,17,15,23,2019-2020
505,0021900253,00,1610612738,BOS,Boston,46,25,21,13,9,11,0,14,8,14,2019-2020
506,0021900254,00,1610612765,DET,Detroit,56,10,7,6,10,6,1,9,10,15,2019-2020
507,0021900254,00,1610612766,CHA,Charlotte,62,9,13,11,10,6,1,4,8,7,2019-2020
508,0021900255,00,1610612753,ORL,Orlando,50,5,24,17,4,7,0,11,8,11,2019-2020
509,0021900255,00,1610612739,CLE,Cleveland,42,14,11,2,4,7,0,25,7,25,2019-2020
510,0021900256,00,1610612762,UTA,Utah,46,9,12,3,5,5,0,16,6,22,2019-2020
511,0021900256,00,1610612754,IND,Indiana,58,19,18,22,5,5,0,12,13,16,2019-2020
512,0021900257,00,1610612755,PHI,Philadelphia,38,7,23,17,4,3,0,17,7,17,2019-2020
513,0021900257,00,1610612758,SAC,Sacramento,40,11,18,1,4,3,0,11,8,11,2019-2020
514,0021900258,00,1610612752,NYK,New York,36,18,17,11,4,2,0,18,8,26,2019-2020
515,0021900258,00,1610612761,TOR,Toronto,44,22,19,34,4,2,0,12,6,20,2019-2020
516,0021900259,00,1610612745,HOU,Houston,34,14,15,25,1,1,0,15,10,17,2019-2020
517,0021900259,00,1610612748,MIA,Miami,40,8,13,3,1,1,1,19,8,22,2019-2020
518,0021900260,00,1610612763,MEM,Memphis,60,21,18,10,20,15,0,20,11,14,2019-2020
519,0021900260,00,1610612746,LAC,LA,58,13,23,7,21,16,1,16,8,14,2019-2020
520,0021900261,00,1610612749,MIL,Milwaukee,60,16,15,17,15,6,0,14,8,8,2019-2020
521,0021900261,00,1610612737,ATL,Atlanta,48,16,16,5,15,6,2,19,15,22,2019-2020
522,0021900262,00,1610612750,MIN,Minnesota,36,18,12,15,10,2,0,11,10,9,2019-2020
523,0021900262,00,1610612759,SAS,San Antonio,52,13,16,3,10,2,0,6,4,4,2019-2020
524,0021900263,00,1610612764,WAS,Washington,52,11,16,21,14,5,2,16,8,17,2019-2020
525,0021900263,00,1610612756,PHX,Phoenix,54,14,24,3,14,5,0,15,5,20,2019-2020
526,0021900264,00,1610612747,LAL,Los Angeles,62,11,18,6,8,6,1,16,11,14,2019-2020
527,0021900264,00,1610612740,NOP,New Orleans,26,11,22,16,8,6,1,20,13,19,2019-2020
528,0021900265,00,1610612757,POR,Portland,52,14,9,35,0,0,0,9,3,4,2019-2020
529,0021900265,00,1610612760,OKC,Oklahoma City,42,7,11,0,0,0,0,6,7,9,2019-2020
530,0021900266,00,1610612741,CHI,Chicago,40,11,18,8,5,3,1,18,9,13,2019-2020
531,0021900266,00,1610612744,GSW,Golden State,52,11,17,17,5,3,1,21,7,28,2019-2020
532,0021900267,00,1610612751,BKN,Brooklyn,48,13,8,15,2,2,2,20,9,21,2019-2020
533,0021900267,00,1610612738,BOS,Boston,50,11,19,1,2,2,0,19,5,23,2019-2020
534,0021900268,00,1610612765,DET,Detroit,46,12,15,8,24,9,1,14,12,14,2019-2020
535,0021900268,00,1610612766,CHA,Charlotte,40,7,10,7,24,9,0,10,5,10,2019-2020
536,0021900269,00,1610612761,TOR,Toronto,38,13,18,11,3,3,1,14,12,10,2019-2020
537,0021900269,00,1610612753,ORL,Orlando,34,14,10,11,3,3,2,24,10,18,2019-2020
538,0021900270,00,1610612749,MIL,Milwaukee,54,14,13,22,2,2,0,13,2,14,2019-2020
539,0021900270,00,1610612739,CLE,Cleveland,44,3,8,2,2,2,1,15,8,17,2019-2020
540,0021900271,00,1610612755,PHI,Philadelphia,36,12,6,7,4,3,0,16,12,18,2019-2020
541,0021900271,00,1610612752,NYK,New York,42,11,5,16,4,3,0,14,12,14,2019-2020
542,0021900272,00,1610612737,ATL,Atlanta,56,14,10,18,11,12,0,24,9,23,2019-2020
543,0021900272,00,1610612754,IND,Indiana,44,11,17,7,11,12,1,16,13,18,2019-2020
544,0021900273,00,1610612748,MIA,Miami,54,11,8,29,0,0,1,16,9,15,2019-2020
545,0021900273,00,1610612744,GSW,Golden State,34,11,7,0,0,0,0,9,8,14,2019-2020
546,0021900274,00,1610612762,UTA,Utah,48,17,8,9,14,8,2,7,9,2,2019-2020
547,0021900274,00,1610612763,MEM,Memphis,52,21,17,15,14,8,1,12,9,12,2019-2020
548,0021900275,00,1610612760,OKC,Oklahoma City,50,7,4,16,6,4,0,11,9,16,2019-2020
549,0021900275,00,1610612740,NOP,New Orleans,52,8,9,8,5,4,1,14,12,18,2019-2020
550,0021900276,00,1610612746,LAC,LA,44,12,6,8,7,13,1,15,8,16,2019-2020
551,0021900276,00,1610612759,SAS,San Antonio,38,7,22,19,7,13,2,11,6,15,2019-2020
552,0021900277,00,1610612756,PHX,Phoenix,44,20,8,10,15,11,0,10,7,8,2019-2020
553,0021900277,00,1610612742,DAL,Dallas,32,12,12,16,15,11,0,8,13,12,2019-2020
554,0021900278,00,1610612741,CHI,Chicago,40,18,19,7,2,7,0,11,13,3,2019-2020
555,0021900278,00,1610612757,POR,Portland,42,4,10,12,2,7,0,13,10,18,2019-2020
556,0021900279,00,1610612747,LAL,Los Angeles,56,20,28,39,1,0,1,19,9,17,2019-2020
557,0021900279,00,1610612764,WAS,Washington,36,10,12,11,1,0,2,19,8,18,2019-2020
558,0021900280,00,1610612743,DEN,Denver,46,4,7,17,3,6,1,17,9,18,2019-2020
559,0021900280,00,1610612758,SAC,Sacramento,52,16,8,3,3,6,2,16,13,18,2019-2020
560,0021900281,00,1610612755,PHI,Philadelphia,46,9,11,15,16,14,2,14,10,16,2019-2020
561,0021900281,00,1610612754,IND,Indiana,44,8,14,7,16,14,1,20,8,23,2019-2020
562,0021900282,00,1610612745,HOU,Houston,52,18,12,58,2,0,0,15,12,17,2019-2020
563,0021900282,00,1610612737,ATL,Atlanta,46,3,16,3,2,0,1,14,5,19,2019-2020
564,0021900283,00,1610612749,MIL,Milwaukee,54,6,34,44,0,0,0,7,3,8,2019-2020
565,0021900283,00,1610612766,CHA,Charlotte,36,18,17,0,0,0,0,12,4,19,2019-2020
566,0021900284,00,1610612751,BKN,Brooklyn,50,6,13,8,23,11,0,12,8,11,2019-2020
567,0021900284,00,1610612748,MIA,Miami,40,21,5,6,24,12,0,9,11,7,2019-2020
568,0021900285,00,1610612752,NYK,New York,42,12,10,9,15,11,2,16,16,20,2019-2020
569,0021900285,00,1610612738,BOS,Boston,42,17,17,11,15,11,1,14,11,12,2019-2020
570,0021900286,00,1610612750,MIN,Minnesota,40,14,9,5,16,9,0,16,6,19,2019-2020
571,0021900286,00,1610612763,MEM,Memphis,40,17,13,12,16,9,0,11,11,14,2019-2020
572,0021900287,00,1610612747,LAL,Los Angeles,58,10,28,10,8,6,0,17,5,20,2019-2020
573,0021900287,00,1610612742,DAL,Dallas,46,23,19,21,8,6,0,13,9,12,2019-2020
574,0021900288,00,1610612759,SAS,San Antonio,44,6,13,0,0,2,0,8,7,15,2019-2020
575,0021900288,00,1610612765,DET,Detroit,70,19,12,34,0,2,2,17,8,16,2019-2020
576,0021900289,00,1610612740,NOP,New Orleans,34,3,23,5,6,12,0,11,5,13,2019-2020
577,0021900289,00,1610612760,OKC,Oklahoma City,44,10,2,14,6,12,0,11,5,13,2019-2020
578,0021900290,00,1610612744,GSW,Golden State,48,16,18,4,15,7,2,12,11,21,2019-2020
579,0021900290,00,1610612753,ORL,Orlando,42,15,15,12,15,7,3,15,12,12,2019-2020
580,0021900291,00,1610612761,TOR,Toronto,46,7,21,40,1,2,0,14,5,18,2019-2020
581,0021900291,00,1610612762,UTA,Utah,46,21,15,4,1,2,0,18,8,21,2019-2020
582,0021900292,00,1610612746,LAC,LA,66,22,17,32,0,0,1,17,7,21,2019-2020
583,0021900292,00,1610612764,WAS,Washington,46,17,22,0,0,0,0,14,10,20,2019-2020
584,0021900293,00,1610612766,CHA,Charlotte,60,15,11,7,3,6,0,19,8,22,2019-2020
585,0021900293,00,1610612756,PHX,Phoenix,54,12,4,20,4,6,1,8,10,8,2019-2020
586,0021900294,00,1610612762,UTA,Utah,60,6,15,5,3,3,1,20,10,19,2019-2020
587,0021900294,00,1610612755,PHI,Philadelphia,36,13,17,26,3,3,1,15,12,12,2019-2020
588,0021900295,00,1610612744,GSW,Golden State,54,11,2,7,5,2,2,25,8,25,2019-2020
589,0021900295,00,1610612737,ATL,Atlanta,60,16,17,28,5,2,1,15,9,11,2019-2020
590,0021900296,00,1610612763,MEM,Memphis,54,12,6,6,3,4,1,12,7,9,2019-2020
591,0021900296,00,1610612754,IND,Indiana,32,13,10,16,3,4,0,15,9,27,2019-2020
592,0021900297,00,1610612749,MIL,Milwaukee,54,11,29,47,0,0,1,14,14,18,2019-2020
593,0021900297,00,1610612752,NYK,New York,30,3,17,0,0,0,0,10,11,15,2019-2020
594,0021900298,00,1610612758,SAC,Sacramento,46,11,11,11,1,2,0,18,7,23,2019-2020
595,0021900298,00,1610612741,CHI,Chicago,40,8,7,19,1,2,0,18,9,22,2019-2020
596,0021900299,00,1610612765,DET,Detroit,60,10,17,35,4,1,1,11,9,13,2019-2020
597,0021900299,00,1610612739,CLE,Cleveland,54,11,10,4,4,1,1,14,8,22,2019-2020
598,0021900300,00,1610612753,ORL,Orlando,42,11,0,18,2,2,0,13,10,21,2019-2020
599,0021900300,00,1610612764,WAS,Washington,60,8,8,1,2,2,0,10,4,18,2019-2020
600,0021900301,00,1610612748,MIA,Miami,50,13,13,11,9,7,3,14,8,10,2019-2020
601,0021900301,00,1610612761,TOR,Toronto,44,13,17,5,9,7,1,12,11,13,2019-2020
602,0021900302,00,1610612742,DAL,Dallas,34,23,8,23,7,5,2,12,8,10,2019-2020
603,0021900302,00,1610612740,NOP,New Orleans,48,8,12,11,7,5,0,11,9,18,2019-2020
604,0021900303,00,1610612759,SAS,San Antonio,66,14,17,5,7,9,1,21,15,16,2019-2020
605,0021900303,00,1610612745,HOU,Houston,44,26,18,22,6,8,0,17,6,14,2019-2020
606,0021900304,00,1610612743,DEN,Denver,44,9,6,5,3,1,0,11,7,9,2019-2020
607,0021900304,00,1610612747,LAL,Los Angeles,52,18,22,13,3,1,0,16,12,20,2019-2020
608,0021900305,00,1610612746,LAC,LA,46,15,15,24,6,10,1,11,14,9,2019-2020
609,0021900305,00,1610612757,POR,Portland,46,6,17,4,6,10,0,13,5,15,2019-2020
610,0021900306,00,1610612766,CHA,Charlotte,38,9,12,19,2,4,2,15,8,17,2019-2020
611,0021900306,00,1610612744,GSW,Golden State,44,9,9,2,2,4,0,16,8,23,2019-2020
612,0021900307,00,1610612765,DET,Detroit,54,10,13,4,3,2,1,12,7,17,2019-2020
613,0021900307,00,1610612749,MIL,Milwaukee,54,17,10,28,3,2,2,16,8,13,2019-2020
614,0021900308,00,1610612756,PHX,Phoenix,48,16,18,10,9,8,0,13,10,18,2019-2020
615,0021900308,00,1610612753,ORL,Orlando,50,19,9,24,9,8,0,19,8,18,2019-2020
616,0021900309,00,1610612751,BKN,Brooklyn,66,26,13,17,2,1,0,15,7,17,2019-2020
617,0021900309,00,1610612737,ATL,Atlanta,70,20,7,8,2,1,0,16,8,20,2019-2020
618,0021900310,00,1610612738,BOS,Boston,30,17,13,23,4,3,1,11,6,14,2019-2020
619,0021900310,00,1610612748,MIA,Miami,28,9,13,11,4,3,1,19,7,26,2019-2020
620,0021900311,00,1610612741,CHI,Chicago,32,9,14,22,0,0,1,21,8,20,2019-2020
621,0021900311,00,1610612763,MEM,Memphis,56,22,7,0,0,0,2,14,12,26,2019-2020
622,0021900312,00,1610612754,IND,Indiana,48,12,8,7,13,3,1,9,10,15,2019-2020
623,0021900312,00,1610612760,OKC,Oklahoma City,60,16,7,7,13,3,2,13,6,15,2019-2020
624,0021900313,00,1610612742,DAL,Dallas,52,18,12,13,4,3,1,9,9,9,2019-2020
625,0021900313,00,1610612750,MIN,Minnesota,36,22,11,11,4,3,1,13,8,23,2019-2020
626,0021900314,00,1610612747,LAL,Los Angeles,52,10,32,25,3,0,1,8,9,13,2019-2020
627,0021900314,00,1610612762,UTA,Utah,34,12,5,8,3,0,2,20,13,21,2019-2020
628,0021900315,00,1610612758,SAC,Sacramento,46,15,17,8,9,10,0,10,3,15,2019-2020
629,0021900315,00,1610612757,POR,Portland,52,9,28,11,9,10,0,12,8,17,2019-2020
630,0021900316,00,1610612755,PHI,Philadelphia,48,9,7,11,2,1,0,21,6,30,2019-2020
631,0021900316,00,1610612764,WAS,Washington,38,21,10,15,2,1,1,12,6,10,2019-2020
632,0021900317,00,1610612743,DEN,Denver,42,12,11,43,6,1,1,14,10,13,2019-2020
633,0021900317,00,1610612752,NYK,New York,50,9,6,6,6,1,0,14,12,18,2019-2020
634,0021900318,00,1610612745,HOU,Houston,28,24,23,16,2,8,1,23,8,22,2019-2020
635,0021900318,00,1610612761,TOR,Toronto,50,16,19,3,2,8,1,18,6,26,2019-2020
636,0021900319,00,1610612740,NOP,New Orleans,52,8,22,8,7,6,1,24,15,29,2019-2020
637,0021900319,00,1610612756,PHX,Phoenix,66,14,14,20,7,6,0,18,3,26,2019-2020
638,0021900320,00,1610612751,BKN,Brooklyn,50,10,16,14,9,7,2,18,9,19,2019-2020
639,0021900320,00,1610612766,CHA,Charlotte,32,15,8,7,9,7,0,19,6,32,2019-2020
640,0021900321,00,1610612753,ORL,Orlando,36,14,11,11,8,10,0,17,11,11,2019-2020
641,0021900321,00,1610612739,CLE,Cleveland,40,8,15,6,8,10,2,18,5,17,2019-2020
642,0021900322,00,1610612765,DET,Detroit,48,25,5,13,8,8,1,18,12,18,2019-2020
643,0021900322,00,1610612754,IND,Indiana,46,0,14,7,8,8,1,12,8,12,2019-2020
644,0021900323,00,1610612738,BOS,Boston,54,10,15,23,0,0,1,16,7,11,2019-2020
645,0021900323,00,1610612743,DEN,Denver,52,25,13,0,0,0,2,14,12,15,2019-2020
646,0021900324,00,1610612748,MIA,Miami,54,21,2,9,11,9,2,14,9,22,2019-2020
647,0021900324,00,1610612764,WAS,Washington,50,9,11,11,11,9,0,11,5,18,2019-2020
648,0021900325,00,1610612741,CHI,Chicago,40,19,11,9,11,10,1,15,3,14,2019-2020
649,0021900325,00,1610612744,GSW,Golden State,42,2,10,6,11,10,1,20,12,14,2019-2020
650,0021900326,00,1610612760,OKC,Oklahoma City,64,16,2,12,7,13,0,10,11,16,2019-2020
651,0021900326,00,1610612750,MIN,Minnesota,70,16,11,8,7,13,0,13,9,20,2019-2020
652,0021900327,00,1610612746,LAC,LA,38,14,9,4,4,1,0,21,10,29,2019-2020
653,0021900327,00,1610612749,MIL,Milwaukee,58,6,14,41,4,1,1,16,6,24,2019-2020
654,0021900328,00,1610612758,SAC,Sacramento,42,21,7,9,9,8,1,15,13,9,2019-2020
655,0021900328,00,1610612759,SAS,San Antonio,36,19,5,10,10,8,0,17,8,21,2019-2020
656,0021900329,00,1610612757,POR,Portland,46,4,12,3,6,3,0,15,6,23,2019-2020
657,0021900329,00,1610612747,LAL,Los Angeles,48,15,20,27,6,3,3,19,11,12,2019-2020
658,0021900330,00,1610612742,DAL,Dallas,60,16,11,50,4,5,1,13,8,10,2019-2020
659,0021900330,00,1610612740,NOP,New Orleans,50,4,14,2,4,5,1,15,10,22,2019-2020
660,0021900331,00,1610612754,IND,Indiana,44,4,4,11,10,8,1,17,7,18,2019-2020
661,0021900331,00,1610612752,NYK,New York,48,12,8,8,10,8,0,11,9,19,2019-2020
662,0021900332,00,1610612755,PHI,Philadelphia,82,12,30,53,0,0,0,8,7,9,2019-2020
663,0021900332,00,1610612739,CLE,Cleveland,52,14,7,0,0,0,1,18,11,29,2019-2020
664,0021900333,00,1610612745,HOU,Houston,58,7,18,13,8,10,1,16,10,17,2019-2020
665,0021900333,00,1610612756,PHX,Phoenix,44,17,9,11,8,10,1,16,12,18,2019-2020
666,0021900334,00,1610612763,MEM,Memphis,64,0,21,7,5,6,0,14,8,20,2019-2020
667,0021900334,00,1610612762,UTA,Utah,50,10,8,25,5,6,0,22,6,33,2019-2020
668,0021900335,00,1610612751,BKN,Brooklyn,66,9,4,8,18,6,2,13,10,10,2019-2020
669,0021900335,00,1610612743,DEN,Denver,22,3,6,4,17,6,1,13,12,19,2019-2020
670,0021900336,00,1610612737,ATL,Atlanta,48,16,11,22,14,10,1,14,6,20,2019-2020
671,0021900336,00,1610612766,CHA,Charlotte,50,14,11,7,14,10,0,11,9,15,2019-2020
672,0021900337,00,1610612741,CHI,Chicago,40,8,10,11,14,16,1,15,7,16,2019-2020
673,0021900337,00,1610612748,MIA,Miami,38,12,8,5,15,17,0,17,15,15,2019-2020
674,0021900338,00,1610612755,PHI,Philadelphia,44,8,12,21,2,4,3,21,7,28,2019-2020
675,0021900338,00,1610612761,TOR,Toronto,54,18,15,6,2,4,0,18,8,16,2019-2020
676,0021900339,00,1610612764,WAS,Washington,42,14,13,4,6,5,1,14,7,24,2019-2020
677,0021900339,00,1610612746,LAC,LA,46,14,9,21,6,5,2,12,16,27,2019-2020
678,0021900340,00,1610612758,SAC,Sacramento,50,10,16,24,0,2,3,11,7,20,2019-2020
679,0021900340,00,1610612742,DAL,Dallas,42,11,5,0,0,2,1,13,7,16,2019-2020
680,0021900341,00,1610612760,OKC,Oklahoma City,34,22,7,18,15,7,0,10,10,10,2019-2020
681,0021900341,00,1610612757,POR,Portland,42,11,6,2,15,7,0,8,9,8,2019-2020
682,0021900342,00,1610612747,LAL,Los Angeles,70,9,32,19,2,6,1,11,5,14,2019-2020
683,0021900342,00,1610612750,MIN,Minnesota,52,6,25,5,2,6,1,16,8,28,2019-2020
684,0021900343,00,1610612754,IND,Indiana,36,15,20,5,5,9,0,13,13,10,2019-2020
685,0021900343,00,1610612746,LAC,LA,56,15,13,24,5,9,1,12,9,11,2019-2020
686,0021900344,00,1610612739,CLE,Cleveland,52,24,10,0,0,0,0,18,12,18,2019-2020
687,0021900344,00,1610612738,BOS,Boston,46,8,17,29,0,0,0,18,5,18,2019-2020
688,0021900345,00,1610612741,CHI,Chicago,46,9,12,8,13,11,3,17,9,19,2019-2020
689,0021900345,00,1610612761,TOR,Toronto,48,15,11,6,14,11,2,17,14,17,2019-2020
690,0021900346,00,1610612745,HOU,Houston,42,3,4,11,12,14,0,19,9,21,2019-2020
691,0021900346,00,1610612758,SAC,Sacramento,34,12,12,9,13,14,1,10,1,13,2019-2020
692,0021900347,00,1610612749,MIL,Milwaukee,46,16,13,18,5,5,1,15,10,22,2019-2020
693,0021900347,00,1610612753,ORL,Orlando,36,7,25,3,5,5,0,12,10,13,2019-2020
694,0021900348,00,1610612765,DET,Detroit,42,16,13,12,4,7,1,19,8,17,2019-2020
695,0021900348,00,1610612740,NOP,New Orleans,56,8,27,11,3,6,3,15,13,12,2019-2020
696,0021900349,00,1610612750,MIN,Minnesota,66,20,7,7,15,16,1,17,9,22,2019-2020
697,0021900349,00,1610612756,PHX,Phoenix,52,26,22,19,15,16,0,9,7,11,2019-2020
698,0021900350,00,1610612760,OKC,Oklahoma City,42,3,12,22,10,1,1,11,6,6,2019-2020
699,0021900350,00,1610612762,UTA,Utah,52,4,13,5,10,1,1,15,3,17,2019-2020
700,0021900351,00,1610612763,MEM,Memphis,44,5,25,15,3,1,2,20,9,19,2019-2020
701,0021900351,00,1610612744,GSW,Golden State,40,15,10,2,3,1,1,16,10,24,2019-2020
702,0021900352,00,1610612766,CHA,Charlotte,40,18,8,16,20,10,0,13,11,14,2019-2020
703,0021900352,00,1610612764,WAS,Washington,46,16,9,4,20,10,0,10,6,12,2019-2020
704,0021900353,00,1610612743,DEN,Denver,48,4,9,7,7,5,1,14,7,12,2019-2020
705,0021900353,00,1610612755,PHI,Philadelphia,38,16,19,14,7,5,2,17,12,15,2019-2020
706,0021900354,00,1610612737,ATL,Atlanta,44,11,0,8,11,10,1,12,10,14,2019-2020
707,0021900354,00,1610612748,MIA,Miami,68,14,15,16,11,10,1,12,14,17,2019-2020
708,0021900355,00,1610612752,NYK,New York,48,13,13,5,1,1,0,11,12,14,2019-2020
709,0021900355,00,1610612757,POR,Portland,34,10,14,32,1,1,0,12,7,9,2019-2020
710,0021900356,00,1610612745,HOU,Houston,48,10,20,14,6,3,0,13,6,23,2019-2020
711,0021900356,00,1610612739,CLE,Cleveland,54,15,13,11,6,3,2,17,12,30,2019-2020
712,0021900357,00,1610612738,BOS,Boston,48,9,9,10,19,12,0,15,8,24,2019-2020
713,0021900357,00,1610612754,IND,Indiana,46,5,22,13,19,12,0,10,11,17,2019-2020
714,0021900358,00,1610612747,LAL,Los Angeles,40,14,8,24,2,2,1,14,9,16,2019-2020
715,0021900358,00,1610612753,ORL,Orlando,48,9,14,1,2,2,1,15,13,14,2019-2020
716,0021900359,00,1610612746,LAC,LA,44,21,11,24,7,5,0,18,9,20,2019-2020
717,0021900359,00,1610612761,TOR,Toronto,40,20,12,6,7,5,0,18,5,12,2019-2020
718,0021900360,00,1610612766,CHA,Charlotte,36,17,16,5,6,6,0,8,6,9,2019-2020
719,0021900360,00,1610612751,BKN,Brooklyn,52,18,9,20,6,6,0,12,14,11,2019-2020
720,0021900361,00,1610612737,ATL,Atlanta,42,9,18,8,3,3,0,23,9,36,2019-2020
721,0021900361,00,1610612741,CHI,Chicago,78,4,33,35,3,3,0,13,5,13,2019-2020
722,0021900362,00,1610612762,UTA,Utah,48,13,0,20,2,6,1,16,4,14,2019-2020
723,0021900362,00,1610612750,MIN,Minnesota,48,15,7,1,2,6,1,12,6,12,2019-2020
724,0021900363,00,1610612763,MEM,Memphis,50,17,9,10,11,10,0,18,8,27,2019-2020
725,0021900363,00,1610612756,PHX,Phoenix,48,10,12,11,11,10,0,12,4,11,2019-2020
726,0021900364,00,1610612749,MIL,Milwaukee,48,12,15,28,2,2,1,15,3,17,2019-2020
727,0021900364,00,1610612740,NOP,New Orleans,36,14,22,1,2,2,0,21,9,20,2019-2020
728,0021900365,00,1610612760,OKC,Oklahoma City,38,7,12,14,6,6,3,18,7,14,2019-2020
729,0021900365,00,1610612758,SAC,Sacramento,48,13,14,6,7,6,1,16,13,18,2019-2020
730,0021900366,00,1610612744,GSW,Golden State,52,21,19,2,12,7,0,8,7,11,2019-2020
731,0021900366,00,1610612752,NYK,New York,54,15,17,22,12,7,1,19,11,27,2019-2020
732,0021900367,00,1610612755,PHI,Philadelphia,44,18,10,9,11,10,1,12,11,12,2019-2020
733,0021900367,00,1610612738,BOS,Boston,48,17,10,8,11,10,0,6,8,9,2019-2020
734,0021900368,00,1610612759,SAS,San Antonio,56,3,18,6,5,3,0,12,11,11,2019-2020
735,0021900368,00,1610612739,CLE,Cleveland,50,14,9,13,5,3,1,19,10,27,2019-2020
736,0021900369,00,1610612765,DET,Detroit,50,13,11,7,5,3,1,8,13,11,2019-2020
737,0021900369,00,1610612742,DAL,Dallas,50,18,16,24,5,3,0,11,7,16,2019-2020
738,0021900370,00,1610612743,DEN,Denver,38,18,6,18,6,2,1,11,10,14,2019-2020
739,0021900370,00,1610612757,POR,Portland,50,11,5,5,6,2,1,9,8,20,2019-2020
740,0021900371,00,1610612745,HOU,Houston,46,10,15,23,1,1,0,9,6,17,2019-2020
741,0021900371,00,1610612753,ORL,Orlando,44,10,11,6,1,1,1,7,9,12,2019-2020
742,0021900372,00,1610612755,PHI,Philadelphia,56,19,10,16,2,1,2,11,13,13,2019-2020
743,0021900372,00,1610612740,NOP,New Orleans,46,10,14,1,2,1,0,9,11,14,2019-2020
744,0021900373,00,1610612737,ATL,Atlanta,60,16,15,4,2,6,0,15,9,21,2019-2020
745,0021900373,00,1610612754,IND,Indiana,68,9,7,18,2,6,1,15,7,22,2019-2020
746,0021900374,00,1610612748,MIA,Miami,50,7,14,14,7,5,0,8,10,10,2019-2020
747,0021900374,00,1610612747,LAL,Los Angeles,50,14,13,11,7,5,0,19,10,29,2019-2020
748,0021900375,00,1610612741,CHI,Chicago,36,13,13,0,0,1,2,14,5,17,2019-2020
749,0021900375,00,1610612766,CHA,Charlotte,46,14,13,15,0,1,1,21,8,13,2019-2020
750,0021900376,00,1610612749,MIL,Milwaukee,54,14,21,16,14,6,0,17,8,27,2019-2020
751,0021900376,00,1610612763,MEM,Memphis,26,10,20,10,14,6,0,13,5,16,2019-2020
752,0021900377,00,1610612750,MIN,Minnesota,54,7,15,3,5,1,0,18,7,21,2019-2020
753,0021900377,00,1610612746,LAC,LA,38,8,7,27,5,1,0,19,6,10,2019-2020
754,0021900378,00,1610612758,SAC,Sacramento,32,9,5,16,2,2,1,14,5,19,2019-2020
755,0021900378,00,1610612752,NYK,New York,56,20,5,5,2,2,1,9,7,8,2019-2020
756,0021900379,00,1610612744,GSW,Golden State,40,16,4,13,14,12,0,12,7,10,2019-2020
757,0021900379,00,1610612762,UTA,Utah,42,5,11,8,14,12,0,13,8,12,2019-2020
758,0021900380,00,1610612759,SAS,San Antonio,54,18,21,11,10,10,0,11,7,11,2019-2020
759,0021900380,00,1610612756,PHX,Phoenix,54,11,18,10,9,9,0,10,8,19,2019-2020
760,0021900381,00,1610612751,BKN,Brooklyn,48,14,17,10,3,0,0,20,13,29,2019-2020
761,0021900381,00,1610612761,TOR,Toronto,38,8,32,16,3,0,0,11,9,10,2019-2020
762,0021900382,00,1610612741,CHI,Chicago,50,16,13,14,6,7,1,18,3,24,2019-2020
763,0021900382,00,1610612746,LAC,LA,46,10,8,15,5,6,0,15,10,18,2019-2020
764,0021900383,00,1610612763,MEM,Memphis,70,11,22,24,11,7,1,24,12,21,2019-2020
765,0021900383,00,1610612764,WAS,Washington,38,8,15,7,11,7,0,18,3,20,2019-2020
766,0021900384,00,1610612748,MIA,Miami,42,8,20,24,6,1,2,10,13,17,2019-2020
767,0021900384,00,1610612742,DAL,Dallas,44,12,10,4,5,1,0,11,10,12,2019-2020
768,0021900385,00,1610612749,MIL,Milwaukee,58,12,35,28,4,1,0,12,6,19,2019-2020
769,0021900385,00,1610612739,CLE,Cleveland,40,12,15,1,4,1,0,18,7,21,2019-2020
770,0021900386,00,1610612745,HOU,Houston,54,17,6,4,5,2,0,11,9,16,2019-2020
771,0021900386,00,1610612765,DET,Detroit,48,11,26,16,5,2,0,14,12,19,2019-2020
772,0021900387,00,1610612760,OKC,Oklahoma City,52,4,8,2,1,1,0,15,5,27,2019-2020
773,0021900387,00,1610612743,DEN,Denver,58,14,12,16,1,1,1,16,8,12,2019-2020
774,0021900388,00,1610612740,NOP,New Orleans,42,17,18,7,9,10,0,17,6,26,2019-2020
775,0021900388,00,1610612753,ORL,Orlando,48,11,22,25,9,10,1,10,10,12,2019-2020
776,0021900389,00,1610612766,CHA,Charlotte,42,23,12,5,3,2,2,12,13,16,2019-2020
777,0021900389,00,1610612754,IND,Indiana,44,12,15,24,3,2,0,9,5,9,2019-2020
778,0021900390,00,1610612747,LAL,Los Angeles,54,3,18,11,6,9,0,22,9,15,2019-2020
779,0021900390,00,1610612737,ATL,Atlanta,34,8,19,4,6,9,1,20,8,22,2019-2020
780,0021900391,00,1610612751,BKN,Brooklyn,64,15,23,26,4,3,0,16,10,14,2019-2020
781,0021900391,00,1610612755,PHI,Philadelphia,54,12,8,3,4,3,0,16,12,21,2019-2020
782,0021900392,00,1610612743,DEN,Denver,58,22,14,20,6,3,0,9,6,10,2019-2020
783,0021900392,00,1610612752,NYK,New York,56,15,12,5,6,3,0,11,6,11,2019-2020
784,0021900393,00,1610612758,SAC,Sacramento,46,6,10,25,5,4,2,29,6,26,2019-2020
785,0021900393,00,1610612744,GSW,Golden State,44,5,4,3,5,4,1,21,9,29,2019-2020
786,0021900394,00,1610612765,DET,Detroit,46,18,10,3,1,1,0,14,15,14,2019-2020
787,0021900394,00,1610612764,WAS,Washington,42,11,7,16,1,1,1,16,12,15,2019-2020
788,0021900395,00,1610612761,TOR,Toronto,58,9,29,20,1,2,0,7,4,9,2019-2020
789,0021900395,00,1610612739,CLE,Cleveland,56,16,4,3,1,2,1,11,7,18,2019-2020
790,0021900396,00,1610612745,HOU,Houston,56,14,13,4,4,4,1,13,8,21,2019-2020
791,0021900396,00,1610612759,SAS,San Antonio,34,6,12,25,4,4,0,18,3,15,2019-2020
792,0021900397,00,1610612763,MEM,Memphis,54,16,9,17,2,3,2,17,11,21,2019-2020
793,0021900397,00,1610612748,MIA,Miami,40,9,11,3,2,3,0,14,11,17,2019-2020
794,0021900398,00,1610612749,MIL,Milwaukee,58,15,27,7,5,2,1,9,8,7,2019-2020
795,0021900398,00,1610612742,DAL,Dallas,36,17,11,16,5,2,0,14,8,6,2019-2020
796,0021900399,00,1610612760,OKC,Oklahoma City,36,10,6,4,2,3,0,26,6,39,2019-2020
797,0021900399,00,1610612741,CHI,Chicago,58,6,14,26,2,3,1,14,6,22,2019-2020
798,0021900400,00,1610612756,PHX,Phoenix,48,8,8,16,10,1,1,21,9,28,2019-2020
799,0021900400,00,1610612757,POR,Portland,48,11,18,7,11,2,0,20,5,23,2019-2020
800,0021900401,00,1610612766,CHA,Charlotte,52,17,10,13,4,6,3,19,11,20,2019-2020
801,0021900401,00,1610612758,SAC,Sacramento,42,15,3,2,4,6,0,10,9,6,2019-2020
802,0021900402,00,1610612747,LAL,Los Angeles,62,18,10,10,5,7,0,13,9,11,2019-2020
803,0021900402,00,1610612754,IND,Indiana,50,17,8,9,5,7,1,13,14,18,2019-2020
804,0021900403,00,1610612737,ATL,Atlanta,52,10,12,3,1,5,1,11,11,18,2019-2020
805,0021900403,00,1610612752,NYK,New York,72,17,10,31,1,5,1,12,6,17,2019-2020
806,0021900404,00,1610612751,BKN,Brooklyn,58,8,4,7,14,13,2,13,13,13,2019-2020
807,0021900404,00,1610612740,NOP,New Orleans,40,13,16,8,14,13,1,9,15,15,2019-2020
808,0021900405,00,1610612753,ORL,Orlando,54,2,17,7,4,5,0,3,4,2,2019-2020
809,0021900405,00,1610612762,UTA,Utah,52,9,17,18,4,5,0,14,6,11,2019-2020
810,0021900406,00,1610612746,LAC,LA,54,8,21,23,2,5,1,16,11,14,2019-2020
811,0021900406,00,1610612756,PHX,Phoenix,42,15,22,3,2,5,1,20,9,16,2019-2020
812,0021900407,00,1610612739,CLE,Cleveland,58,13,13,24,0,0,2,25,11,28,2019-2020
813,0021900407,00,1610612766,CHA,Charlotte,48,18,7,0,0,0,0,9,5,8,2019-2020
814,0021900408,00,1610612765,DET,Detroit,62,16,10,3,11,9,0,15,7,17,2019-2020
815,0021900408,00,1610612761,TOR,Toronto,42,15,15,18,11,9,0,12,8,10,2019-2020
816,0021900409,00,1610612741,CHI,Chicago,46,16,7,7,6,8,0,15,6,15,2019-2020
817,0021900409,00,1610612764,WAS,Washington,28,26,7,18,5,8,2,16,13,21,2019-2020
818,0021900410,00,1610612748,MIA,Miami,46,14,14,16,1,0,4,16,9,11,2019-2020
819,0021900410,00,1610612755,PHI,Philadelphia,48,17,16,12,1,0,0,13,6,17,2019-2020
820,0021900411,00,1610612750,MIN,Minnesota,46,9,6,7,1,2,1,11,15,11,2019-2020
821,0021900411,00,1610612740,NOP,New Orleans,36,13,10,18,1,2,2,19,8,11,2019-2020
822,0021900412,00,1610612763,MEM,Memphis,74,8,2,24,9,11,2,15,6,18,2019-2020
823,0021900412,00,1610612760,OKC,Oklahoma City,58,13,10,4,9,11,0,12,9,13,2019-2020
824,0021900413,00,1610612742,DAL,Dallas,26,12,10,10,7,9,1,8,5,14,2019-2020
825,0021900413,00,1610612738,BOS,Boston,34,8,21,12,7,9,1,16,11,13,2019-2020
826,0021900414,00,1610612753,ORL,Orlando,46,8,9,19,8,6,1,13,6,19,2019-2020
827,0021900414,00,1610612743,DEN,Denver,48,12,17,11,8,6,2,19,6,18,2019-2020
828,0021900415,00,1610612744,GSW,Golden State,48,21,16,7,3,3,0,8,10,14,2019-2020
829,0021900415,00,1610612757,POR,Portland,54,9,18,13,3,3,1,11,10,17,2019-2020
830,0021900416,00,1610612762,UTA,Utah,62,14,16,6,22,12,1,19,6,17,2019-2020
831,0021900416,00,1610612737,ATL,Atlanta,46,4,15,11,22,12,0,16,9,21,2019-2020
832,0021900417,00,1610612747,LAL,Los Angeles,42,7,14,3,5,0,1,19,7,15,2019-2020
833,0021900417,00,1610612749,MIL,Milwaukee,34,10,11,21,5,0,1,14,13,17,2019-2020
834,0021900418,00,1610612759,SAS,San Antonio,26,13,14,13,1,1,0,11,7,17,2019-2020
835,0021900418,00,1610612751,BKN,Brooklyn,52,11,12,14,1,1,0,18,6,25,2019-2020
836,0021900419,00,1610612746,LAC,LA,44,7,16,17,14,7,0,18,8,30,2019-2020
837,0021900419,00,1610612745,HOU,Houston,52,12,15,12,14,7,0,18,8,26,2019-2020
838,0021900420,00,1610612763,MEM,Memphis,56,8,23,12,24,16,0,7,5,11,2019-2020
839,0021900420,00,1610612739,CLE,Cleveland,34,20,14,8,25,16,2,16,7,22,2019-2020
840,0021900421,00,1610612758,SAC,Sacramento,48,23,11,6,7,3,2,12,9,16,2019-2020
841,0021900421,00,1610612754,IND,Indiana,42,6,14,23,7,3,0,9,7,11,2019-2020
842,0021900422,00,1610612765,DET,Detroit,34,18,12,4,5,4,1,25,11,32,2019-2020
843,0021900422,00,1610612738,BOS,Boston,58,12,15,27,5,4,0,20,5,22,2019-2020
844,0021900423,00,1610612764,WAS,Washington,36,15,25,2,1,3,2,15,11,14,2019-2020
845,0021900423,00,1610612761,TOR,Toronto,40,9,16,18,1,3,0,17,13,20,2019-2020
846,0021900424,00,1610612748,MIA,Miami,42,16,10,34,0,1,1,18,6,26,2019-2020
847,0021900424,00,1610612752,NYK,New York,44,17,10,0,0,1,0,8,9,6,2019-2020
848,0021900425,00,1610612742,DAL,Dallas,48,6,17,19,3,0,0,16,4,19,2019-2020
849,0021900425,00,1610612755,PHI,Philadelphia,38,8,18,8,3,0,0,15,4,23,2019-2020
850,0021900426,00,1610612760,OKC,Oklahoma City,58,11,4,20,3,4,0,15,6,16,2019-2020
851,0021900426,00,1610612756,PHX,Phoenix,38,9,6,5,3,4,1,16,8,24,2019-2020
852,0021900427,00,1610612743,DEN,Denver,56,12,11,19,0,1,1,16,8,16,2019-2020
853,0021900427,00,1610612750,MIN,Minnesota,48,12,9,0,0,1,0,14,8,22,2019-2020
854,0021900428,00,1610612757,POR,Portland,30,9,21,21,2,3,1,21,4,14,2019-2020
855,0021900428,00,1610612753,ORL,Orlando,52,20,11,2,2,3,0,10,13,11,2019-2020
856,0021900429,00,1610612744,GSW,Golden State,32,10,19,20,2,7,1,18,3,19,2019-2020
857,0021900429,00,1610612740,NOP,New Orleans,46,16,15,6,2,7,1,18,12,17,2019-2020
858,0021900430,00,1610612762,UTA,Utah,36,12,3,9,6,13,0,21,5,24,2019-2020
859,0021900430,00,1610612766,CHA,Charlotte,48,19,15,12,6,13,0,14,5,16,2019-2020
860,0021900431,00,1610612751,BKN,Brooklyn,66,17,16,10,9,5,1,16,15,16,2019-2020
861,0021900431,00,1610612737,ATL,Atlanta,50,13,17,18,9,5,0,10,5,22,2019-2020
862,0021900432,00,1610612765,DET,Detroit,46,13,8,7,14,6,0,16,5,19,2019-2020
863,0021900432,00,1610612741,CHI,Chicago,42,14,19,12,14,6,3,21,9,23,2019-2020
864,0021900433,00,1610612755,PHI,Philadelphia,54,17,19,23,1,3,0,14,10,11,2019-2020
865,0021900433,00,1610612764,WAS,Washington,46,15,15,2,1,3,0,11,9,12,2019-2020
866,0021900434,00,1610612749,MIL,Milwaukee,32,20,19,29,0,0,0,19,12,10,2019-2020
867,0021900434,00,1610612752,NYK,New York,42,9,5,0,0,0,1,15,9,20,2019-2020
868,0021900435,00,1610612758,SAC,Sacramento,60,29,17,7,3,4,1,13,11,13,2019-2020
869,0021900435,00,1610612763,MEM,Memphis,40,5,20,17,3,4,0,14,5,22,2019-2020
870,0021900436,00,1610612759,SAS,San Antonio,40,4,13,4,11,10,0,18,7,36,2019-2020
871,0021900436,00,1610612746,LAC,LA,74,23,26,33,11,10,1,12,8,17,2019-2020
872,0021900437,00,1610612756,PHX,Phoenix,64,14,11,5,3,5,2,10,12,16,2019-2020
873,0021900437,00,1610612745,HOU,Houston,50,6,13,20,3,5,0,10,2,14,2019-2020
874,0021900438,00,1610612757,POR,Portland,42,16,10,11,4,5,1,15,16,10,2019-2020
875,0021900438,00,1610612750,MIN,Minnesota,40,7,7,1,4,5,1,17,9,20,2019-2020
876,0021900439,00,1610612742,DAL,Dallas,30,17,10,30,3,6,0,17,8,18,2019-2020
877,0021900439,00,1610612761,TOR,Toronto,50,17,17,12,4,6,2,12,10,12,2019-2020
878,0021900440,00,1610612766,CHA,Charlotte,44,2,2,8,8,1,3,6,7,10,2019-2020
879,0021900440,00,1610612738,BOS,Boston,56,16,10,26,8,1,2,13,9,18,2019-2020
880,0021900441,00,1610612754,IND,Indiana,34,15,14,10,13,5,0,13,9,11,2019-2020
881,0021900441,00,1610612749,MIL,Milwaukee,48,21,18,28,13,5,1,10,10,5,2019-2020
882,0021900442,00,1610612760,OKC,Oklahoma City,60,13,4,8,10,4,0,12,4,16,2019-2020
883,0021900442,00,1610612746,LAC,LA,40,8,3,18,10,4,2,17,8,27,2019-2020
884,0021900443,00,1610612747,LAL,Los Angeles,56,22,9,5,12,8,0,19,5,24,2019-2020
885,0021900443,00,1610612743,DEN,Denver,62,20,22,26,12,8,2,10,6,9,2019-2020
886,0021900444,00,1610612739,CLE,Cleveland,66,17,10,14,10,6,0,23,12,32,2019-2020
887,0021900444,00,1610612737,ATL,Atlanta,46,7,12,4,10,6,0,16,10,17,2019-2020
888,0021900445,00,1610612755,PHI,Philadelphia,62,14,13,22,12,4,0,12,3,17,2019-2020
889,0021900445,00,1610612765,DET,Detroit,54,10,15,2,12,4,1,14,10,22,2019-2020
890,0021900446,00,1610612754,IND,Indiana,38,9,12,15,11,6,2,14,10,15,2019-2020
891,0021900446,00,1610612761,TOR,Toronto,46,13,24,5,11,6,0,16,10,22,2019-2020
892,0021900447,00,1610612764,WAS,Washington,56,24,12,20,8,3,1,9,21,11,2019-2020
893,0021900447,00,1610612752,NYK,New York,50,18,10,13,8,3,0,14,5,15,2019-2020
894,0021900448,00,1610612753,ORL,Orlando,48,8,12,8,3,7,0,13,7,13,2019-2020
895,0021900448,00,1610612741,CHI,Chicago,38,7,6,9,3,7,2,17,6,17,2019-2020
896,0021900449,00,1610612762,UTA,Utah,50,10,7,7,11,9,1,12,2,12,2019-2020
897,0021900449,00,1610612748,MIA,Miami,46,13,13,10,11,9,0,14,8,18,2019-2020
898,0021900450,00,1610612759,SAS,San Antonio,60,7,21,30,4,0,0,12,5,16,2019-2020
899,0021900450,00,1610612763,MEM,Memphis,56,19,17,2,4,0,0,13,4,17,2019-2020
900,0021900451,00,1610612756,PHX,Phoenix,48,12,15,9,15,5,0,17,6,23,2019-2020
901,0021900451,00,1610612743,DEN,Denver,42,3,4,16,15,5,0,21,4,20,2019-2020
902,0021900452,00,1610612757,POR,Portland,48,12,12,10,19,11,0,11,7,13,2019-2020
903,0021900452,00,1610612740,NOP,New Orleans,36,12,14,10,19,11,1,13,6,14,2019-2020
904,0021900453,00,1610612745,HOU,Houston,46,9,15,25,0,1,0,11,4,17,2019-2020
905,0021900453,00,1610612758,SAC,Sacramento,62,14,23,0,0,1,2,19,13,19,2019-2020
906,0021900454,00,1610612744,GSW,Golden State,48,19,22,24,4,6,1,20,7,28,2019-2020
907,0021900454,00,1610612750,MIN,Minnesota,40,12,25,4,4,6,0,16,10,18,2019-2020
908,0021900455,00,1610612761,TOR,Toronto,54,4,12,10,1,0,0,17,5,20,2019-2020
909,0021900455,00,1610612738,BOS,Boston,52,24,15,22,1,0,0,19,10,21,2019-2020
910,0021900456,00,1610612755,PHI,Philadelphia,34,16,18,29,3,4,1,8,8,11,2019-2020
911,0021900456,00,1610612749,MIL,Milwaukee,54,13,16,3,3,4,0,10,8,7,2019-2020
912,0021900457,00,1610612744,GSW,Golden State,52,13,18,16,8,6,0,16,7,13,2019-2020
913,0021900457,00,1610612745,HOU,Houston,34,12,14,13,8,6,0,12,4,12,2019-2020
914,0021900458,00,1610612746,LAC,LA,54,14,21,5,16,10,0,16,14,15,2019-2020
915,0021900458,00,1610612747,LAL,Los Angeles,42,12,20,15,16,10,0,13,10,19,2019-2020
916,0021900459,00,1610612740,NOP,New Orleans,32,20,12,15,6,7,1,19,5,27,2019-2020
917,0021900459,00,1610612743,DEN,Denver,46,22,19,6,6,7,0,12,11,14,2019-2020
918,0021900460,00,1610612764,WAS,Washington,52,18,7,2,2,1,0,12,6,14,2019-2020
919,0021900460,00,1610612765,DET,Detroit,44,16,10,34,2,1,1,15,9,13,2019-2020
920,0021900461,00,1610612751,BKN,Brooklyn,14,10,6,6,5,2,0,13,9,17,2019-2020
921,0021900461,00,1610612752,NYK,New York,36,14,3,23,5,2,1,14,6,12,2019-2020
922,0021900462,00,1610612763,MEM,Memphis,66,10,23,20,1,3,1,16,5,22,2019-2020
923,0021900462,00,1610612760,OKC,Oklahoma City,44,17,6,6,1,3,0,9,8,11,2019-2020
924,0021900463,00,1610612742,DAL,Dallas,36,12,8,17,14,7,0,14,5,16,2019-2020
925,0021900463,00,1610612759,SAS,San Antonio,42,4,22,4,14,7,0,13,3,24,2019-2020
926,0021900464,00,1610612758,SAC,Sacramento,48,15,5,9,7,9,0,12,8,13,2019-2020
927,0021900464,00,1610612750,MIN,Minnesota,50,14,2,6,7,9,2,15,8,23,2019-2020
928,0021900465,00,1610612757,POR,Portland,34,13,7,0,0,0,0,12,6,17,2019-2020
929,0021900465,00,1610612762,UTA,Utah,60,13,4,23,0,0,1,11,3,21,2019-2020
930,0021900466,00,1610612738,BOS,Boston,60,18,22,23,2,6,0,11,7,15,2019-2020
931,0021900466,00,1610612739,CLE,Cleveland,60,8,19,2,2,6,0,11,10,13,2019-2020
932,0021900467,00,1610612760,OKC,Oklahoma City,50,6,16,16,5,4,0,14,15,15,2019-2020
933,0021900467,00,1610612766,CHA,Charlotte,66,14,11,6,5,4,0,15,9,23,2019-2020
934,0021900468,00,1610612755,PHI,Philadelphia,32,14,15,8,16,8,1,16,11,12,2019-2020
935,0021900468,00,1610612753,ORL,Orlando,44,11,7,11,16,8,1,16,12,12,2019-2020
936,0021900469,00,1610612749,MIL,Milwaukee,56,11,10,32,0,0,0,18,6,13,2019-2020
937,0021900469,00,1610612737,ATL,Atlanta,32,6,11,0,0,0,0,18,5,20,2019-2020
938,0021900470,00,1610612748,MIA,Miami,38,15,11,9,20,8,0,13,4,15,2019-2020
939,0021900470,00,1610612754,IND,Indiana,38,4,21,9,19,8,0,4,5,2,2019-2020
940,0021900471,00,1610612756,PHX,Phoenix,42,20,14,13,7,1,1,27,6,28,2019-2020
941,0021900471,00,1610612744,GSW,Golden State,40,17,10,9,7,1,1,11,8,7,2019-2020
942,0021900472,00,1610612743,DEN,Denver,66,15,9,23,0,0,0,10,9,11,2019-2020
943,0021900472,00,1610612763,MEM,Memphis,58,10,8,0,0,0,0,17,7,16,2019-2020
944,0021900473,00,1610612738,BOS,Boston,46,5,18,0,0,4,1,15,10,14,2019-2020
945,0021900473,00,1610612761,TOR,Toronto,52,23,11,17,0,4,0,22,7,31,2019-2020
946,0021900474,00,1610612754,IND,Indiana,50,13,12,13,7,5,0,18,7,24,2019-2020
947,0021900474,00,1610612740,NOP,New Orleans,40,15,20,26,7,5,1,13,7,10,2019-2020
948,0021900475,00,1610612748,MIA,Miami,48,10,15,10,10,11,0,8,12,14,2019-2020
949,0021900475,00,1610612755,PHI,Philadelphia,46,8,17,8,10,11,2,11,10,21,2019-2020
950,0021900476,00,1610612752,NYK,New York,44,9,6,15,19,6,1,22,8,28,2019-2020
951,0021900476,00,1610612764,WAS,Washington,38,13,14,5,19,6,1,12,10,10,2019-2020
952,0021900477,00,1610612741,CHI,Chicago,48,10,25,35,1,0,0,17,7,18,2019-2020
953,0021900477,00,1610612737,ATL,Atlanta,40,13,8,4,1,0,2,21,8,26,2019-2020
954,0021900478,00,1610612751,BKN,Brooklyn,48,16,14,3,9,2,0,15,15,16,2019-2020
955,0021900478,00,1610612745,HOU,Houston,48,14,6,22,9,2,0,14,13,8,2019-2020
956,0021900479,00,1610612739,CLE,Cleveland,44,15,6,12,3,2,1,29,14,27,2019-2020
957,0021900479,00,1610612750,MIN,Minnesota,50,17,15,2,3,2,0,18,6,12,2019-2020
958,0021900480,00,1610612749,MIL,Milwaukee,40,14,18,19,5,2,2,25,6,29,2019-2020
959,0021900480,00,1610612753,ORL,Orlando,28,8,14,2,5,2,0,11,4,11,2019-2020
960,0021900481,00,1610612765,DET,Detroit,54,12,21,6,6,6,0,11,11,16,2019-2020
961,0021900481,00,1610612759,SAS,San Antonio,52,10,17,29,6,6,0,11,4,17,2019-2020
962,0021900482,00,1610612742,DAL,Dallas,44,17,14,30,11,8,0,13,4,9,2019-2020
963,0021900482,00,1610612744,GSW,Golden State,40,11,23,9,11,8,0,13,4,12,2019-2020
964,0021900483,00,1610612756,PHX,Phoenix,46,4,16,14,12,8,1,14,7,15,2019-2020
965,0021900483,00,1610612758,SAC,Sacramento,52,15,5,4,12,8,0,12,11,17,2019-2020
966,0021900484,00,1610612747,LAL,Los Angeles,60,9,21,13,12,12,2,11,6,8,2019-2020
967,0021900484,00,1610612757,POR,Portland,40,16,8,4,12,12,0,16,9,15,2019-2020
968,0021900485,00,1610612762,UTA,Utah,46,11,19,13,5,6,1,13,9,18,2019-2020
969,0021900485,00,1610612746,LAC,LA,40,19,14,13,5,6,1,8,5,17,2019-2020
970,0021900486,00,1610612760,OKC,Oklahoma City,40,13,9,8,20,10,0,17,5,13,2019-2020
971,0021900486,00,1610612761,TOR,Toronto,36,11,8,8,19,10,3,17,5,21,2019-2020
972,0021900487,00,1610612766,CHA,Charlotte,54,8,9,2,1,1,0,14,11,12,2019-2020
973,0021900487,00,1610612763,MEM,Memphis,64,19,13,20,1,1,0,14,4,17,2019-2020
974,0021900488,00,1610612740,NOP,New Orleans,52,23,28,19,7,7,0,9,9,11,2019-2020
975,0021900488,00,1610612745,HOU,Houston,52,10,4,9,7,7,0,17,6,23,2019-2020
976,0021900489,00,1610612743,DEN,Denver,52,18,8,14,4,4,0,12,6,17,2019-2020
977,0021900489,00,1610612758,SAC,Sacramento,54,11,2,7,4,4,2,14,9,22,2019-2020
978,0021900490,00,1610612742,DAL,Dallas,32,11,17,2,3,4,1,19,7,25,2019-2020
979,0021900490,00,1610612747,LAL,Los Angeles,54,10,18,17,3,4,0,16,13,14,2019-2020
980,0021900491,00,1610612737,ATL,Atlanta,50,9,8,12,4,8,1,21,5,21,2019-2020
981,0021900491,00,1610612753,ORL,Orlando,50,17,9,18,4,8,0,9,10,17,2019-2020
982,0021900492,00,1610612764,WAS,Washington,46,12,18,20,3,2,1,10,8,8,2019-2020
983,0021900492,00,1610612748,MIA,Miami,46,12,3,13,3,2,1,19,9,27,2019-2020
984,0021900493,00,1610612749,MIL,Milwaukee,50,10,16,24,2,1,2,18,4,9,2019-2020
985,0021900493,00,1610612741,CHI,Chicago,42,11,10,1,2,1,0,10,6,18,2019-2020
986,0021900494,00,1610612751,BKN,Brooklyn,46,7,13,9,3,10,1,17,8,15,2019-2020
987,0021900494,00,1610612750,MIN,Minnesota,42,15,4,9,3,10,0,14,10,15,2019-2020
988,0021900495,00,1610612765,DET,Detroit,46,9,11,8,5,3,0,17,6,25,2019-2020
989,0021900495,00,1610612762,UTA,Utah,52,9,15,23,5,3,1,15,8,16,2019-2020
990,0021900496,00,1610612757,POR,Portland,48,11,5,19,2,0,1,9,9,9,2019-2020
991,0021900496,00,1610612756,PHX,Phoenix,46,15,19,6,2,0,2,11,10,10,2019-2020
992,0021900497,00,1610612766,CHA,Charlotte,42,8,12,5,3,2,0,17,9,11,2019-2020
993,0021900497,00,1610612738,BOS,Boston,54,14,6,22,3,2,3,13,8,9,2019-2020
994,0021900498,00,1610612755,PHI,Philadelphia,46,13,8,5,7,6,3,15,11,25,2019-2020
995,0021900498,00,1610612754,IND,Indiana,54,18,10,36,7,6,0,6,11,7,2019-2020
996,0021900499,00,1610612758,SAC,Sacramento,38,12,12,5,3,1,1,16,8,22,2019-2020
997,0021900499,00,1610612746,LAC,LA,30,17,11,19,3,1,1,12,6,11,2019-2020
998,0021900500,00,1610612761,TOR,Toronto,40,14,8,21,10,5,1,12,5,14,2019-2020
999,0021900500,00,1610612739,CLE,Cleveland,38,17,4,3,10,5,1,15,11,22,2019-2020
1000,0021900501,00,1610612745,HOU,Houston,60,15,24,28,9,0,0,15,15,19,2019-2020
1001,0021900501,00,1610612743,DEN,Denver,60,20,9,5,9,0,0,16,8,22,2019-2020
1002,0021900502,00,1610612759,SAS,San Antonio,50,23,24,7,10,12,0,10,8,9,2019-2020
1003,0021900502,00,1610612744,GSW,Golden State,46,11,8,10,10,12,1,9,7,14,2019-2020
1004,0021900503,00,1610612760,OKC,Oklahoma City,42,18,7,6,4,7,1,12,10,15,2019-2020
1005,0021900503,00,1610612742,DAL,Dallas,36,12,5,12,3,7,1,11,10,11,2019-2020
1006,0021900504,00,1610612764,WAS,Washington,36,14,15,2,8,3,0,13,7,14,2019-2020
1007,0021900504,00,1610612753,ORL,Orlando,54,20,13,25,8,3,0,9,11,6,2019-2020
1008,0021900505,00,1610612752,NYK,New York,54,17,9,29,8,6,0,7,11,8,2019-2020
1009,0021900505,00,1610612757,POR,Portland,32,11,3,7,8,6,1,9,6,9,2019-2020
1010,0021900506,00,1610612749,MIL,Milwaukee,54,12,20,10,7,6,0,17,7,19,2019-2020
1011,0021900506,00,1610612750,MIN,Minnesota,32,13,11,9,7,6,1,12,12,15,2019-2020
1012,0021900507,00,1610612756,PHX,Phoenix,54,11,19,0,0,0,1,15,6,20,2019-2020
1013,0021900507,00,1610612747,LAL,Los Angeles,52,10,17,36,0,0,1,13,9,15,2019-2020
1014,0021900508,00,1610612766,CHA,Charlotte,44,4,10,5,7,9,0,11,6,11,2019-2020
1015,0021900508,00,1610612739,CLE,Cleveland,54,6,12,11,7,9,1,15,6,20,2019-2020
1016,0021900509,00,1610612743,DEN,Denver,66,19,18,10,7,4,0,10,5,15,2019-2020
1017,0021900509,00,1610612754,IND,Indiana,50,12,11,14,7,4,0,9,4,10,2019-2020
1018,0021900510,00,1610612748,MIA,Miami,36,10,4,13,6,5,3,17,10,16,2019-2020
1019,0021900510,00,1610612761,TOR,Toronto,42,16,2,4,6,5,1,11,9,13,2019-2020
1020,0021900511,00,1610612741,CHI,Chicago,46,16,9,11,13,6,1,11,10,11,2019-2020
1021,0021900511,00,1610612762,UTA,Utah,46,11,5,11,13,6,0,17,8,21,2019-2020
1022,0021900512,00,1610612750,MIN,Minnesota,42,20,10,22,5,1,3,15,10,9,2019-2020
1023,0021900512,00,1610612744,GSW,Golden State,38,4,6,3,5,1,1,17,9,19,2019-2020
1024,0021900513,00,1610612742,DAL,Dallas,44,12,19,15,12,9,1,14,6,16,2019-2020
1025,0021900513,00,1610612751,BKN,Brooklyn,56,17,17,10,12,9,1,12,2,18,2019-2020
1026,0021900514,00,1610612760,OKC,Oklahoma City,52,12,16,10,14,9,0,4,11,2,2019-2020
1027,0021900514,00,1610612759,SAS,San Antonio,42,11,14,14,14,9,1,9,7,15,2019-2020
1028,0021900515,00,1610612763,MEM,Memphis,62,10,23,20,14,7,0,17,8,18,2019-2020
1029,0021900515,00,1610612758,SAC,Sacramento,50,18,23,8,14,7,1,13,9,19,2019-2020
1030,0021900516,00,1610612765,DET,Detroit,64,16,24,9,15,12,0,11,12,15,2019-2020
1031,0021900516,00,1610612746,LAC,LA,62,11,17,31,15,12,0,15,4,26,2019-2020
