,GID,GAME_ID,HOME_TEAM_ID,VISITOR_TEAM_ID,GAME_DATE_EST,HOME_TEAM_WINS,HOME_TEAM_LOSSES,SERIES_LEADER,SEASON
0,0028100001,0028100001,1610612738,1610612764,1981-10-30T00:00:00,6,0,Boston,1981-1982
1,0028100002,0028100002,1610612757,1610612756,1981-10-30T00:00:00,3,3,Tied,1981-1982
2,0028100003,0028100003,1610612765,1610612749,1981-10-30T00:00:00,2,4,Milwaukee,1981-1982
3,0028100004,0028100004,1610612758,1610612759,1981-10-30T00:00:00,1,5,San Antonio,1981-1982
4,0028100005,0028100005,1610612751,1610612752,1981-10-30T00:00:00,4,2,New Jersey,1981-1982
5,0028100006,0028100006,1610612747,1610612745,1981-10-30T00:00:00,4,1,L.A. Lakers,1981-1982
6,0028100007,0028100007,1610612755,1610612739,1981-10-30T00:00:00,5,0,Philadelphia,1981-1982
7,0028100008,0028100008,1610612762,1610612742,1981-10-30T00:00:00,3,3,Tied,1981-1982
8,0028100009,0028100009,1610612743,1610612744,1981-10-30T00:00:00,3,2,Denver,1981-1982
9,0028100010,0028100010,1610612754,1610612741,1981-10-30T00:00:00,3,3,Tied,1981-1982
10,0028100011,0028100011,1610612759,1610612743,1981-10-31T00:00:00,4,2,San Antonio,1981-1982
11,0028100012,0028100012,1610612749,1610612738,1981-10-31T00:00:00,3,3,Tied,1981-1982
12,0028100013,0028100013,1610612741,1610612765,1981-10-31T00:00:00,0,6,Detroit,1981-1982
13,0028100014,0028100014,1610612752,1610612754,1981-10-31T00:00:00,2,3,Indiana,1981-1982
14,0028100015,0028100015,1610612746,1610612745,1981-10-31T00:00:00,1,4,Houston,1981-1982
15,0028100016,0028100016,1610612760,1610612756,1981-10-31T00:00:00,3,3,Tied,1981-1982
16,0028100017,0028100017,1610612737,1610612755,1981-10-31T00:00:00,3,3,Tied,1981-1982
17,0028100018,0028100018,1610612742,1610612758,1981-10-31T00:00:00,4,2,Dallas,1981-1982
18,0028100019,0028100019,1610612744,1610612762,1981-10-31T00:00:00,3,2,Golden State,1981-1982
19,0028100020,0028100020,1610612757,1610612760,1981-11-01T00:00:00,3,3,Tied,1981-1982
20,0028100021,0028100021,1610612745,1610612752,1981-11-03T00:00:00,1,1,Tied,1981-1982
21,0028100022,0028100022,1610612742,1610612739,1981-11-03T00:00:00,0,2,Cleveland,1981-1982
22,0028100023,0028100023,1610612764,1610612755,1981-11-03T00:00:00,0,6,Philadelphia,1981-1982
23,0028100024,0028100024,1610612757,1610612747,1981-11-03T00:00:00,1,5,L.A. Lakers,1981-1982
24,0028100025,0028100025,1610612756,1610612759,1981-11-03T00:00:00,4,1,Phoenix,1981-1982
25,0028100026,0028100026,1610612741,1610612737,1981-11-03T00:00:00,3,2,Chicago,1981-1982
26,0028100027,0028100027,1610612738,1610612741,1981-11-04T00:00:00,4,2,Boston,1981-1982
27,0028100028,0028100028,1610612758,1610612746,1981-11-04T00:00:00,4,1,Kansas City,1981-1982
28,0028100029,0028100029,1610612751,1610612737,1981-11-04T00:00:00,2,3,Atlanta,1981-1982
29,0028100030,0028100030,1610612760,1610612747,1981-11-04T00:00:00,2,4,L.A. Lakers,1981-1982
30,0028100031,0028100031,1610612759,1610612739,1981-11-04T00:00:00,2,0,San Antonio,1981-1982
31,0028100032,0028100032,1610612755,1610612754,1981-11-04T00:00:00,6,0,Philadelphia,1981-1982
32,0028100033,0028100033,1610612743,1610612745,1981-11-04T00:00:00,5,1,Denver,1981-1982
33,0028100034,0028100034,1610612744,1610612757,1981-11-04T00:00:00,2,4,Portland,1981-1982
34,0028100035,0028100035,1610612765,1610612751,1981-11-05T00:00:00,2,4,New Jersey,1981-1982
35,0028100036,0028100036,1610612756,1610612742,1981-11-05T00:00:00,3,2,Phoenix,1981-1982
36,0028100037,0028100037,1610612762,1610612744,1981-11-05T00:00:00,2,3,Golden State,1981-1982
37,0028100038,0028100038,1610612749,1610612764,1981-11-05T00:00:00,3,2,Milwaukee,1981-1982
38,0028100039,0028100039,1610612755,1610612737,1981-11-06T00:00:00,3,3,Tied,1981-1982
39,0028100040,0028100040,1610612757,1610612762,1981-11-06T00:00:00,4,1,Portland,1981-1982
40,0028100041,0028100041,1610612758,1610612745,1981-11-06T00:00:00,3,3,Tied,1981-1982
41,0028100042,0028100042,1610612747,1610612756,1981-11-06T00:00:00,4,2,L.A. Lakers,1981-1982
42,0028100043,0028100043,1610612741,1610612746,1981-11-06T00:00:00,2,0,Chicago,1981-1982
43,0028100044,0028100044,1610612738,1610612754,1981-11-06T00:00:00,4,1,Boston,1981-1982
44,0028100045,0028100045,1610612742,1610612752,1981-11-06T00:00:00,1,1,Tied,1981-1982
45,0028100046,0028100046,1610612764,1610612765,1981-11-06T00:00:00,4,1,Washington,1981-1982
46,0028100047,0028100047,1610612760,1610612743,1981-11-06T00:00:00,3,2,Seattle,1981-1982
47,0028100048,0028100048,1610612759,1610612752,1981-11-07T00:00:00,2,0,San Antonio,1981-1982
48,0028100049,0028100049,1610612762,1610612756,1981-11-07T00:00:00,2,3,Phoenix,1981-1982
49,0028100050,0028100050,1610612745,1610612739,1981-11-07T00:00:00,1,1,Tied,1981-1982
50,0028100051,0028100051,1610612744,1610612743,1981-11-07T00:00:00,2,3,Denver,1981-1982
51,0028100052,0028100052,1610612749,1610612746,1981-11-07T00:00:00,2,0,Milwaukee,1981-1982
52,0028100053,0028100053,1610612741,1610612751,1981-11-07T00:00:00,2,4,New Jersey,1981-1982
53,0028100054,0028100054,1610612765,1610612738,1981-11-07T00:00:00,0,6,Boston,1981-1982
54,0028100055,0028100055,1610612747,1610612742,1981-11-08T00:00:00,4,1,L.A. Lakers,1981-1982
55,0028100056,0028100056,1610612757,1610612743,1981-11-08T00:00:00,3,2,Portland,1981-1982
56,0028100057,0028100057,1610612751,1610612754,1981-11-08T00:00:00,2,4,Indiana,1981-1982
57,0028100058,0028100058,1610612739,1610612741,1981-11-09T00:00:00,1,5,Chicago,1981-1982
58,0028100059,0028100059,1610612757,1610612742,1981-11-10T00:00:00,3,2,Portland,1981-1982
59,0028100060,0028100060,1610612743,1610612756,1981-11-10T00:00:00,2,3,Phoenix,1981-1982
60,0028100061,0028100061,1610612744,1610612760,1981-11-10T00:00:00,1,5,Seattle,1981-1982
61,0028100062,0028100062,1610612746,1610612762,1981-11-10T00:00:00,1,4,Utah,1981-1982
62,0028100063,0028100063,1610612754,1610612739,1981-11-10T00:00:00,5,1,Indiana,1981-1982
63,0028100064,0028100064,1610612752,1610612751,1981-11-10T00:00:00,2,4,New Jersey,1981-1982
64,0028100065,0028100065,1610612764,1610612738,1981-11-10T00:00:00,0,6,Boston,1981-1982
65,0028100066,0028100066,1610612741,1610612758,1981-11-10T00:00:00,1,1,Tied,1981-1982
66,0028100067,0028100067,1610612737,1610612749,1981-11-10T00:00:00,3,3,Tied,1981-1982
67,0028100068,0028100068,1610612765,1610612755,1981-11-10T00:00:00,2,3,Philadelphia,1981-1982
68,0028100069,0028100069,1610612745,1610612747,1981-11-11T00:00:00,1,4,L.A. Lakers,1981-1982
69,0028100070,0028100070,1610612759,1610612747,1981-11-10T00:00:00,3,2,San Antonio,1981-1982
70,0028100071,0028100071,1610612751,1610612749,1981-11-11T00:00:00,1,4,Milwaukee,1981-1982
71,0028100072,0028100072,1610612738,1610612758,1981-11-11T00:00:00,2,0,Boston,1981-1982
72,0028100073,0028100073,1610612755,1610612741,1981-11-11T00:00:00,5,1,Philadelphia,1981-1982
73,0028100074,0028100074,1610612760,1610612742,1981-11-11T00:00:00,4,1,Seattle,1981-1982
74,0028100075,0028100075,1610612765,1610612739,1981-11-12T00:00:00,5,1,Detroit,1981-1982
75,0028100076,0028100076,1610612737,1610612764,1981-11-12T00:00:00,2,4,Washington,1981-1982
76,0028100077,0028100077,1610612746,1610612757,1981-11-12T00:00:00,2,4,Portland,1981-1982
77,0028100078,0028100078,1610612756,1610612754,1981-11-12T00:00:00,1,1,Tied,1981-1982
78,0028100079,0028100079,1610612738,1610612751,1981-11-13T00:00:00,5,1,Boston,1981-1982
79,0028100080,0028100080,1610612747,1610612757,1981-11-13T00:00:00,5,1,L.A. Lakers,1981-1982
80,0028100081,0028100081,1610612762,1610612743,1981-11-13T00:00:00,3,3,Tied,1981-1982
81,0028100082,0028100082,1610612745,1610612744,1981-11-13T00:00:00,4,1,Houston,1981-1982
82,0028100083,0028100083,1610612760,1610612759,1981-11-13T00:00:00,1,4,San Antonio,1981-1982
83,0028100084,0028100084,1610612749,1610612752,1981-11-13T00:00:00,3,3,Tied,1981-1982
84,0028100085,0028100085,1610612755,1610612758,1981-11-13T00:00:00,2,0,Philadelphia,1981-1982
85,0028100086,0028100086,1610612745,1610612762,1981-11-14T00:00:00,6,0,Houston,1981-1982
86,0028100087,0028100087,1610612739,1610612738,1981-11-14T00:00:00,0,5,Boston,1981-1982
87,0028100088,0028100088,1610612764,1610612741,1981-11-14T00:00:00,4,2,Washington,1981-1982
88,0028100089,0028100089,1610612752,1610612755,1981-11-14T00:00:00,1,5,Philadelphia,1981-1982
89,0028100090,0028100090,1610612742,1610612744,1981-11-14T00:00:00,0,5,Golden State,1981-1982
90,0028100091,0028100091,1610612756,1610612747,1981-11-14T00:00:00,2,4,L.A. Lakers,1981-1982
91,0028100092,0028100092,1610612746,1610612754,1981-11-14T00:00:00,0,2,Indiana,1981-1982
92,0028100093,0028100093,1610612751,1610612758,1981-11-14T00:00:00,1,1,Tied,1981-1982
93,0028100094,0028100094,1610612737,1610612765,1981-11-14T00:00:00,2,4,Detroit,1981-1982
94,0028100095,0028100095,1610612747,1610612754,1981-11-15T00:00:00,2,0,L.A. Lakers,1981-1982
95,0028100096,0028100096,1610612757,1610612759,1981-11-15T00:00:00,3,2,Portland,1981-1982
96,0028100097,0028100097,1610612749,1610612739,1981-11-15T00:00:00,6,0,Milwaukee,1981-1982
97,0028100098,0028100098,1610612742,1610612759,1981-11-17T00:00:00,1,5,San Antonio,1981-1982
98,0028100099,0028100099,1610612741,1610612738,1981-11-17T00:00:00,2,4,Boston,1981-1982
99,0028100100,0028100100,1610612764,1610612749,1981-11-17T00:00:00,2,3,Milwaukee,1981-1982
100,0028100101,0028100101,1610612752,1610612758,1981-11-17T00:00:00,0,2,Kansas City,1981-1982
101,0028100102,0028100102,1610612754,1610612745,1981-11-17T00:00:00,0,2,Houston,1981-1982
102,0028100103,0028100103,1610612737,1610612756,1981-11-18T00:00:00,1,1,Tied,1981-1982
103,0028100104,0028100104,1610612762,1610612747,1981-11-18T00:00:00,0,5,L.A. Lakers,1981-1982
104,0028100105,0028100105,1610612739,1610612765,1981-11-18T00:00:00,1,5,Detroit,1981-1982
105,0028100106,0028100106,1610612744,1610612751,1981-11-18T00:00:00,1,1,Tied,1981-1982
106,0028100107,0028100107,1610612755,1610612749,1981-11-18T00:00:00,2,4,Milwaukee,1981-1982
107,0028100108,0028100108,1610612743,1610612746,1981-11-18T00:00:00,5,0,Denver,1981-1982
108,0028100109,0028100109,1610612738,1610612745,1981-11-18T00:00:00,1,1,Tied,1981-1982
109,0028100110,0028100110,1610612759,1610612760,1981-11-18T00:00:00,4,1,San Antonio,1981-1982
110,0028100111,0028100111,1610612754,1610612758,1981-11-19T00:00:00,1,1,Tied,1981-1982
111,0028100112,0028100112,1610612746,1610612744,1981-11-19T00:00:00,1,5,Golden State,1981-1982
112,0028100113,0028100113,1610612752,1610612737,1981-11-19T00:00:00,1,5,Atlanta,1981-1982
113,0028100114,0028100114,1610612765,1610612764,1981-11-19T00:00:00,1,4,Washington,1981-1982
114,0028100115,0028100115,1610612739,1610612755,1981-11-20T00:00:00,0,5,Philadelphia,1981-1982
115,0028100116,0028100116,1610612757,1610612751,1981-11-20T00:00:00,1,1,Tied,1981-1982
116,0028100117,0028100117,1610612742,1610612760,1981-11-20T00:00:00,1,4,Seattle,1981-1982
117,0028100118,0028100118,1610612741,1610612762,1981-11-20T00:00:00,1,1,Tied,1981-1982
118,0028100119,0028100119,1610612738,1610612749,1981-11-20T00:00:00,3,3,Tied,1981-1982
119,0028100120,0028100120,1610612747,1610612759,1981-11-20T00:00:00,2,3,San Antonio,1981-1982
120,0028100121,0028100121,1610612764,1610612745,1981-11-20T00:00:00,0,2,Houston,1981-1982
121,0028100122,0028100122,1610612744,1610612759,1981-11-21T00:00:00,3,2,Golden State,1981-1982
122,0028100123,0028100123,1610612742,1610612756,1981-11-21T00:00:00,2,3,Phoenix,1981-1982
123,0028100124,0028100124,1610612737,1610612754,1981-11-21T00:00:00,4,2,Atlanta,1981-1982
124,0028100125,0028100125,1610612752,1610612749,1981-11-21T00:00:00,3,3,Tied,1981-1982
125,0028100126,0028100126,1610612755,1610612745,1981-11-21T00:00:00,1,1,Tied,1981-1982
126,0028100127,0028100127,1610612743,1610612758,1981-11-21T00:00:00,4,2,Denver,1981-1982
127,0028100128,0028100128,1610612741,1610612764,1981-11-21T00:00:00,2,4,Washington,1981-1982
128,0028100129,0028100129,1610612765,1610612762,1981-11-21T00:00:00,1,1,Tied,1981-1982
129,0028100130,0028100130,1610612746,1610612747,1981-11-21T00:00:00,1,5,L.A. Lakers,1981-1982
130,0028100131,0028100131,1610612760,1610612751,1981-11-22T00:00:00,2,0,Seattle,1981-1982
131,0028100132,0028100132,1610612737,1610612739,1981-11-24T00:00:00,4,2,Atlanta,1981-1982
132,0028100133,0028100133,1610612754,1610612752,1981-11-24T00:00:00,3,2,Indiana,1981-1982
133,0028100134,0028100134,1610612764,1610612744,1981-11-24T00:00:00,1,1,Tied,1981-1982
134,0028100135,0028100135,1610612749,1610612765,1981-11-24T00:00:00,4,2,Milwaukee,1981-1982
135,0028100136,0028100136,1610612746,1610612741,1981-11-24T00:00:00,0,2,Chicago,1981-1982
136,0028100137,0028100137,1610612742,1610612747,1981-11-24T00:00:00,1,4,L.A. Lakers,1981-1982
137,0028100138,0028100138,1610612745,1610612751,1981-11-24T00:00:00,1,1,Tied,1981-1982
138,0028100139,0028100139,1610612758,1610612765,1981-11-25T00:00:00,0,2,Detroit,1981-1982
139,0028100140,0028100140,1610612738,1610612744,1981-11-25T00:00:00,1,1,Tied,1981-1982
140,0028100141,0028100141,1610612756,1610612745,1981-11-25T00:00:00,2,3,Houston,1981-1982
141,0028100142,0028100142,1610612759,1610612747,1981-11-25T00:00:00,3,2,San Antonio,1981-1982
142,0028100143,0028100143,1610612739,1610612754,1981-11-25T00:00:00,1,5,Indiana,1981-1982
143,0028100144,0028100144,1610612743,1610612742,1981-11-25T00:00:00,5,1,Denver,1981-1982
144,0028100145,0028100145,1610612762,1610612746,1981-11-25T00:00:00,4,1,Utah,1981-1982
145,0028100146,0028100146,1610612760,1610612757,1981-11-25T00:00:00,3,3,Tied,1981-1982
146,0028100147,0028100147,1610612765,1610612737,1981-11-27T00:00:00,4,2,Detroit,1981-1982
147,0028100148,0028100148,1610612762,1610612757,1981-11-27T00:00:00,1,4,Portland,1981-1982
148,0028100149,0028100149,1610612760,1610612745,1981-11-27T00:00:00,3,2,Seattle,1981-1982
149,0028100150,0028100150,1610612754,1610612755,1981-11-27T00:00:00,0,6,Philadelphia,1981-1982
150,0028100151,0028100151,1610612756,1610612741,1981-11-27T00:00:00,2,0,Phoenix,1981-1982
151,0028100152,0028100152,1610612749,1610612744,1981-11-27T00:00:00,0,2,Golden State,1981-1982
152,0028100153,0028100153,1610612739,1610612752,1981-11-27T00:00:00,0,6,New York,1981-1982
153,0028100154,0028100154,1610612759,1610612751,1981-11-27T00:00:00,1,1,Tied,1981-1982
154,0028100155,0028100155,1610612738,1610612764,1981-11-27T00:00:00,6,0,Boston,1981-1982
155,0028100156,0028100156,1610612747,1610612746,1981-11-27T00:00:00,5,1,L.A. Lakers,1981-1982
156,0028100157,0028100157,1610612758,1610612743,1981-11-27T00:00:00,2,4,Denver,1981-1982
157,0028100158,0028100158,1610612742,1610612751,1981-11-28T00:00:00,2,0,Dallas,1981-1982
158,0028100159,0028100159,1610612743,1610612762,1981-11-28T00:00:00,3,3,Tied,1981-1982
159,0028100160,0028100160,1610612746,1610612760,1981-11-28T00:00:00,1,5,Seattle,1981-1982
160,0028100161,0028100161,1610612764,1610612754,1981-11-28T00:00:00,5,1,Washington,1981-1982
161,0028100162,0028100162,1610612752,1610612739,1981-11-28T00:00:00,6,0,New York,1981-1982
162,0028100163,0028100163,1610612755,1610612765,1981-11-28T00:00:00,3,2,Philadelphia,1981-1982
163,0028100164,0028100164,1610612737,1610612738,1981-11-28T00:00:00,1,5,Boston,1981-1982
164,0028100165,0028100165,1610612758,1610612744,1981-11-29T00:00:00,2,3,Golden State,1981-1982
165,0028100166,0028100166,1610612747,1610612745,1981-11-29T00:00:00,4,1,L.A. Lakers,1981-1982
166,0028100167,0028100167,1610612757,1610612741,1981-11-29T00:00:00,1,1,Tied,1981-1982
167,0028100168,0028100168,1610612749,1610612759,1981-11-29T00:00:00,1,1,Tied,1981-1982
168,0028100169,0028100169,1610612752,1610612765,1981-12-01T00:00:00,3,3,Tied,1981-1982
169,0028100170,0028100170,1610612743,1610612757,1981-12-01T00:00:00,2,3,Portland,1981-1982
170,0028100171,0028100171,1610612745,1610612758,1981-12-01T00:00:00,3,3,Tied,1981-1982
171,0028100172,0028100172,1610612747,1610612762,1981-12-01T00:00:00,5,0,L.A. Lakers,1981-1982
172,0028100173,0028100173,1610612756,1610612746,1981-12-01T00:00:00,4,2,Phoenix,1981-1982
173,0028100174,0028100174,1610612754,1610612738,1981-12-01T00:00:00,1,4,Boston,1981-1982
174,0028100175,0028100175,1610612760,1610612741,1981-12-01T00:00:00,1,1,Tied,1981-1982
175,0028100176,0028100176,1610612739,1610612749,1981-12-01T00:00:00,0,6,Milwaukee,1981-1982
176,0028100177,0028100177,1610612737,1610612755,1981-12-01T00:00:00,3,3,Tied,1981-1982
177,0028100178,0028100178,1610612764,1610612759,1981-12-01T00:00:00,1,1,Tied,1981-1982
178,0028100179,0028100179,1610612738,1610612765,1981-12-02T00:00:00,6,0,Boston,1981-1982
179,0028100180,0028100180,1610612758,1610612757,1981-12-02T00:00:00,0,5,Portland,1981-1982
180,0028100181,0028100181,1610612751,1610612739,1981-12-02T00:00:00,6,0,New Jersey,1981-1982
181,0028100182,0028100182,1610612762,1610612742,1981-12-02T00:00:00,3,3,Tied,1981-1982
182,0028100183,0028100183,1610612760,1610612747,1981-12-02T00:00:00,2,4,L.A. Lakers,1981-1982
183,0028100184,0028100184,1610612755,1610612759,1981-12-02T00:00:00,0,2,San Antonio,1981-1982
184,0028100185,0028100185,1610612744,1610612741,1981-12-02T00:00:00,2,0,Golden State,1981-1982
185,0028100186,0028100186,1610612752,1610612764,1981-12-03T00:00:00,1,5,Washington,1981-1982
186,0028100187,0028100187,1610612756,1610612743,1981-12-03T00:00:00,3,2,Phoenix,1981-1982
187,0028100188,0028100188,1610612746,1610612742,1981-12-03T00:00:00,3,2,San Diego,1981-1982
188,0028100189,0028100189,1610612758,1610612760,1981-12-04T00:00:00,2,3,Seattle,1981-1982
189,0028100190,0028100190,1610612749,1610612737,1981-12-04T00:00:00,3,3,Tied,1981-1982
190,0028100191,0028100191,1610612738,1610612755,1981-12-04T00:00:00,4,2,Boston,1981-1982
191,0028100192,0028100192,1610612762,1610612741,1981-12-04T00:00:00,1,1,Tied,1981-1982
192,0028100193,0028100193,1610612759,1610612757,1981-12-04T00:00:00,2,3,Portland,1981-1982
193,0028100194,0028100194,1610612743,1610612747,1981-12-04T00:00:00,1,4,L.A. Lakers,1981-1982
194,0028100195,0028100195,1610612754,1610612765,1981-12-04T00:00:00,4,2,Indiana,1981-1982
195,0028100196,0028100196,1610612765,1610612749,1981-12-05T00:00:00,2,4,Milwaukee,1981-1982
196,0028100197,0028100197,1610612742,1610612743,1981-12-05T00:00:00,1,5,Denver,1981-1982
197,0028100198,0028100198,1610612756,1610612762,1981-12-05T00:00:00,3,2,Phoenix,1981-1982
198,0028100199,0028100199,1610612744,1610612746,1981-12-05T00:00:00,5,1,Golden State,1981-1982
199,0028100200,0028100200,1610612745,1610612757,1981-12-05T00:00:00,4,1,Houston,1981-1982
200,0028100201,0028100201,1610612752,1610612738,1981-12-05T00:00:00,1,5,Boston,1981-1982
201,0028100202,0028100202,1610612751,1610612755,1981-12-05T00:00:00,3,3,Tied,1981-1982
202,0028100203,0028100203,1610612764,1610612739,1981-12-05T00:00:00,5,1,Washington,1981-1982
203,0028100204,0028100204,1610612737,1610612760,1981-12-05T00:00:00,1,1,Tied,1981-1982
204,0028100205,0028100205,1610612747,1610612758,1981-12-06T00:00:00,4,1,L.A. Lakers,1981-1982
205,0028100206,0028100206,1610612757,1610612744,1981-12-08T00:00:00,4,2,Portland,1981-1982
206,0028100207,0028100207,1610612752,1610612743,1981-12-08T00:00:00,1,1,Tied,1981-1982
207,0028100208,0028100208,1610612747,1610612764,1981-12-08T00:00:00,2,0,L.A. Lakers,1981-1982
208,0028100209,0028100209,1610612745,1610612760,1981-12-08T00:00:00,2,3,Seattle,1981-1982
209,0028100210,0028100210,1610612742,1610612762,1981-12-08T00:00:00,3,3,Tied,1981-1982
210,0028100211,0028100211,1610612746,1610612756,1981-12-08T00:00:00,2,4,Phoenix,1981-1982
211,0028100212,0028100212,1610612737,1610612751,1981-12-08T00:00:00,3,2,Atlanta,1981-1982
212,0028100213,0028100213,1610612741,1610612754,1981-12-08T00:00:00,3,3,Tied,1981-1982
213,0028100214,0028100214,1610612755,1610612743,1981-12-09T00:00:00,1,1,Tied,1981-1982
214,0028100215,0028100215,1610612749,1610612745,1981-12-09T00:00:00,1,1,Tied,1981-1982
215,0028100216,0028100216,1610612738,1610612751,1981-12-09T00:00:00,5,1,Boston,1981-1982
216,0028100217,0028100217,1610612739,1610612737,1981-12-09T00:00:00,2,4,Atlanta,1981-1982
217,0028100218,0028100218,1610612754,1610612762,1981-12-09T00:00:00,1,1,Tied,1981-1982
218,0028100219,0028100219,1610612758,1610612742,1981-12-09T00:00:00,2,4,Dallas,1981-1982
219,0028100220,0028100220,1610612744,1610612756,1981-12-09T00:00:00,4,2,Golden State,1981-1982
220,0028100221,0028100221,1610612759,1610612760,1981-12-09T00:00:00,4,1,San Antonio,1981-1982
221,0028100222,0028100222,1610612765,1610612752,1981-12-10T00:00:00,3,3,Tied,1981-1982
222,0028100223,0028100223,1610612756,1610612757,1981-12-10T00:00:00,3,3,Tied,1981-1982
223,0028100224,0028100224,1610612751,1610612743,1981-12-11T00:00:00,1,1,Tied,1981-1982
224,0028100225,0028100225,1610612762,1610612758,1981-12-11T00:00:00,3,3,Tied,1981-1982
225,0028100226,0028100226,1610612742,1610612759,1981-12-11T00:00:00,1,5,San Antonio,1981-1982
226,0028100227,0028100227,1610612738,1610612737,1981-12-11T00:00:00,5,1,Boston,1981-1982
227,0028100228,0028100228,1610612749,1610612754,1981-12-11T00:00:00,6,0,Milwaukee,1981-1982
228,0028100229,0028100229,1610612741,1610612745,1981-12-11T00:00:00,1,1,Tied,1981-1982
229,0028100230,0028100230,1610612755,1610612739,1981-12-11T00:00:00,5,0,Philadelphia,1981-1982
230,0028100231,0028100231,1610612747,1610612757,1981-12-11T00:00:00,5,1,L.A. Lakers,1981-1982
231,0028100232,0028100232,1610612746,1610612764,1981-12-11T00:00:00,0,2,Washington,1981-1982
232,0028100233,0028100233,1610612739,1610612743,1981-12-12T00:00:00,0,2,Denver,1981-1982
233,0028100234,0028100234,1610612745,1610612742,1981-12-12T00:00:00,4,2,Houston,1981-1982
234,0028100235,0028100235,1610612752,1610612749,1981-12-12T00:00:00,3,3,Tied,1981-1982
235,0028100236,0028100236,1610612756,1610612764,1981-12-12T00:00:00,1,1,Tied,1981-1982
236,0028100237,0028100237,1610612741,1610612755,1981-12-12T00:00:00,1,5,Philadelphia,1981-1982
237,0028100238,0028100238,1610612744,1610612758,1981-12-12T00:00:00,3,2,Golden State,1981-1982
238,0028100239,0028100239,1610612760,1610612765,1981-12-12T00:00:00,1,1,Tied,1981-1982
239,0028100240,0028100240,1610612754,1610612751,1981-12-12T00:00:00,4,2,Indiana,1981-1982
240,0028100241,0028100241,1610612737,1610612738,1981-12-12T00:00:00,1,5,Boston,1981-1982
241,0028100242,0028100242,1610612759,1610612762,1981-12-12T00:00:00,3,3,Tied,1981-1982
242,0028100243,0028100243,1610612757,1610612765,1981-12-13T00:00:00,2,0,Portland,1981-1982
243,0028100244,0028100244,1610612760,1610612746,1981-12-13T00:00:00,5,1,Seattle,1981-1982
244,0028100245,0028100245,1610612747,1610612744,1981-12-13T00:00:00,3,3,Tied,1981-1982
245,0028100246,0028100246,1610612749,1610612755,1981-12-13T00:00:00,4,2,Milwaukee,1981-1982
246,0028100247,0028100247,1610612741,1610612739,1981-12-15T00:00:00,5,1,Chicago,1981-1982
247,0028100248,0028100248,1610612737,1610612752,1981-12-15T00:00:00,5,1,Atlanta,1981-1982
248,0028100249,0028100249,1610612744,1610612765,1981-12-15T00:00:00,0,2,Detroit,1981-1982
249,0028100250,0028100250,1610612764,1610612742,1981-12-15T00:00:00,1,1,Tied,1981-1982
250,0028100251,0028100251,1610612743,1610612760,1981-12-15T00:00:00,2,3,Seattle,1981-1982
251,0028100252,0028100252,1610612757,1610612746,1981-12-15T00:00:00,4,2,Portland,1981-1982
252,0028100253,0028100253,1610612745,1610612756,1981-12-15T00:00:00,3,2,Houston,1981-1982
253,0028100254,0028100254,1610612754,1610612749,1981-12-15T00:00:00,0,6,Milwaukee,1981-1982
254,0028100255,0028100255,1610612762,1610612759,1981-12-15T00:00:00,3,3,Tied,1981-1982
255,0028100256,0028100256,1610612739,1610612764,1981-12-16T00:00:00,1,5,Washington,1981-1982
256,0028100257,0028100257,1610612755,1610612752,1981-12-16T00:00:00,5,1,Philadelphia,1981-1982
257,0028100258,0028100258,1610612751,1610612741,1981-12-16T00:00:00,4,2,New Jersey,1981-1982
258,0028100259,0028100259,1610612758,1610612756,1981-12-16T00:00:00,2,3,Phoenix,1981-1982
259,0028100260,0028100260,1610612738,1610612742,1981-12-16T00:00:00,2,0,Boston,1981-1982
260,0028100261,0028100261,1610612744,1610612747,1981-12-17T00:00:00,3,3,Tied,1981-1982
261,0028100262,0028100262,1610612746,1610612760,1981-12-17T00:00:00,1,5,Seattle,1981-1982
262,0028100263,0028100263,1610612743,1610612737,1981-12-17T00:00:00,1,1,Tied,1981-1982
263,0028100264,0028100264,1610612765,1610612754,1981-12-17T00:00:00,2,4,Indiana,1981-1982
264,0028100265,0028100265,1610612742,1610612745,1981-12-18T00:00:00,2,4,Houston,1981-1982
265,0028100266,0028100266,1610612758,1610612762,1981-12-18T00:00:00,3,3,Tied,1981-1982
266,0028100267,0028100267,1610612764,1610612738,1981-12-18T00:00:00,0,6,Boston,1981-1982
267,0028100268,0028100268,1610612752,1610612741,1981-12-18T00:00:00,2,3,Chicago,1981-1982
268,0028100269,0028100269,1610612749,1610612751,1981-12-18T00:00:00,4,1,Milwaukee,1981-1982
269,0028100270,0028100270,1610612759,1610612756,1981-12-18T00:00:00,1,4,Phoenix,1981-1982
270,0028100271,0028100271,1610612754,1610612739,1981-12-18T00:00:00,5,1,Indiana,1981-1982
271,0028100272,0028100272,1610612755,1610612738,1981-12-19T00:00:00,2,4,Boston,1981-1982
272,0028100273,0028100273,1610612744,1610612737,1981-12-19T00:00:00,2,0,Golden State,1981-1982
273,0028100274,0028100274,1610612739,1610612751,1981-12-19T00:00:00,0,6,New Jersey,1981-1982
274,0028100275,0028100275,1610612746,1610612747,1981-12-19T00:00:00,1,5,L.A. Lakers,1981-1982
275,0028100276,0028100276,1610612762,1610612760,1981-12-19T00:00:00,0,5,Seattle,1981-1982
276,0028100277,0028100277,1610612745,1610612741,1981-12-19T00:00:00,1,1,Tied,1981-1982
277,0028100278,0028100278,1610612765,1610612752,1981-12-19T00:00:00,3,3,Tied,1981-1982
278,0028100279,0028100279,1610612756,1610612758,1981-12-19T00:00:00,3,2,Phoenix,1981-1982
279,0028100280,0028100280,1610612743,1610612759,1981-12-19T00:00:00,2,4,San Antonio,1981-1982
280,0028100281,0028100281,1610612742,1610612757,1981-12-19T00:00:00,2,3,Portland,1981-1982
281,0028100282,0028100282,1610612747,1610612737,1981-12-20T00:00:00,2,0,L.A. Lakers,1981-1982
282,0028100283,0028100283,1610612757,1610612747,1981-12-22T00:00:00,1,5,L.A. Lakers,1981-1982
283,0028100284,0028100284,1610612754,1610612737,1981-12-22T00:00:00,2,4,Atlanta,1981-1982
284,0028100285,0028100285,1610612738,1610612739,1981-12-22T00:00:00,5,0,Boston,1981-1982
285,0028100286,0028100286,1610612749,1610612758,1981-12-22T00:00:00,1,1,Tied,1981-1982
286,0028100287,0028100287,1610612741,1610612764,1981-12-22T00:00:00,2,4,Washington,1981-1982
287,0028100288,0028100288,1610612742,1610612765,1981-12-22T00:00:00,1,1,Tied,1981-1982
288,0028100289,0028100289,1610612745,1610612743,1981-12-22T00:00:00,1,5,Denver,1981-1982
289,0028100290,0028100290,1610612752,1610612755,1981-12-22T00:00:00,1,5,Philadelphia,1981-1982
290,0028100291,0028100291,1610612751,1610612752,1981-12-23T00:00:00,4,2,New Jersey,1981-1982
291,0028100292,0028100292,1610612756,1610612744,1981-12-23T00:00:00,2,4,Golden State,1981-1982
292,0028100293,0028100293,1610612743,1610612765,1981-12-23T00:00:00,1,1,Tied,1981-1982
293,0028100294,0028100294,1610612760,1610612762,1981-12-23T00:00:00,5,0,Seattle,1981-1982
294,0028100295,0028100295,1610612739,1610612758,1981-12-23T00:00:00,1,1,Tied,1981-1982
295,0028100296,0028100296,1610612746,1610612759,1981-12-23T00:00:00,2,3,San Antonio,1981-1982
296,0028100297,0028100297,1610612757,1610612760,1981-12-25T00:00:00,3,3,Tied,1981-1982
297,0028100298,0028100298,1610612764,1610612754,1981-12-25T00:00:00,5,1,Washington,1981-1982
298,0028100299,0028100299,1610612752,1610612751,1981-12-25T00:00:00,2,4,New Jersey,1981-1982
299,0028100300,0028100300,1610612756,1610612747,1981-12-25T00:00:00,2,4,L.A. Lakers,1981-1982
300,0028100301,0028100301,1610612765,1610612741,1981-12-26T00:00:00,6,0,Detroit,1981-1982
301,0028100302,0028100302,1610612739,1610612749,1981-12-26T00:00:00,0,6,Milwaukee,1981-1982
302,0028100303,0028100303,1610612754,1610612752,1981-12-26T00:00:00,3,2,Indiana,1981-1982
303,0028100304,0028100304,1610612742,1610612743,1981-12-26T00:00:00,1,5,Denver,1981-1982
304,0028100305,0028100305,1610612746,1610612757,1981-12-26T00:00:00,2,4,Portland,1981-1982
305,0028100306,0028100306,1610612762,1610612745,1981-12-26T00:00:00,0,6,Houston,1981-1982
306,0028100307,0028100307,1610612744,1610612756,1981-12-26T00:00:00,4,2,Golden State,1981-1982
307,0028100308,0028100308,1610612758,1610612738,1981-12-26T00:00:00,0,2,Boston,1981-1982
308,0028100309,0028100309,1610612759,1610612737,1981-12-26T00:00:00,1,1,Tied,1981-1982
309,0028100310,0028100310,1610612751,1610612764,1981-12-26T00:00:00,4,2,New Jersey,1981-1982
310,0028100311,0028100311,1610612747,1610612746,1981-12-27T00:00:00,5,1,L.A. Lakers,1981-1982
311,0028100312,0028100312,1610612756,1610612755,1981-12-27T00:00:00,1,1,Tied,1981-1982
312,0028100313,0028100313,1610612749,1610612741,1981-12-27T00:00:00,5,1,Milwaukee,1981-1982
313,0028100314,0028100314,1610612751,1610612754,1981-12-28T00:00:00,2,4,Indiana,1981-1982
314,0028100315,0028100315,1610612760,1610612744,1981-12-28T00:00:00,5,1,Seattle,1981-1982
315,0028100316,0028100316,1610612743,1610612738,1981-12-29T00:00:00,1,1,Tied,1981-1982
316,0028100317,0028100317,1610612744,1610612755,1981-12-29T00:00:00,0,2,Philadelphia,1981-1982
317,0028100318,0028100318,1610612747,1610612762,1981-12-29T00:00:00,5,0,L.A. Lakers,1981-1982
318,0028100319,0028100319,1610612764,1610612765,1981-12-29T00:00:00,4,1,Washington,1981-1982
319,0028100320,0028100320,1610612745,1610612737,1981-12-29T00:00:00,0,2,Atlanta,1981-1982
320,0028100321,0028100321,1610612742,1610612758,1981-12-29T00:00:00,4,2,Dallas,1981-1982
321,0028100322,0028100322,1610612741,1610612752,1981-12-29T00:00:00,3,2,Chicago,1981-1982
322,0028100323,0028100323,1610612754,1610612749,1981-12-29T00:00:00,0,6,Milwaukee,1981-1982
323,0028100324,0028100324,1610612759,1610612746,1981-12-29T00:00:00,3,2,San Antonio,1981-1982
324,0028100325,0028100325,1610612758,1610612743,1981-12-30T00:00:00,2,4,Denver,1981-1982
325,0028100326,0028100326,1610612749,1610612764,1981-12-30T00:00:00,3,2,Milwaukee,1981-1982
326,0028100327,0028100327,1610612737,1610612746,1981-12-30T00:00:00,1,1,Tied,1981-1982
327,0028100328,0028100328,1610612739,1610612752,1981-12-30T00:00:00,0,6,New York,1981-1982
328,0028100329,0028100329,1610612762,1610612738,1981-12-30T00:00:00,0,2,Boston,1981-1982
329,0028100330,0028100330,1610612760,1610612755,1981-12-30T00:00:00,0,2,Philadelphia,1981-1982
330,0028100331,0028100331,1610612756,1610612757,1981-12-30T00:00:00,3,3,Tied,1981-1982
331,0028100332,0028100332,1610612759,1610612745,1981-12-30T00:00:00,3,3,Tied,1981-1982
332,0028100333,0028100333,1610612751,1610612765,1981-12-30T00:00:00,4,2,New Jersey,1981-1982
333,0028100334,0028100334,1610612757,1610612755,1982-01-01T00:00:00,0,2,Philadelphia,1981-1982
334,0028100335,0028100335,1610612744,1610612758,1982-01-01T00:00:00,3,2,Golden State,1981-1982
335,0028100336,0028100336,1610612746,1610612745,1982-01-02T00:00:00,1,4,Houston,1981-1982
336,0028100337,0028100337,1610612752,1610612765,1982-01-02T00:00:00,3,3,Tied,1981-1982
337,0028100338,0028100338,1610612741,1610612749,1982-01-02T00:00:00,1,5,Milwaukee,1981-1982
338,0028100339,0028100339,1610612739,1610612738,1982-01-02T00:00:00,0,5,Boston,1981-1982
339,0028100340,0028100340,1610612756,1610612760,1982-01-02T00:00:00,3,3,Tied,1981-1982
340,0028100341,0028100341,1610612737,1610612751,1982-01-02T00:00:00,3,2,Atlanta,1981-1982
341,0028100342,0028100342,1610612754,1610612764,1982-01-02T00:00:00,1,5,Washington,1981-1982
342,0028100343,0028100343,1610612744,1610612742,1982-01-02T00:00:00,5,0,Golden State,1981-1982
343,0028100344,0028100344,1610612762,1610612755,1982-01-02T00:00:00,0,2,Philadelphia,1981-1982
344,0028100345,0028100345,1610612759,1610612743,1982-01-02T00:00:00,4,2,San Antonio,1981-1982
345,0028100346,0028100346,1610612749,1610612743,1982-01-03T00:00:00,1,1,Tied,1981-1982
346,0028100347,0028100347,1610612757,1610612758,1982-01-03T00:00:00,5,0,Portland,1981-1982
347,0028100348,0028100348,1610612747,1610612760,1982-01-03T00:00:00,4,2,L.A. Lakers,1981-1982
348,0028100349,0028100349,1610612764,1610612751,1982-01-05T00:00:00,2,4,New Jersey,1981-1982
349,0028100350,0028100350,1610612737,1610612739,1982-01-05T00:00:00,4,2,Atlanta,1981-1982
350,0028100351,0028100351,1610612757,1610612759,1982-01-05T00:00:00,3,2,Portland,1981-1982
351,0028100352,0028100352,1610612749,1610612752,1982-01-05T00:00:00,3,3,Tied,1981-1982
352,0028100353,0028100353,1610612746,1610612758,1982-01-05T00:00:00,1,4,Kansas City,1981-1982
353,0028100354,0028100354,1610612754,1610612756,1982-01-05T00:00:00,1,1,Tied,1981-1982
354,0028100355,0028100355,1610612744,1610612745,1982-01-05T00:00:00,1,4,Houston,1981-1982
355,0028100356,0028100356,1610612765,1610612755,1982-01-05T00:00:00,2,3,Philadelphia,1981-1982
356,0028100357,0028100357,1610612741,1610612743,1982-01-05T00:00:00,1,1,Tied,1981-1982
357,0028100358,0028100358,1610612762,1610612759,1982-01-06T00:00:00,3,3,Tied,1981-1982
358,0028100359,0028100359,1610612751,1610612749,1982-01-06T00:00:00,1,4,Milwaukee,1981-1982
359,0028100360,0028100360,1610612738,1610612741,1982-01-06T00:00:00,4,2,Boston,1981-1982
360,0028100361,0028100361,1610612743,1610612746,1982-01-06T00:00:00,5,0,Denver,1981-1982
361,0028100362,0028100362,1610612755,1610612764,1982-01-06T00:00:00,6,0,Philadelphia,1981-1982
362,0028100363,0028100363,1610612760,1610612742,1982-01-06T00:00:00,4,1,Seattle,1981-1982
363,0028100364,0028100364,1610612746,1610612742,1982-01-07T00:00:00,3,2,San Diego,1981-1982
364,0028100365,0028100365,1610612758,1610612752,1982-01-07T00:00:00,2,0,Kansas City,1981-1982
365,0028100366,0028100366,1610612760,1610612745,1982-01-07T00:00:00,3,2,Seattle,1981-1982
366,0028100367,0028100367,1610612744,1610612759,1982-01-07T00:00:00,3,2,Golden State,1981-1982
367,0028100368,0028100368,1610612739,1610612764,1982-01-07T00:00:00,1,5,Washington,1981-1982
368,0028100369,0028100369,1610612765,1610612756,1982-01-07T00:00:00,0,2,Phoenix,1981-1982
369,0028100370,0028100370,1610612749,1610612737,1982-01-08T00:00:00,3,3,Tied,1981-1982
370,0028100371,0028100371,1610612738,1610612755,1982-01-08T00:00:00,4,2,Boston,1981-1982
371,0028100372,0028100372,1610612741,1610612747,1982-01-08T00:00:00,2,0,Chicago,1981-1982
372,0028100373,0028100373,1610612751,1610612739,1982-01-08T00:00:00,6,0,New Jersey,1981-1982
373,0028100374,0028100374,1610612757,1610612743,1982-01-08T00:00:00,3,2,Portland,1981-1982
374,0028100375,0028100375,1610612762,1610612754,1982-01-08T00:00:00,1,1,Tied,1981-1982
375,0028100376,0028100376,1610612755,1610612751,1982-01-09T00:00:00,3,3,Tied,1981-1982
376,0028100377,0028100377,1610612743,1610612760,1982-01-09T00:00:00,2,3,Seattle,1981-1982
377,0028100378,0028100378,1610612744,1610612754,1982-01-09T00:00:00,2,0,Golden State,1981-1982
378,0028100379,0028100379,1610612746,1610612762,1982-01-09T00:00:00,1,4,Utah,1981-1982
379,0028100380,0028100380,1610612737,1610612752,1982-01-09T00:00:00,5,1,Atlanta,1981-1982
380,0028100381,0028100381,1610612765,1610612747,1982-01-09T00:00:00,0,2,L.A. Lakers,1981-1982
381,0028100382,0028100382,1610612742,1610612756,1982-01-09T00:00:00,2,3,Phoenix,1981-1982
382,0028100383,0028100383,1610612759,1610612758,1982-01-09T00:00:00,5,1,San Antonio,1981-1982
383,0028100384,0028100384,1610612749,1610612747,1982-01-10T00:00:00,2,0,Milwaukee,1981-1982
384,0028100385,0028100385,1610612738,1610612765,1982-01-10T00:00:00,6,0,Boston,1981-1982
385,0028100386,0028100386,1610612757,1610612745,1982-01-10T00:00:00,1,4,Houston,1981-1982
386,0028100387,0028100387,1610612752,1610612764,1982-01-10T00:00:00,1,5,Washington,1981-1982
387,0028100388,0028100388,1610612751,1610612738,1982-01-11T00:00:00,1,5,Boston,1981-1982
388,0028100389,0028100389,1610612743,1610612758,1982-01-12T00:00:00,4,2,Denver,1981-1982
389,0028100390,0028100390,1610612764,1610612755,1982-01-12T00:00:00,0,6,Philadelphia,1981-1982
390,0028100391,0028100391,1610612762,1610612752,1982-01-12T00:00:00,0,2,New York,1981-1982
391,0028100392,0028100392,1610612757,1610612754,1982-01-12T00:00:00,1,1,Tied,1981-1982
392,0028100393,0028100393,1610612745,1610612746,1982-01-12T00:00:00,4,1,Houston,1981-1982
393,0028100394,0028100394,1610612739,1610612747,1982-01-12T00:00:00,0,2,L.A. Lakers,1981-1982
394,0028100395,0028100395,1610612756,1610612744,1982-01-12T00:00:00,2,4,Golden State,1981-1982
395,0028100396,0028100396,1610612759,1610612742,1982-01-12T00:00:00,5,1,San Antonio,1981-1982
396,0028100397,0028100397,1610612741,1610612765,1982-01-12T00:00:00,0,6,Detroit,1981-1982
397,0028100398,0028100398,1610612744,1610612743,1982-01-13T00:00:00,2,3,Denver,1981-1982
398,0028100399,0028100399,1610612755,1610612749,1982-01-13T00:00:00,2,4,Milwaukee,1981-1982
399,0028100400,0028100400,1610612760,1610612754,1982-01-13T00:00:00,1,1,Tied,1981-1982
400,0028100401,0028100401,1610612758,1610612739,1982-01-13T00:00:00,1,1,Tied,1981-1982
401,0028100402,0028100402,1610612742,1610612746,1982-01-13T00:00:00,2,3,San Diego,1981-1982
402,0028100403,0028100403,1610612738,1610612737,1982-01-13T00:00:00,5,1,Boston,1981-1982
403,0028100404,0028100404,1610612756,1610612752,1982-01-14T00:00:00,2,0,Phoenix,1981-1982
404,0028100405,0028100405,1610612765,1610612764,1982-01-14T00:00:00,1,4,Washington,1981-1982
405,0028100406,0028100406,1610612745,1610612757,1982-01-14T00:00:00,4,1,Houston,1981-1982
406,0028100407,0028100407,1610612751,1610612741,1982-01-14T00:00:00,4,2,New Jersey,1981-1982
407,0028100408,0028100408,1610612749,1610612738,1982-01-15T00:00:00,3,3,Tied,1981-1982
408,0028100409,0028100409,1610612755,1610612737,1982-01-15T00:00:00,3,3,Tied,1981-1982
409,0028100410,0028100410,1610612746,1610612739,1982-01-15T00:00:00,1,1,Tied,1981-1982
410,0028100411,0028100411,1610612743,1610612742,1982-01-15T00:00:00,5,1,Denver,1981-1982
411,0028100412,0028100412,1610612744,1610612752,1982-01-15T00:00:00,1,1,Tied,1981-1982
412,0028100413,0028100413,1610612754,1610612747,1982-01-15T00:00:00,0,2,L.A. Lakers,1981-1982
413,0028100414,0028100414,1610612760,1610612762,1982-01-15T00:00:00,5,0,Seattle,1981-1982
414,0028100415,0028100415,1610612759,1610612745,1982-01-15T00:00:00,3,3,Tied,1981-1982
415,0028100416,0028100416,1610612764,1610612741,1982-01-15T00:00:00,4,2,Washington,1981-1982
416,0028100417,0028100417,1610612758,1610612751,1982-01-15T00:00:00,1,1,Tied,1981-1982
417,0028100418,0028100418,1610612765,1610612738,1982-01-16T00:00:00,0,6,Boston,1981-1982
418,0028100419,0028100419,1610612762,1610612739,1982-01-16T00:00:00,0,2,Cleveland,1981-1982
419,0028100420,0028100420,1610612756,1610612746,1982-01-16T00:00:00,4,2,Phoenix,1981-1982
420,0028100421,0028100421,1610612745,1610612759,1982-01-16T00:00:00,3,3,Tied,1981-1982
421,0028100422,0028100422,1610612742,1610612757,1982-01-16T00:00:00,2,3,Portland,1981-1982
422,0028100423,0028100423,1610612751,1610612755,1982-01-17T00:00:00,3,3,Tied,1981-1982
423,0028100424,0028100424,1610612764,1610612737,1982-01-17T00:00:00,4,2,Washington,1981-1982
424,0028100425,0028100425,1610612754,1610612741,1982-01-17T00:00:00,3,3,Tied,1981-1982
425,0028100426,0028100426,1610612749,1610612765,1982-01-17T00:00:00,4,2,Milwaukee,1981-1982
426,0028100427,0028100427,1610612758,1610612747,1982-01-17T00:00:00,1,4,L.A. Lakers,1981-1982
427,0028100428,0028100428,1610612746,1610612743,1982-01-17T00:00:00,0,5,Denver,1981-1982
428,0028100429,0028100429,1610612741,1610612754,1982-01-19T00:00:00,3,3,Tied,1981-1982
429,0028100430,0028100430,1610612737,1610612757,1982-01-19T00:00:00,2,0,Atlanta,1981-1982
430,0028100431,0028100431,1610612762,1610612765,1982-01-19T00:00:00,1,1,Tied,1981-1982
431,0028100432,0028100432,1610612739,1610612760,1982-01-19T00:00:00,0,2,Seattle,1981-1982
432,0028100433,0028100433,1610612743,1610612747,1982-01-19T00:00:00,1,4,L.A. Lakers,1981-1982
433,0028100434,0028100434,1610612752,1610612738,1982-01-19T00:00:00,1,5,Boston,1981-1982
434,0028100435,0028100435,1610612745,1610612758,1982-01-19T00:00:00,3,3,Tied,1981-1982
435,0028100436,0028100436,1610612756,1610612759,1982-01-19T00:00:00,4,1,Phoenix,1981-1982
436,0028100437,0028100437,1610612764,1610612760,1982-01-20T00:00:00,1,1,Tied,1981-1982
437,0028100438,0028100438,1610612755,1610612757,1982-01-20T00:00:00,2,0,Philadelphia,1981-1982
438,0028100439,0028100439,1610612747,1610612751,1982-01-20T00:00:00,1,1,Tied,1981-1982
439,0028100440,0028100440,1610612738,1610612754,1982-01-20T00:00:00,4,1,Boston,1981-1982
440,0028100441,0028100441,1610612742,1610612749,1982-01-20T00:00:00,1,1,Tied,1981-1982
441,0028100442,0028100442,1610612744,1610612746,1982-01-20T00:00:00,5,1,Golden State,1981-1982
442,0028100443,0028100443,1610612760,1610612744,1982-01-17T00:00:00,5,1,Seattle,1981-1982
443,0028100444,0028100444,1610612746,1610612765,1982-01-21T00:00:00,0,2,Detroit,1981-1982
444,0028100445,0028100445,1610612758,1610612742,1982-01-21T00:00:00,2,4,Dallas,1981-1982
445,0028100446,0028100446,1610612752,1610612737,1982-01-21T00:00:00,1,5,Atlanta,1981-1982
446,0028100447,0028100447,1610612759,1610612762,1982-01-21T00:00:00,3,3,Tied,1981-1982
447,0028100448,0028100448,1610612754,1610612755,1982-01-22T00:00:00,0,6,Philadelphia,1981-1982
448,0028100449,0028100449,1610612737,1610612759,1982-01-22T00:00:00,1,1,Tied,1981-1982
449,0028100450,0028100450,1610612764,1610612757,1982-01-22T00:00:00,2,0,Washington,1981-1982
450,0028100451,0028100451,1610612747,1610612765,1982-01-22T00:00:00,2,0,L.A. Lakers,1981-1982
451,0028100452,0028100452,1610612756,1610612751,1982-01-22T00:00:00,0,2,New Jersey,1981-1982
452,0028100453,0028100453,1610612743,1610612749,1982-01-22T00:00:00,1,1,Tied,1981-1982
453,0028100454,0028100454,1610612745,1610612762,1982-01-22T00:00:00,6,0,Houston,1981-1982
454,0028100455,0028100455,1610612738,1610612760,1982-01-22T00:00:00,0,2,Seattle,1981-1982
455,0028100456,0028100456,1610612741,1610612739,1982-01-22T00:00:00,5,1,Chicago,1981-1982
456,0028100457,0028100457,1610612759,1610612754,1982-01-23T00:00:00,0,2,Indiana,1981-1982
457,0028100458,0028100458,1610612746,1610612751,1982-01-23T00:00:00,0,2,New Jersey,1981-1982
458,0028100459,0028100459,1610612739,1610612737,1982-01-23T00:00:00,2,4,Atlanta,1981-1982
459,0028100460,0028100460,1610612745,1610612743,1982-01-23T00:00:00,1,5,Denver,1981-1982
460,0028100461,0028100461,1610612758,1610612764,1982-01-23T00:00:00,0,2,Washington,1981-1982
461,0028100462,0028100462,1610612752,1610612741,1982-01-23T00:00:00,2,3,Chicago,1981-1982
462,0028100463,0028100463,1610612744,1610612749,1982-01-23T00:00:00,2,0,Golden State,1981-1982
463,0028100464,0028100464,1610612742,1610612762,1982-01-23T00:00:00,3,3,Tied,1981-1982
464,0028100465,0028100465,1610612756,1610612765,1982-01-23T00:00:00,2,0,Phoenix,1981-1982
465,0028100466,0028100466,1610612755,1610612760,1982-01-23T00:00:00,2,0,Philadelphia,1981-1982
466,0028100467,0028100467,1610612738,1610612757,1982-01-24T00:00:00,1,1,Tied,1981-1982
467,0028100468,0028100468,1610612752,1610612760,1982-01-25T00:00:00,0,2,Seattle,1981-1982
468,0028100469,0028100469,1610612747,1610612749,1982-01-26T00:00:00,0,2,Milwaukee,1981-1982
469,0028100470,0028100470,1610612737,1610612742,1982-01-26T00:00:00,1,1,Tied,1981-1982
470,0028100471,0028100471,1610612745,1610612754,1982-01-26T00:00:00,2,0,Houston,1981-1982
471,0028100472,0028100472,1610612764,1610612741,1982-01-26T00:00:00,4,2,Washington,1981-1982
472,0028100473,0028100473,1610612762,1610612751,1982-01-26T00:00:00,0,2,New Jersey,1981-1982
473,0028100474,0028100474,1610612759,1610612755,1982-01-26T00:00:00,2,0,San Antonio,1981-1982
474,0028100475,0028100475,1610612758,1610612760,1982-01-27T00:00:00,2,3,Seattle,1981-1982
475,0028100476,0028100476,1610612746,1610612756,1982-01-27T00:00:00,2,4,Phoenix,1981-1982
476,0028100477,0028100477,1610612738,1610612752,1982-01-27T00:00:00,5,1,Boston,1981-1982
477,0028100478,0028100478,1610612739,1610612744,1982-01-27T00:00:00,1,1,Tied,1981-1982
478,0028100479,0028100479,1610612743,1610612751,1982-01-27T00:00:00,1,1,Tied,1981-1982
479,0028100480,0028100480,1610612765,1610612737,1982-01-27T00:00:00,4,2,Detroit,1981-1982
480,0028100481,0028100481,1610612742,1610612755,1982-01-27T00:00:00,0,2,Philadelphia,1981-1982
481,0028100482,0028100482,1610612741,1610612744,1982-01-28T00:00:00,0,2,Golden State,1981-1982
482,0028100483,0028100483,1610612739,1610612738,1982-01-28T00:00:00,0,5,Boston,1981-1982
483,0028100484,0028100484,1610612757,1610612746,1982-01-28T00:00:00,4,2,Portland,1981-1982
484,0028100485,0028100485,1610612745,1610612755,1982-01-28T00:00:00,1,1,Tied,1981-1982
485,0028100486,0028100486,1610612759,1610612758,1982-01-28T00:00:00,5,1,San Antonio,1981-1982
486,0028100487,0028100487,1610612747,1610612756,1982-01-28T00:00:00,4,2,L.A. Lakers,1981-1982
487,0028100488,0028100488,1610612764,1610612752,1982-01-28T00:00:00,5,1,Washington,1981-1982
488,0028100489,0028100489,1610612762,1610612749,1982-01-28T00:00:00,0,2,Milwaukee,1981-1982
489,0028100490,0028100490,1610612745,1610612746,1982-02-02T00:00:00,4,1,Houston,1981-1982
490,0028100491,0028100491,1610612741,1610612751,1982-02-02T00:00:00,2,4,New Jersey,1981-1982
491,0028100492,0028100492,1610612757,1610612758,1982-02-02T00:00:00,5,0,Portland,1981-1982
492,0028100493,0028100493,1610612744,1610612747,1982-02-02T00:00:00,3,3,Tied,1981-1982
493,0028100494,0028100494,1610612754,1610612738,1982-02-02T00:00:00,1,4,Boston,1981-1982
494,0028100495,0028100495,1610612743,1610612752,1982-02-02T00:00:00,1,1,Tied,1981-1982
495,0028100496,0028100496,1610612737,1610612765,1982-02-02T00:00:00,2,4,Detroit,1981-1982
496,0028100497,0028100497,1610612764,1610612739,1982-02-02T00:00:00,5,1,Washington,1981-1982
497,0028100498,0028100498,1610612759,1610612742,1982-02-02T00:00:00,5,1,San Antonio,1981-1982
498,0028100499,0028100499,1610612747,1610612752,1982-02-03T00:00:00,0,2,New York,1981-1982
499,0028100500,0028100500,1610612760,1610612758,1982-02-03T00:00:00,3,2,Seattle,1981-1982
500,0028100501,0028100501,1610612749,1610612741,1982-02-03T00:00:00,5,1,Milwaukee,1981-1982
501,0028100502,0028100502,1610612742,1610612746,1982-02-03T00:00:00,2,3,San Diego,1981-1982
502,0028100503,0028100503,1610612755,1610612764,1982-02-03T00:00:00,6,0,Philadelphia,1981-1982
503,0028100504,0028100504,1610612762,1610612757,1982-02-03T00:00:00,1,4,Portland,1981-1982
504,0028100505,0028100505,1610612751,1610612737,1982-02-03T00:00:00,2,3,Atlanta,1981-1982
505,0028100506,0028100506,1610612739,1610612754,1982-02-03T00:00:00,1,5,Indiana,1981-1982
506,0028100507,0028100507,1610612756,1610612744,1982-02-03T00:00:00,2,4,Golden State,1981-1982
507,0028100508,0028100508,1610612759,1610612756,1982-02-04T00:00:00,1,4,Phoenix,1981-1982
508,0028100509,0028100509,1610612754,1610612743,1982-02-04T00:00:00,2,0,Indiana,1981-1982
509,0028100510,0028100510,1610612744,1610612760,1982-02-05T00:00:00,1,5,Seattle,1981-1982
510,0028100511,0028100511,1610612746,1610612752,1982-02-05T00:00:00,0,2,New York,1981-1982
511,0028100512,0028100512,1610612741,1610612765,1982-02-05T00:00:00,0,6,Detroit,1981-1982
512,0028100513,0028100513,1610612757,1610612762,1982-02-05T00:00:00,4,1,Portland,1981-1982
513,0028100514,0028100514,1610612755,1610612751,1982-02-05T00:00:00,3,3,Tied,1981-1982
514,0028100515,0028100515,1610612738,1610612743,1982-02-05T00:00:00,1,1,Tied,1981-1982
515,0028100516,0028100516,1610612745,1610612756,1982-02-05T00:00:00,3,2,Houston,1981-1982
516,0028100517,0028100517,1610612764,1610612747,1982-02-05T00:00:00,0,2,L.A. Lakers,1981-1982
517,0028100518,0028100518,1610612749,1610612742,1982-02-05T00:00:00,1,1,Tied,1981-1982
518,0028100519,0028100519,1610612758,1610612759,1982-02-05T00:00:00,1,5,San Antonio,1981-1982
519,0028100520,0028100520,1610612760,1610612762,1982-02-06T00:00:00,5,0,Seattle,1981-1982
520,0028100521,0028100521,1610612737,1610612739,1982-02-06T00:00:00,4,2,Atlanta,1981-1982
521,0028100522,0028100522,1610612754,1610612742,1982-02-06T00:00:00,1,1,Tied,1981-1982
522,0028100523,0028100523,1610612765,1610612751,1982-02-06T00:00:00,2,4,New Jersey,1981-1982
523,0028100524,0028100524,1610612764,1610612743,1982-02-07T00:00:00,0,2,Denver,1981-1982
524,0028100525,0028100525,1610612749,1610612756,1982-02-07T00:00:00,1,1,Tied,1981-1982
525,0028100526,0028100526,1610612739,1610612751,1982-02-07T00:00:00,0,6,New Jersey,1981-1982
526,0028100527,0028100527,1610612760,1610612746,1982-02-07T00:00:00,5,1,Seattle,1981-1982
527,0028100528,0028100528,1610612744,1610612759,1982-02-07T00:00:00,3,2,Golden State,1981-1982
528,0028100529,0028100529,1610612758,1610612745,1982-02-07T00:00:00,3,3,Tied,1981-1982
529,0028100530,0028100530,1610612755,1610612741,1982-02-07T00:00:00,5,1,Philadelphia,1981-1982
530,0028100531,0028100531,1610612757,1610612752,1982-02-07T00:00:00,1,1,Tied,1981-1982
531,0028100532,0028100532,1610612738,1610612747,1982-02-07T00:00:00,1,1,Tied,1981-1982
532,0028100533,0028100533,1610612765,1610612741,1982-02-09T00:00:00,6,0,Detroit,1981-1982
533,0028100534,0028100534,1610612759,1610612764,1982-02-09T00:00:00,1,1,Tied,1981-1982
534,0028100535,0028100535,1610612762,1610612744,1982-02-09T00:00:00,2,3,Golden State,1981-1982
535,0028100536,0028100536,1610612737,1610612747,1982-02-09T00:00:00,0,2,L.A. Lakers,1981-1982
536,0028100537,0028100537,1610612754,1610612749,1982-02-09T00:00:00,0,6,Milwaukee,1981-1982
537,0028100538,0028100538,1610612746,1610612745,1982-02-09T00:00:00,1,4,Houston,1981-1982
538,0028100539,0028100539,1610612760,1610612752,1982-02-09T00:00:00,2,0,Seattle,1981-1982
539,0028100540,0028100540,1610612739,1610612757,1982-02-10T00:00:00,1,1,Tied,1981-1982
540,0028100541,0028100541,1610612741,1610612737,1982-02-10T00:00:00,3,2,Chicago,1981-1982
541,0028100542,0028100542,1610612758,1610612747,1982-02-10T00:00:00,1,4,L.A. Lakers,1981-1982
542,0028100543,0028100543,1610612742,1610612764,1982-02-10T00:00:00,1,1,Tied,1981-1982
543,0028100544,0028100544,1610612755,1610612754,1982-02-10T00:00:00,6,0,Philadelphia,1981-1982
544,0028100545,0028100545,1610612756,1610612738,1982-02-10T00:00:00,1,1,Tied,1981-1982
545,0028100546,0028100546,1610612751,1610612765,1982-02-10T00:00:00,4,2,New Jersey,1981-1982
546,0028100547,0028100547,1610612743,1610612762,1982-02-10T00:00:00,3,3,Tied,1981-1982
547,0028100548,0028100548,1610612745,1610612760,1982-02-11T00:00:00,2,3,Seattle,1981-1982
548,0028100549,0028100549,1610612765,1610612739,1982-02-11T00:00:00,5,1,Detroit,1981-1982
549,0028100550,0028100550,1610612752,1610612744,1982-02-11T00:00:00,1,1,Tied,1981-1982
550,0028100551,0028100551,1610612749,1610612757,1982-02-11T00:00:00,2,0,Milwaukee,1981-1982
551,0028100552,0028100552,1610612758,1610612762,1982-02-12T00:00:00,3,3,Tied,1981-1982
552,0028100553,0028100553,1610612756,1610612737,1982-02-12T00:00:00,1,1,Tied,1981-1982
553,0028100554,0028100554,1610612747,1610612759,1982-02-12T00:00:00,2,3,San Antonio,1981-1982
554,0028100555,0028100555,1610612751,1610612744,1982-02-12T00:00:00,1,1,Tied,1981-1982
555,0028100556,0028100556,1610612742,1610612760,1982-02-12T00:00:00,1,4,Seattle,1981-1982
556,0028100557,0028100557,1610612746,1610612738,1982-02-12T00:00:00,0,2,Boston,1981-1982
557,0028100558,0028100558,1610612739,1610612754,1982-02-13T00:00:00,1,5,Indiana,1981-1982
558,0028100559,0028100559,1610612765,1610612757,1982-02-13T00:00:00,0,2,Portland,1981-1982
559,0028100560,0028100560,1610612752,1610612755,1982-02-13T00:00:00,1,5,Philadelphia,1981-1982
560,0028100561,0028100561,1610612743,1610612746,1982-02-13T00:00:00,5,0,Denver,1981-1982
561,0028100562,0028100562,1610612745,1610612764,1982-02-13T00:00:00,2,0,Houston,1981-1982
562,0028100563,0028100563,1610612762,1610612756,1982-02-13T00:00:00,2,3,Phoenix,1981-1982
563,0028100564,0028100564,1610612741,1610612749,1982-02-13T00:00:00,1,5,Milwaukee,1981-1982
564,0028100565,0028100565,1610612747,1610612738,1982-02-14T00:00:00,1,1,Tied,1981-1982
565,0028100566,0028100566,1610612739,1610612749,1982-02-14T00:00:00,0,6,Milwaukee,1981-1982
566,0028100567,0028100567,1610612755,1610612752,1982-02-14T00:00:00,5,1,Philadelphia,1981-1982
567,0028100568,0028100568,1610612754,1610612757,1982-02-14T00:00:00,1,1,Tied,1981-1982
568,0028100569,0028100569,1610612759,1610612760,1982-02-14T00:00:00,4,1,San Antonio,1981-1982
569,0028100570,0028100570,1610612751,1610612742,1982-02-14T00:00:00,0,2,Dallas,1981-1982
570,0028100571,0028100571,1610612758,1610612744,1982-02-14T00:00:00,2,3,Golden State,1981-1982
571,0028100572,0028100572,1610612762,1610612743,1982-02-15T00:00:00,3,3,Tied,1981-1982
572,0028100573,0028100573,1610612757,1610612764,1982-02-16T00:00:00,0,2,Washington,1981-1982
573,0028100574,0028100574,1610612746,1610612737,1982-02-16T00:00:00,1,1,Tied,1981-1982
574,0028100575,0028100575,1610612741,1610612756,1982-02-16T00:00:00,0,2,Phoenix,1981-1982
575,0028100576,0028100576,1610612765,1610612745,1982-02-16T00:00:00,2,0,Detroit,1981-1982
576,0028100577,0028100577,1610612752,1610612742,1982-02-16T00:00:00,1,1,Tied,1981-1982
577,0028100578,0028100578,1610612743,1610612758,1982-02-16T00:00:00,4,2,Denver,1981-1982
578,0028100579,0028100579,1610612747,1610612760,1982-02-16T00:00:00,4,2,L.A. Lakers,1981-1982
579,0028100580,0028100580,1610612758,1610612756,1982-02-17T00:00:00,2,3,Phoenix,1981-1982
580,0028100581,0028100581,1610612759,1610612765,1982-02-17T00:00:00,2,0,San Antonio,1981-1982
581,0028100582,0028100582,1610612744,1610612738,1982-02-17T00:00:00,1,1,Tied,1981-1982
582,0028100583,0028100583,1610612751,1610612741,1982-02-17T00:00:00,4,2,New Jersey,1981-1982
583,0028100584,0028100584,1610612755,1610612742,1982-02-17T00:00:00,2,0,Philadelphia,1981-1982
584,0028100585,0028100585,1610612739,1610612745,1982-02-17T00:00:00,1,1,Tied,1981-1982
585,0028100586,0028100586,1610612749,1610612754,1982-02-17T00:00:00,6,0,Milwaukee,1981-1982
586,0028100587,0028100587,1610612762,1610612737,1982-02-17T00:00:00,0,2,Atlanta,1981-1982
587,0028100588,0028100588,1610612760,1610612764,1982-02-18T00:00:00,1,1,Tied,1981-1982
588,0028100589,0028100589,1610612754,1610612746,1982-02-18T00:00:00,2,0,Indiana,1981-1982
589,0028100590,0028100590,1610612757,1610612738,1982-02-19T00:00:00,1,1,Tied,1981-1982
590,0028100591,0028100591,1610612752,1610612756,1982-02-19T00:00:00,0,2,Phoenix,1981-1982
591,0028100592,0028100592,1610612760,1610612737,1982-02-19T00:00:00,1,1,Tied,1981-1982
592,0028100593,0028100593,1610612747,1610612744,1982-02-19T00:00:00,3,3,Tied,1981-1982
593,0028100594,0028100594,1610612751,1610612745,1982-02-19T00:00:00,1,1,Tied,1981-1982
594,0028100595,0028100595,1610612755,1610612762,1982-02-19T00:00:00,2,0,Philadelphia,1981-1982
595,0028100596,0028100596,1610612749,1610612739,1982-02-19T00:00:00,6,0,Milwaukee,1981-1982
596,0028100597,0028100597,1610612743,1610612759,1982-02-19T00:00:00,2,4,San Antonio,1981-1982
597,0028100598,0028100598,1610612758,1610612746,1982-02-19T00:00:00,4,1,Kansas City,1981-1982
598,0028100599,0028100599,1610612759,1610612746,1982-02-20T00:00:00,3,2,San Antonio,1981-1982
599,0028100600,0028100600,1610612744,1610612764,1982-02-20T00:00:00,1,1,Tied,1981-1982
600,0028100601,0028100601,1610612751,1610612762,1982-02-20T00:00:00,2,0,New Jersey,1981-1982
601,0028100602,0028100602,1610612739,1610612742,1982-02-20T00:00:00,2,0,Cleveland,1981-1982
602,0028100603,0028100603,1610612765,1610612754,1982-02-20T00:00:00,2,4,Indiana,1981-1982
603,0028100604,0028100604,1610612760,1610612738,1982-02-21T00:00:00,2,0,Seattle,1981-1982
604,0028100605,0028100605,1610612752,1610612745,1982-02-21T00:00:00,1,1,Tied,1981-1982
605,0028100606,0028100606,1610612741,1610612742,1982-02-21T00:00:00,1,1,Tied,1981-1982
606,0028100607,0028100607,1610612757,1610612737,1982-02-21T00:00:00,0,2,Atlanta,1981-1982
607,0028100608,0028100608,1610612754,1610612751,1982-02-21T00:00:00,4,2,Indiana,1981-1982
608,0028100609,0028100609,1610612755,1610612756,1982-02-21T00:00:00,1,1,Tied,1981-1982
609,0028100610,0028100610,1610612743,1610612747,1982-02-21T00:00:00,1,4,L.A. Lakers,1981-1982
610,0028100611,0028100611,1610612758,1610612749,1982-02-21T00:00:00,1,1,Tied,1981-1982
611,0028100612,0028100612,1610612737,1610612758,1982-02-23T00:00:00,1,1,Tied,1981-1982
612,0028100613,0028100613,1610612741,1610612757,1982-02-23T00:00:00,1,1,Tied,1981-1982
613,0028100614,0028100614,1610612747,1610612743,1982-02-23T00:00:00,4,1,L.A. Lakers,1981-1982
614,0028100615,0028100615,1610612752,1610612749,1982-02-23T00:00:00,3,3,Tied,1981-1982
615,0028100616,0028100616,1610612745,1610612742,1982-02-23T00:00:00,4,2,Houston,1981-1982
616,0028100617,0028100617,1610612759,1610612744,1982-02-23T00:00:00,2,3,Golden State,1981-1982
617,0028100618,0028100618,1610612764,1610612762,1982-02-23T00:00:00,1,1,Tied,1981-1982
618,0028100619,0028100619,1610612746,1610612755,1982-02-23T00:00:00,0,2,Philadelphia,1981-1982
619,0028100620,0028100620,1610612738,1610612762,1982-02-24T00:00:00,2,0,Boston,1981-1982
620,0028100621,0028100621,1610612758,1610612757,1982-02-24T00:00:00,0,5,Portland,1981-1982
621,0028100622,0028100622,1610612756,1610612739,1982-02-24T00:00:00,2,0,Phoenix,1981-1982
622,0028100623,0028100623,1610612754,1610612752,1982-02-24T00:00:00,3,2,Indiana,1981-1982
623,0028100624,0028100624,1610612743,1610612745,1982-02-24T00:00:00,5,1,Denver,1981-1982
624,0028100625,0028100625,1610612751,1610612749,1982-02-24T00:00:00,1,4,Milwaukee,1981-1982
625,0028100626,0028100626,1610612760,1610612747,1982-02-25T00:00:00,2,4,L.A. Lakers,1981-1982
626,0028100627,0028100627,1610612742,1610612744,1982-02-25T00:00:00,0,5,Golden State,1981-1982
627,0028100628,0028100628,1610612765,1610612759,1982-02-25T00:00:00,0,2,San Antonio,1981-1982
628,0028100629,0028100629,1610612756,1610612743,1982-02-26T00:00:00,3,2,Phoenix,1981-1982
629,0028100630,0028100630,1610612764,1610612758,1982-02-26T00:00:00,2,0,Washington,1981-1982
630,0028100631,0028100631,1610612762,1610612760,1982-02-26T00:00:00,0,5,Seattle,1981-1982
631,0028100632,0028100632,1610612747,1610612755,1982-02-26T00:00:00,1,1,Tied,1981-1982
632,0028100633,0028100633,1610612738,1610612746,1982-02-26T00:00:00,2,0,Boston,1981-1982
633,0028100634,0028100634,1610612737,1610612741,1982-02-26T00:00:00,2,3,Chicago,1981-1982
634,0028100635,0028100635,1610612751,1610612757,1982-02-26T00:00:00,1,1,Tied,1981-1982
635,0028100636,0028100636,1610612745,1610612744,1982-02-26T00:00:00,4,1,Houston,1981-1982
636,0028100637,0028100637,1610612754,1610612759,1982-02-26T00:00:00,2,0,Indiana,1981-1982
637,0028100638,0028100638,1610612742,1610612745,1982-02-27T00:00:00,2,4,Houston,1981-1982
638,0028100639,0028100639,1610612752,1610612757,1982-02-27T00:00:00,1,1,Tied,1981-1982
639,0028100640,0028100640,1610612743,1610612755,1982-02-27T00:00:00,1,1,Tied,1981-1982
640,0028100641,0028100641,1610612765,1610612758,1982-02-27T00:00:00,2,0,Detroit,1981-1982
641,0028100642,0028100642,1610612754,1610612765,1982-02-28T00:00:00,4,2,Indiana,1981-1982
642,0028100643,0028100643,1610612737,1610612744,1982-02-28T00:00:00,0,2,Golden State,1981-1982
643,0028100644,0028100644,1610612741,1610612759,1982-02-28T00:00:00,1,1,Tied,1981-1982
644,0028100645,0028100645,1610612760,1610612756,1982-02-28T00:00:00,3,3,Tied,1981-1982
645,0028100646,0028100646,1610612764,1610612752,1982-02-28T00:00:00,5,1,Washington,1981-1982
646,0028100647,0028100647,1610612747,1610612739,1982-02-28T00:00:00,2,0,L.A. Lakers,1981-1982
647,0028100648,0028100648,1610612738,1610612749,1982-02-28T00:00:00,3,3,Tied,1981-1982
648,0028100649,0028100649,1610612751,1610612746,1982-02-28T00:00:00,2,0,New Jersey,1981-1982
649,0028100650,0028100650,1610612762,1610612758,1982-03-02T00:00:00,3,3,Tied,1981-1982
650,0028100651,0028100651,1610612741,1610612755,1982-03-02T00:00:00,1,5,Philadelphia,1981-1982
651,0028100652,0028100652,1610612757,1610612756,1982-03-02T00:00:00,3,3,Tied,1981-1982
652,0028100653,0028100653,1610612743,1610612754,1982-03-02T00:00:00,0,2,Indiana,1981-1982
653,0028100654,0028100654,1610612764,1610612751,1982-03-02T00:00:00,2,4,New Jersey,1981-1982
654,0028100655,0028100655,1610612742,1610612738,1982-03-02T00:00:00,0,2,Boston,1981-1982
655,0028100656,0028100656,1610612749,1610612765,1982-03-02T00:00:00,4,2,Milwaukee,1981-1982
656,0028100657,0028100657,1610612745,1610612759,1982-03-02T00:00:00,3,3,Tied,1981-1982
657,0028100658,0028100658,1610612752,1610612746,1982-03-02T00:00:00,2,0,New York,1981-1982
658,0028100659,0028100659,1610612744,1610612739,1982-03-02T00:00:00,1,1,Tied,1981-1982
659,0028100660,0028100660,1610612751,1610612747,1982-03-03T00:00:00,1,1,Tied,1981-1982
660,0028100661,0028100661,1610612760,1610612739,1982-03-03T00:00:00,2,0,Seattle,1981-1982
661,0028100662,0028100662,1610612758,1610612754,1982-03-03T00:00:00,1,1,Tied,1981-1982
662,0028100663,0028100663,1610612737,1610612749,1982-03-03T00:00:00,3,3,Tied,1981-1982
663,0028100664,0028100664,1610612756,1610612762,1982-03-03T00:00:00,3,2,Phoenix,1981-1982
664,0028100665,0028100665,1610612755,1610612746,1982-03-03T00:00:00,2,0,Philadelphia,1981-1982
665,0028100666,0028100666,1610612752,1610612747,1982-03-04T00:00:00,2,0,New York,1981-1982
666,0028100667,0028100667,1610612765,1610612741,1982-03-04T00:00:00,6,0,Detroit,1981-1982
667,0028100668,0028100668,1610612762,1610612745,1982-03-04T00:00:00,0,6,Houston,1981-1982
668,0028100669,0028100669,1610612759,1610612738,1982-03-04T00:00:00,0,2,Boston,1981-1982
669,0028100670,0028100670,1610612744,1610612742,1982-03-04T00:00:00,5,0,Golden State,1981-1982
670,0028100671,0028100671,1610612756,1610612758,1982-03-05T00:00:00,3,2,Phoenix,1981-1982
671,0028100672,0028100672,1610612743,1610612764,1982-03-05T00:00:00,2,0,Denver,1981-1982
672,0028100673,0028100673,1610612745,1610612738,1982-03-05T00:00:00,1,1,Tied,1981-1982
673,0028100674,0028100674,1610612757,1610612739,1982-03-05T00:00:00,1,1,Tied,1981-1982
674,0028100675,0028100675,1610612741,1610612751,1982-03-05T00:00:00,2,4,New Jersey,1981-1982
675,0028100676,0028100676,1610612760,1610612742,1982-03-05T00:00:00,4,1,Seattle,1981-1982
676,0028100677,0028100677,1610612746,1610612744,1982-03-05T00:00:00,1,5,Golden State,1981-1982
677,0028100678,0028100678,1610612755,1610612737,1982-03-05T00:00:00,3,3,Tied,1981-1982
678,0028100679,0028100679,1610612759,1610612749,1982-03-06T00:00:00,1,1,Tied,1981-1982
679,0028100680,0028100680,1610612737,1610612751,1982-03-06T00:00:00,3,2,Atlanta,1981-1982
680,0028100681,0028100681,1610612762,1610612764,1982-03-06T00:00:00,1,1,Tied,1981-1982
681,0028100682,0028100682,1610612752,1610612765,1982-03-06T00:00:00,3,3,Tied,1981-1982
682,0028100683,0028100683,1610612743,1610612739,1982-03-07T00:00:00,2,0,Denver,1981-1982
683,0028100684,0028100684,1610612744,1610612757,1982-03-07T00:00:00,2,4,Portland,1981-1982
684,0028100685,0028100685,1610612760,1610612746,1982-03-07T00:00:00,5,1,Seattle,1981-1982
685,0028100686,0028100686,1610612738,1610612752,1982-03-07T00:00:00,5,1,Boston,1981-1982
686,0028100687,0028100687,1610612758,1610612741,1982-03-07T00:00:00,1,1,Tied,1981-1982
687,0028100688,0028100688,1610612742,1610612754,1982-03-07T00:00:00,1,1,Tied,1981-1982
688,0028100689,0028100689,1610612756,1610612745,1982-03-07T00:00:00,2,3,Houston,1981-1982
689,0028100690,0028100690,1610612755,1610612747,1982-03-07T00:00:00,1,1,Tied,1981-1982
690,0028100691,0028100691,1610612765,1610612738,1982-03-08T00:00:00,0,6,Boston,1981-1982
691,0028100692,0028100692,1610612759,1610612742,1982-03-08T00:00:00,5,1,San Antonio,1981-1982
692,0028100693,0028100693,1610612737,1610612749,1982-03-08T00:00:00,3,3,Tied,1981-1982
693,0028100694,0028100694,1610612754,1610612744,1982-03-09T00:00:00,0,2,Golden State,1981-1982
694,0028100695,0028100695,1610612747,1610612758,1982-03-09T00:00:00,4,1,L.A. Lakers,1981-1982
695,0028100696,0028100696,1610612764,1610612756,1982-03-09T00:00:00,1,1,Tied,1981-1982
696,0028100697,0028100697,1610612737,1610612743,1982-03-09T00:00:00,1,1,Tied,1981-1982
697,0028100698,0028100698,1610612746,1610612759,1982-03-09T00:00:00,2,3,San Antonio,1981-1982
698,0028100699,0028100699,1610612741,1610612760,1982-03-09T00:00:00,1,1,Tied,1981-1982
699,0028100700,0028100700,1610612752,1610612762,1982-03-09T00:00:00,2,0,New York,1981-1982
700,0028100701,0028100701,1610612745,1610612749,1982-03-09T00:00:00,1,1,Tied,1981-1982
701,0028100702,0028100702,1610612738,1610612754,1982-03-10T00:00:00,4,1,Boston,1981-1982
702,0028100703,0028100703,1610612765,1610612743,1982-03-10T00:00:00,1,1,Tied,1981-1982
703,0028100704,0028100704,1610612751,1610612756,1982-03-10T00:00:00,2,0,New Jersey,1981-1982
704,0028100705,0028100705,1610612755,1610612744,1982-03-10T00:00:00,2,0,Philadelphia,1981-1982
705,0028100706,0028100706,1610612749,1610612741,1982-03-10T00:00:00,5,1,Milwaukee,1981-1982
706,0028100707,0028100707,1610612742,1610612757,1982-03-10T00:00:00,2,3,Portland,1981-1982
707,0028100708,0028100708,1610612746,1610612758,1982-03-11T00:00:00,1,4,Kansas City,1981-1982
708,0028100709,0028100709,1610612739,1610612756,1982-03-11T00:00:00,0,2,Phoenix,1981-1982
709,0028100710,0028100710,1610612737,1610612762,1982-03-11T00:00:00,2,0,Atlanta,1981-1982
710,0028100711,0028100711,1610612751,1610612738,1982-03-12T00:00:00,1,5,Boston,1981-1982
711,0028100712,0028100712,1610612765,1610612744,1982-03-12T00:00:00,2,0,Detroit,1981-1982
712,0028100713,0028100713,1610612764,1610612754,1982-03-12T00:00:00,5,1,Washington,1981-1982
713,0028100714,0028100714,1610612745,1610612743,1982-03-12T00:00:00,1,5,Denver,1981-1982
714,0028100715,0028100715,1610612747,1610612741,1982-03-12T00:00:00,0,2,Chicago,1981-1982
715,0028100716,0028100716,1610612749,1610612760,1982-03-12T00:00:00,0,2,Seattle,1981-1982
716,0028100717,0028100717,1610612759,1610612757,1982-03-12T00:00:00,2,3,Portland,1981-1982
717,0028100718,0028100718,1610612752,1610612764,1982-03-13T00:00:00,1,5,Washington,1981-1982
718,0028100719,0028100719,1610612739,1610612762,1982-03-13T00:00:00,2,0,Cleveland,1981-1982
719,0028100720,0028100720,1610612737,1610612754,1982-03-13T00:00:00,4,2,Atlanta,1981-1982
720,0028100721,0028100721,1610612746,1610612742,1982-03-13T00:00:00,3,2,San Diego,1981-1982
721,0028100722,0028100722,1610612745,1610612757,1982-03-13T00:00:00,4,1,Houston,1981-1982
722,0028100723,0028100723,1610612747,1610612742,1982-03-14T00:00:00,4,1,L.A. Lakers,1981-1982
723,0028100724,0028100724,1610612758,1610612755,1982-03-14T00:00:00,0,2,Philadelphia,1981-1982
724,0028100725,0028100725,1610612764,1610612737,1982-03-14T00:00:00,4,2,Washington,1981-1982
725,0028100726,0028100726,1610612759,1610612741,1982-03-14T00:00:00,1,1,Tied,1981-1982
726,0028100727,0028100727,1610612738,1610612756,1982-03-14T00:00:00,1,1,Tied,1981-1982
727,0028100728,0028100728,1610612749,1610612762,1982-03-14T00:00:00,2,0,Milwaukee,1981-1982
728,0028100729,0028100729,1610612739,1610612765,1982-03-14T00:00:00,1,5,Detroit,1981-1982
729,0028100730,0028100730,1610612743,1610612744,1982-03-14T00:00:00,3,2,Denver,1981-1982
730,0028100731,0028100731,1610612751,1610612760,1982-03-14T00:00:00,0,2,Seattle,1981-1982
731,0028100732,0028100732,1610612749,1610612755,1982-03-16T00:00:00,4,2,Milwaukee,1981-1982
732,0028100733,0028100733,1610612764,1610612738,1982-03-16T00:00:00,0,6,Boston,1981-1982
733,0028100734,0028100734,1610612752,1610612759,1982-03-16T00:00:00,0,2,San Antonio,1981-1982
734,0028100735,0028100735,1610612765,1610612746,1982-03-16T00:00:00,2,0,Detroit,1981-1982
735,0028100736,0028100736,1610612743,1610612762,1982-03-16T00:00:00,3,3,Tied,1981-1982
736,0028100737,0028100737,1610612757,1610612747,1982-03-16T00:00:00,1,5,L.A. Lakers,1981-1982
737,0028100738,0028100738,1610612754,1610612760,1982-03-16T00:00:00,1,1,Tied,1981-1982
738,0028100739,0028100739,1610612745,1610612756,1982-03-16T00:00:00,3,2,Houston,1981-1982
739,0028100740,0028100740,1610612744,1610612758,1982-03-17T00:00:00,3,2,Golden State,1981-1982
740,0028100741,0028100741,1610612756,1610612743,1982-03-17T00:00:00,3,2,Phoenix,1981-1982
741,0028100742,0028100742,1610612751,1610612759,1982-03-17T00:00:00,1,1,Tied,1981-1982
742,0028100743,0028100743,1610612742,1610612741,1982-03-17T00:00:00,1,1,Tied,1981-1982
743,0028100744,0028100744,1610612762,1610612747,1982-03-17T00:00:00,0,5,L.A. Lakers,1981-1982
744,0028100745,0028100745,1610612755,1610612764,1982-03-17T00:00:00,6,0,Philadelphia,1981-1982
745,0028100746,0028100746,1610612739,1610612746,1982-03-17T00:00:00,1,1,Tied,1981-1982
746,0028100747,0028100747,1610612738,1610612737,1982-03-17T00:00:00,5,1,Boston,1981-1982
747,0028100748,0028100748,1610612757,1610612744,1982-03-18T00:00:00,4,2,Portland,1981-1982
748,0028100749,0028100749,1610612765,1610612760,1982-03-18T00:00:00,1,1,Tied,1981-1982
749,0028100750,0028100750,1610612737,1610612745,1982-03-18T00:00:00,2,0,Atlanta,1981-1982
750,0028100751,0028100751,1610612738,1610612759,1982-03-19T00:00:00,2,0,Boston,1981-1982
751,0028100752,0028100752,1610612749,1610612739,1982-03-19T00:00:00,6,0,Milwaukee,1981-1982
752,0028100753,0028100753,1610612745,1610612765,1982-03-19T00:00:00,0,2,Detroit,1981-1982
753,0028100754,0028100754,1610612764,1610612746,1982-03-19T00:00:00,2,0,Washington,1981-1982
754,0028100755,0028100755,1610612742,1610612747,1982-03-19T00:00:00,1,4,L.A. Lakers,1981-1982
755,0028100756,0028100756,1610612743,1610612741,1982-03-19T00:00:00,1,1,Tied,1981-1982
756,0028100757,0028100757,1610612758,1610612760,1982-03-19T00:00:00,2,3,Seattle,1981-1982
757,0028100758,0028100758,1610612762,1610612757,1982-03-19T00:00:00,1,4,Portland,1981-1982
758,0028100759,0028100759,1610612755,1610612754,1982-03-19T00:00:00,6,0,Philadelphia,1981-1982
759,0028100760,0028100760,1610612739,1610612759,1982-03-20T00:00:00,0,2,San Antonio,1981-1982
760,0028100761,0028100761,1610612754,1610612751,1982-03-20T00:00:00,4,2,Indiana,1981-1982
761,0028100762,0028100762,1610612752,1610612737,1982-03-20T00:00:00,1,5,Atlanta,1981-1982
762,0028100763,0028100763,1610612739,1610612741,1982-03-21T00:00:00,1,5,Chicago,1981-1982
763,0028100764,0028100764,1610612744,1610612762,1982-03-21T00:00:00,3,2,Golden State,1981-1982
764,0028100765,0028100765,1610612737,1610612765,1982-03-21T00:00:00,2,4,Detroit,1981-1982
765,0028100766,0028100766,1610612747,1610612745,1982-03-21T00:00:00,4,1,L.A. Lakers,1981-1982
766,0028100767,0028100767,1610612749,1610612751,1982-03-21T00:00:00,4,1,Milwaukee,1981-1982
767,0028100768,0028100768,1610612755,1610612738,1982-03-21T00:00:00,2,4,Boston,1981-1982
768,0028100769,0028100769,1610612756,1610612760,1982-03-21T00:00:00,3,3,Tied,1981-1982
769,0028100770,0028100770,1610612764,1610612752,1982-03-21T00:00:00,5,1,Washington,1981-1982
770,0028100771,0028100771,1610612758,1610612746,1982-03-21T00:00:00,4,1,Kansas City,1981-1982
771,0028100772,0028100772,1610612757,1610612742,1982-03-21T00:00:00,3,2,Portland,1981-1982
772,0028100773,0028100773,1610612744,1610612756,1982-03-23T00:00:00,4,2,Golden State,1981-1982
773,0028100774,0028100774,1610612737,1610612764,1982-03-23T00:00:00,2,4,Washington,1981-1982
774,0028100775,0028100775,1610612762,1610612745,1982-03-23T00:00:00,0,6,Houston,1981-1982
775,0028100776,0028100776,1610612752,1610612739,1982-03-23T00:00:00,6,0,New York,1981-1982
776,0028100777,0028100777,1610612757,1610612749,1982-03-23T00:00:00,0,2,Milwaukee,1981-1982
777,0028100778,0028100778,1610612741,1610612738,1982-03-23T00:00:00,2,4,Boston,1981-1982
778,0028100779,0028100779,1610612747,1610612742,1982-03-23T00:00:00,4,1,L.A. Lakers,1981-1982
779,0028100780,0028100780,1610612759,1610612746,1982-03-23T00:00:00,3,2,San Antonio,1981-1982
780,0028100781,0028100781,1610612756,1610612742,1982-03-24T00:00:00,3,2,Phoenix,1981-1982
781,0028100782,0028100782,1610612760,1610612749,1982-03-24T00:00:00,2,0,Seattle,1981-1982
782,0028100783,0028100783,1610612755,1610612751,1982-03-24T00:00:00,3,3,Tied,1981-1982
783,0028100784,0028100784,1610612738,1610612739,1982-03-24T00:00:00,5,0,Boston,1981-1982
784,0028100785,0028100785,1610612754,1610612764,1982-03-24T00:00:00,1,5,Washington,1981-1982
785,0028100786,0028100786,1610612758,1610612737,1982-03-24T00:00:00,1,1,Tied,1981-1982
786,0028100787,0028100787,1610612743,1610612759,1982-03-24T00:00:00,2,4,San Antonio,1981-1982
787,0028100788,0028100788,1610612762,1610612744,1982-03-25T00:00:00,2,3,Golden State,1981-1982
788,0028100789,0028100789,1610612757,1610612745,1982-03-25T00:00:00,1,4,Houston,1981-1982
789,0028100790,0028100790,1610612765,1610612755,1982-03-25T00:00:00,2,3,Philadelphia,1981-1982
790,0028100791,0028100791,1610612746,1610612743,1982-03-25T00:00:00,0,5,Denver,1981-1982
791,0028100792,0028100792,1610612764,1610612751,1982-03-26T00:00:00,2,4,New Jersey,1981-1982
792,0028100793,0028100793,1610612754,1610612737,1982-03-26T00:00:00,2,4,Atlanta,1981-1982
793,0028100794,0028100794,1610612756,1610612749,1982-03-26T00:00:00,1,1,Tied,1981-1982
794,0028100795,0028100795,1610612744,1610612757,1982-03-26T00:00:00,2,4,Portland,1981-1982
795,0028100796,0028100796,1610612742,1610612758,1982-03-26T00:00:00,4,2,Dallas,1981-1982
796,0028100797,0028100797,1610612739,1610612755,1982-03-26T00:00:00,0,5,Philadelphia,1981-1982
797,0028100798,0028100798,1610612741,1610612752,1982-03-26T00:00:00,3,2,Chicago,1981-1982
798,0028100799,0028100799,1610612738,1610612765,1982-03-26T00:00:00,6,0,Boston,1981-1982
799,0028100800,0028100800,1610612760,1610612745,1982-03-26T00:00:00,3,2,Seattle,1981-1982
800,0028100801,0028100801,1610612759,1610612747,1982-03-26T00:00:00,3,2,San Antonio,1981-1982
801,0028100802,0028100802,1610612742,1610612737,1982-03-27T00:00:00,1,1,Tied,1981-1982
802,0028100803,0028100803,1610612746,1610612749,1982-03-27T00:00:00,0,2,Milwaukee,1981-1982
803,0028100804,0028100804,1610612743,1610612756,1982-03-27T00:00:00,2,3,Phoenix,1981-1982
804,0028100805,0028100805,1610612751,1610612765,1982-03-27T00:00:00,4,2,New Jersey,1981-1982
805,0028100806,0028100806,1610612762,1610612759,1982-03-27T00:00:00,3,3,Tied,1981-1982
806,0028100807,0028100807,1610612751,1610612752,1982-03-28T00:00:00,4,2,New Jersey,1981-1982
807,0028100808,0028100808,1610612758,1610612747,1982-03-28T00:00:00,1,4,L.A. Lakers,1981-1982
808,0028100809,0028100809,1610612739,1610612764,1982-03-28T00:00:00,1,5,Washington,1981-1982
809,0028100810,0028100810,1610612744,1610612745,1982-03-28T00:00:00,1,4,Houston,1981-1982
810,0028100811,0028100811,1610612738,1610612755,1982-03-28T00:00:00,4,2,Boston,1981-1982
811,0028100812,0028100812,1610612760,1610612757,1982-03-28T00:00:00,3,3,Tied,1981-1982
812,0028100813,0028100813,1610612754,1610612741,1982-03-28T00:00:00,3,3,Tied,1981-1982
813,0028100814,0028100814,1610612762,1610612756,1982-03-29T00:00:00,2,3,Phoenix,1981-1982
814,0028100815,0028100815,1610612747,1610612746,1982-03-30T00:00:00,5,1,L.A. Lakers,1981-1982
815,0028100816,0028100816,1610612743,1610612760,1982-03-30T00:00:00,2,3,Seattle,1981-1982
816,0028100817,0028100817,1610612749,1610612755,1982-03-30T00:00:00,4,2,Milwaukee,1981-1982
817,0028100818,0028100818,1610612764,1610612765,1982-03-30T00:00:00,4,1,Washington,1981-1982
818,0028100819,0028100819,1610612759,1610612744,1982-03-30T00:00:00,2,3,Golden State,1981-1982
819,0028100820,0028100820,1610612752,1610612754,1982-03-30T00:00:00,2,3,Indiana,1981-1982
820,0028100821,0028100821,1610612757,1610612758,1982-03-30T00:00:00,5,0,Portland,1981-1982
821,0028100822,0028100822,1610612741,1610612737,1982-03-30T00:00:00,3,2,Chicago,1981-1982
822,0028100823,0028100823,1610612745,1610612742,1982-03-30T00:00:00,4,2,Houston,1981-1982
823,0028100824,0028100824,1610612754,1610612765,1982-03-31T00:00:00,4,2,Indiana,1981-1982
824,0028100825,0028100825,1610612760,1610612758,1982-03-31T00:00:00,3,2,Seattle,1981-1982
825,0028100826,0028100826,1610612738,1610612764,1982-03-31T00:00:00,6,0,Boston,1981-1982
826,0028100827,0028100827,1610612755,1610612741,1982-03-31T00:00:00,5,1,Philadelphia,1981-1982
827,0028100828,0028100828,1610612751,1610612739,1982-03-31T00:00:00,6,0,New Jersey,1981-1982
828,0028100829,0028100829,1610612756,1610612746,1982-03-31T00:00:00,4,2,Phoenix,1981-1982
829,0028100830,0028100830,1610612742,1610612743,1982-03-31T00:00:00,1,5,Denver,1981-1982
830,0028100831,0028100831,1610612749,1610612737,1982-04-01T00:00:00,3,3,Tied,1981-1982
831,0028100832,0028100832,1610612765,1610612742,1982-04-01T00:00:00,1,1,Tied,1981-1982
832,0028100833,0028100833,1610612757,1610612759,1982-04-01T00:00:00,3,2,Portland,1981-1982
833,0028100834,0028100834,1610612752,1610612739,1982-04-01T00:00:00,6,0,New York,1981-1982
834,0028100835,0028100835,1610612746,1610612747,1982-04-01T00:00:00,1,5,L.A. Lakers,1981-1982
835,0028100836,0028100836,1610612745,1610612744,1982-04-01T00:00:00,4,1,Houston,1981-1982
836,0028100837,0028100837,1610612760,1610612759,1982-04-02T00:00:00,1,4,San Antonio,1981-1982
837,0028100838,0028100838,1610612737,1610612738,1982-04-02T00:00:00,1,5,Boston,1981-1982
838,0028100839,0028100839,1610612755,1610612739,1982-04-02T00:00:00,5,0,Philadelphia,1981-1982
839,0028100840,0028100840,1610612743,1610612757,1982-04-02T00:00:00,2,3,Portland,1981-1982
840,0028100841,0028100841,1610612741,1610612749,1982-04-02T00:00:00,1,5,Milwaukee,1981-1982
841,0028100842,0028100842,1610612762,1610612758,1982-04-02T00:00:00,3,3,Tied,1981-1982
842,0028100843,0028100843,1610612751,1610612764,1982-04-02T00:00:00,4,2,New Jersey,1981-1982
843,0028100844,0028100844,1610612747,1610612756,1982-04-02T00:00:00,4,2,L.A. Lakers,1981-1982
844,0028100845,0028100845,1610612746,1610612762,1982-04-03T00:00:00,1,4,Utah,1981-1982
845,0028100846,0028100846,1610612737,1610612764,1982-04-03T00:00:00,2,4,Washington,1981-1982
846,0028100847,0028100847,1610612765,1610612754,1982-04-03T00:00:00,2,4,Indiana,1981-1982
847,0028100848,0028100848,1610612742,1610612744,1982-04-03T00:00:00,0,5,Golden State,1981-1982
848,0028100849,0028100849,1610612738,1610612741,1982-04-04T00:00:00,4,2,Boston,1981-1982
849,0028100850,0028100850,1610612759,1610612745,1982-04-04T00:00:00,3,3,Tied,1981-1982
850,0028100851,0028100851,1610612760,1610612743,1982-04-04T00:00:00,3,2,Seattle,1981-1982
851,0028100852,0028100852,1610612739,1610612751,1982-04-04T00:00:00,0,6,New Jersey,1981-1982
852,0028100853,0028100853,1610612755,1610612752,1982-04-04T00:00:00,5,1,Philadelphia,1981-1982
853,0028100854,0028100854,1610612756,1610612758,1982-04-04T00:00:00,3,2,Phoenix,1981-1982
854,0028100855,0028100855,1610612747,1610612757,1982-04-04T00:00:00,5,1,L.A. Lakers,1981-1982
855,0028100856,0028100856,1610612749,1610612754,1982-04-04T00:00:00,6,0,Milwaukee,1981-1982
856,0028100857,0028100857,1610612746,1610612744,1982-04-06T00:00:00,1,5,Golden State,1981-1982
857,0028100858,0028100858,1610612762,1610612742,1982-04-06T00:00:00,3,3,Tied,1981-1982
858,0028100859,0028100859,1610612745,1610612747,1982-04-06T00:00:00,1,4,L.A. Lakers,1981-1982
859,0028100860,0028100860,1610612749,1610612738,1982-04-06T00:00:00,3,3,Tied,1981-1982
860,0028100861,0028100861,1610612760,1610612756,1982-04-06T00:00:00,3,3,Tied,1981-1982
861,0028100862,0028100862,1610612764,1610612739,1982-04-06T00:00:00,5,1,Washington,1981-1982
862,0028100863,0028100863,1610612741,1610612755,1982-04-06T00:00:00,1,5,Philadelphia,1981-1982
863,0028100864,0028100864,1610612757,1610612743,1982-04-06T00:00:00,3,2,Portland,1981-1982
864,0028100865,0028100865,1610612737,1610612752,1982-04-06T00:00:00,5,1,Atlanta,1981-1982
865,0028100866,0028100866,1610612754,1610612764,1982-04-07T00:00:00,1,5,Washington,1981-1982
866,0028100867,0028100867,1610612765,1610612737,1982-04-07T00:00:00,4,2,Detroit,1981-1982
867,0028100868,0028100868,1610612759,1610612758,1982-04-07T00:00:00,5,1,San Antonio,1981-1982
868,0028100869,0028100869,1610612744,1610612743,1982-04-07T00:00:00,2,3,Denver,1981-1982
869,0028100870,0028100870,1610612739,1610612741,1982-04-07T00:00:00,1,5,Chicago,1981-1982
870,0028100871,0028100871,1610612751,1610612755,1982-04-07T00:00:00,3,3,Tied,1981-1982
871,0028100872,0028100872,1610612742,1610612762,1982-04-07T00:00:00,3,3,Tied,1981-1982
872,0028100873,0028100873,1610612756,1610612757,1982-04-08T00:00:00,3,3,Tied,1981-1982
873,0028100874,0028100874,1610612746,1610612760,1982-04-08T00:00:00,1,5,Seattle,1981-1982
874,0028100875,0028100875,1610612752,1610612738,1982-04-08T00:00:00,1,5,Boston,1981-1982
875,0028100876,0028100876,1610612737,1610612755,1982-04-09T00:00:00,3,3,Tied,1981-1982
876,0028100877,0028100877,1610612758,1610612762,1982-04-09T00:00:00,3,3,Tied,1981-1982
877,0028100878,0028100878,1610612747,1610612743,1982-04-09T00:00:00,4,1,L.A. Lakers,1981-1982
878,0028100879,0028100879,1610612757,1610612746,1982-04-09T00:00:00,4,2,Portland,1981-1982
879,0028100880,0028100880,1610612765,1610612749,1982-04-09T00:00:00,2,4,Milwaukee,1981-1982
880,0028100881,0028100881,1610612742,1610612756,1982-04-09T00:00:00,2,3,Phoenix,1981-1982
881,0028100882,0028100882,1610612754,1610612739,1982-04-09T00:00:00,5,1,Indiana,1981-1982
882,0028100883,0028100883,1610612738,1610612751,1982-04-09T00:00:00,5,1,Boston,1981-1982
883,0028100884,0028100884,1610612741,1610612764,1982-04-09T00:00:00,2,4,Washington,1981-1982
884,0028100885,0028100885,1610612756,1610612760,1982-04-10T00:00:00,3,3,Tied,1981-1982
885,0028100886,0028100886,1610612745,1610612759,1982-04-10T00:00:00,3,3,Tied,1981-1982
886,0028100887,0028100887,1610612762,1610612743,1982-04-10T00:00:00,3,3,Tied,1981-1982
887,0028100888,0028100888,1610612739,1610612752,1982-04-10T00:00:00,0,6,New York,1981-1982
888,0028100889,0028100889,1610612744,1610612746,1982-04-10T00:00:00,5,1,Golden State,1981-1982
889,0028100890,0028100890,1610612764,1610612749,1982-04-10T00:00:00,2,3,Milwaukee,1981-1982
890,0028100891,0028100891,1610612751,1610612754,1982-04-10T00:00:00,2,4,Indiana,1981-1982
891,0028100892,0028100892,1610612747,1610612760,1982-04-11T00:00:00,4,2,L.A. Lakers,1981-1982
892,0028100893,0028100893,1610612758,1610612759,1982-04-11T00:00:00,1,5,San Antonio,1981-1982
893,0028100894,0028100894,1610612765,1610612752,1982-04-11T00:00:00,3,3,Tied,1981-1982
894,0028100895,0028100895,1610612757,1610612744,1982-04-11T00:00:00,4,2,Portland,1981-1982
895,0028100896,0028100896,1610612755,1610612738,1982-04-11T00:00:00,2,4,Boston,1981-1982
896,0028100897,0028100897,1610612742,1610612745,1982-04-11T00:00:00,2,4,Houston,1981-1982
897,0028100898,0028100898,1610612737,1610612741,1982-04-11T00:00:00,2,3,Chicago,1981-1982
898,0028100899,0028100899,1610612762,1610612746,1982-04-12T00:00:00,4,1,Utah,1981-1982
899,0028100900,0028100900,1610612760,1610612757,1982-04-13T00:00:00,3,3,Tied,1981-1982
900,0028100901,0028100901,1610612741,1610612738,1982-04-13T00:00:00,2,4,Boston,1981-1982
901,0028100902,0028100902,1610612749,1610612764,1982-04-13T00:00:00,3,2,Milwaukee,1981-1982
902,0028100903,0028100903,1610612754,1610612755,1982-04-13T00:00:00,0,6,Philadelphia,1981-1982
903,0028100904,0028100904,1610612746,1610612756,1982-04-13T00:00:00,2,4,Phoenix,1981-1982
904,0028100905,0028100905,1610612745,1610612758,1982-04-13T00:00:00,3,3,Tied,1981-1982
905,0028100906,0028100906,1610612739,1610612737,1982-04-13T00:00:00,2,4,Atlanta,1981-1982
906,0028100907,0028100907,1610612759,1610612743,1982-04-13T00:00:00,4,2,San Antonio,1981-1982
907,0028100908,0028100908,1610612744,1610612747,1982-04-13T00:00:00,3,3,Tied,1981-1982
908,0028100909,0028100909,1610612752,1610612751,1982-04-13T00:00:00,2,4,New Jersey,1981-1982
909,0028100910,0028100910,1610612751,1610612764,1982-04-14T00:00:00,4,2,New Jersey,1981-1982
910,0028100911,0028100911,1610612743,1610612745,1982-04-14T00:00:00,5,1,Denver,1981-1982
911,0028100912,0028100912,1610612758,1610612742,1982-04-14T00:00:00,2,4,Dallas,1981-1982
912,0028100913,0028100913,1610612755,1610612765,1982-04-14T00:00:00,3,2,Philadelphia,1981-1982
913,0028100914,0028100914,1610612738,1610612749,1982-04-14T00:00:00,3,3,Tied,1981-1982
914,0028100915,0028100915,1610612756,1610612759,1982-04-14T00:00:00,4,1,Phoenix,1981-1982
915,0028100916,0028100916,1610612752,1610612741,1982-04-14T00:00:00,2,3,Chicago,1981-1982
916,0028100917,0028100917,1610612760,1610612744,1982-04-14T00:00:00,5,1,Seattle,1981-1982
917,0028100918,0028100918,1610612747,1610612762,1982-04-14T00:00:00,5,0,L.A. Lakers,1981-1982
918,0028100919,0028100919,1610612746,1610612757,1982-04-15T00:00:00,2,4,Portland,1981-1982
919,0028100920,0028100920,1610612754,1610612737,1982-04-15T00:00:00,2,4,Atlanta,1981-1982
920,0028100921,0028100921,1610612765,1610612739,1982-04-15T00:00:00,5,1,Detroit,1981-1982
921,0028100922,0028100922,1610612757,1610612756,1982-04-16T00:00:00,3,3,Tied,1981-1982
922,0028100923,0028100923,1610612751,1610612738,1982-04-16T00:00:00,1,5,Boston,1981-1982
923,0028100924,0028100924,1610612742,1610612759,1982-04-16T00:00:00,1,5,San Antonio,1981-1982
924,0028100925,0028100925,1610612764,1610612755,1982-04-16T00:00:00,0,6,Philadelphia,1981-1982
925,0028100926,0028100926,1610612749,1610612752,1982-04-16T00:00:00,3,3,Tied,1981-1982
926,0028100927,0028100927,1610612741,1610612739,1982-04-16T00:00:00,5,1,Chicago,1981-1982
927,0028100928,0028100928,1610612758,1610612743,1982-04-16T00:00:00,2,4,Denver,1981-1982
928,0028100929,0028100929,1610612745,1610612762,1982-04-16T00:00:00,6,0,Houston,1981-1982
929,0028100930,0028100930,1610612737,1610612754,1982-04-16T00:00:00,4,2,Atlanta,1981-1982
930,0028100931,0028100931,1610612747,1610612744,1982-04-16T00:00:00,3,3,Tied,1981-1982
931,0028100932,0028100932,1610612765,1610612751,1982-04-17T00:00:00,2,4,New Jersey,1981-1982
932,0028100933,0028100933,1610612743,1610612742,1982-04-17T00:00:00,5,1,Denver,1981-1982
933,0028100934,0028100934,1610612744,1610612760,1982-04-17T00:00:00,1,5,Seattle,1981-1982
934,0028100935,0028100935,1610612755,1610612749,1982-04-18T00:00:00,2,4,Milwaukee,1981-1982
935,0028100936,0028100936,1610612741,1610612754,1982-04-18T00:00:00,3,3,Tied,1981-1982
936,0028100937,0028100937,1610612758,1610612745,1982-04-18T00:00:00,3,3,Tied,1981-1982
937,0028100938,0028100938,1610612764,1610612737,1982-04-18T00:00:00,4,2,Washington,1981-1982
938,0028100939,0028100939,1610612738,1610612752,1982-04-18T00:00:00,5,1,Boston,1981-1982
939,0028100940,0028100940,1610612739,1610612765,1982-04-18T00:00:00,1,5,Detroit,1981-1982
940,0028100941,0028100941,1610612759,1610612762,1982-04-18T00:00:00,3,3,Tied,1981-1982
941,0028100942,0028100942,1610612757,1610612760,1982-04-18T00:00:00,3,3,Tied,1981-1982
942,0028100943,0028100943,1610612756,1610612747,1982-04-18T00:00:00,2,4,L.A. Lakers,1981-1982
